"category_id","parameter_id","is_filter"
78,1844,true
37,1844,true
154,3416,true
342,3416,true
230,4020,true
62,3416,true
60,3570,true
22,3570,true
154,3570,true
325,3570,true
61,3570,true
86,3570,true
37,3570,true
154,3611,true
325,3611,true
20,3265,false
171,3265,false
121,3265,false
83,3266,false
221,3266,false
229,3266,false
83,3267,false
221,3267,false
229,3267,false
83,3268,false
229,3268,false
83,3269,false
221,3269,false
229,3269,false
154,3693,true
78,3733,true
154,3849,true
83,3271,false
221,3271,false
229,3271,false
61,3849,true
62,3849,true
37,3849,true
154,3856,true
62,3878,true
216,3277,false
216,3278,false
216,3279,false
154,3914,true
325,3914,true
61,3914,true
342,3914,true
86,3914,true
72,3914,true
191,3914,true
62,3914,true
78,3914,true
6,3914,true
37,3914,true
11,3961,true
154,3985,true
72,3985,true
61,3993,true
6,3993,true
86,3993,true
62,3993,true
342,4026,true
11,5961,true
37,5961,true
37,5962,true
325,5963,true
342,5963,true
78,5964,true
37,5965,true
6,5966,true
342,5967,true
37,5967,true
62,5968,true
37,5968,true
107,1818,true
108,1818,true
109,1834,true
113,1844,true
50,4020,true
172,4021,true
50,4022,true
152,4022,true
70,868,false
224,868,false
32,868,false
59,4023,true
50,4023,true
123,4024,true
17,4025,true
67,4105,true
83,3325,false
229,3325,false
160,4187,true
47,4187,true
174,4370,true
62,4370,true
42,4435,true
50,4437,true
152,4437,true
40,4460,true
20,3334,false
60,3334,false
228,3334,false
227,3334,false
20,3335,false
103,4721,true
185,4727,true
156,4894,true
157,4894,true
60,3336,false
228,3336,false
227,3336,false
109,4996,true
4,5071,true
124,5109,true
6,5165,true
57,5190,true
17,5190,true
2,5202,true
8,5250,true
169,5306,true
169,5313,true
169,5315,true
170,5330,true
50,5363,true
152,5363,true
67,5374,true
159,5374,true
174,5375,true
106,5446,true
50,5514,true
152,5514,true
207,3347,false
207,3348,false
207,3349,false
53,5514,true
50,5613,true
207,3350,false
14,3351,false
152,5613,true
50,5694,true
152,5694,true
17,5746,true
57,5746,true
32,5967,false
32,4026,false
32,5965,false
32,5962,false
32,5961,false
32,3985,false
2,5199,false
4,5799,true
125,5807,true
156,5809,true
157,5809,true
50,5821,true
152,5821,true
128,5828,true
218,3360,false
218,3361,false
218,3362,false
164,5841,true
42,5841,true
161,5841,true
109,5842,true
109,5849,true
124,5860,true
82,5902,true
110,5928,true
33,5962,true
57,5969,true
17,5969,true
57,5970,true
201,3369,false
199,3369,false
201,3370,false
199,3370,false
201,3371,false
199,3371,false
201,3372,false
199,3372,false
17,5970,true
57,5971,true
17,5971,true
17,5972,true
17,5973,true
3,5974,true
33,5974,true
3,5975,true
3,5976,true
3,5977,true
3,5978,true
3,5979,true
3,5980,true
3,5981,true
3,5982,true
2,5983,true
2,5984,true
115,185,false
227,185,false
2,5985,true
115,187,false
227,187,false
115,188,false
227,188,false
118,189,false
115,189,false
227,189,false
115,191,false
227,191,false
115,192,false
227,192,false
6,5988,true
6,5989,true
50,5990,true
152,5990,true
59,5991,true
150,5992,true
150,5993,true
172,5994,true
172,5995,true
172,5996,true
171,5997,true
107,5998,true
108,5998,true
111,5998,true
111,5999,true
117,6000,true
140,6001,true
46,6001,true
218,3392,false
51,6001,true
140,6002,true
46,6002,true
220,3393,false
220,3394,false
220,3395,false
220,3396,false
220,3397,false
51,6002,true
140,6003,true
53,6003,true
220,3399,false
46,6003,true
220,3400,false
51,6003,true
178,3402,false
178,3403,false
178,3404,false
140,6004,true
53,6004,true
46,6004,true
51,6004,true
140,6005,true
53,6005,true
46,6005,true
51,6005,true
128,6006,true
136,6006,true
160,6007,true
47,6007,true
228,3410,false
37,3410,false
227,3410,false
32,3410,false
50,6008,true
152,6008,true
50,6009,true
152,6009,true
228,3412,false
37,3412,false
227,3412,false
32,3412,false
228,3413,false
50,6010,true
152,6010,true
50,6011,true
37,3413,false
227,3413,false
32,3413,false
228,3414,false
37,3414,false
227,3414,false
32,3414,false
228,3415,false
37,3415,false
227,3415,false
228,3416,false
37,3416,false
227,3416,false
32,3416,false
228,3417,false
37,3417,false
227,3417,false
228,3418,false
37,3418,false
227,3418,false
32,3418,false
228,3419,false
37,3419,false
227,3419,false
32,3419,false
228,3420,false
37,3420,false
152,6011,true
50,6012,true
8,5986,false
152,6012,true
50,6013,true
152,6013,true
227,3420,false
50,6014,true
32,3420,false
228,3421,false
193,283,false
194,283,false
195,283,false
197,283,false
225,283,false
227,283,false
37,3421,false
227,3421,false
32,3421,false
228,3422,false
193,284,false
192,284,false
194,284,false
195,284,false
197,284,false
225,284,false
227,284,false
193,285,false
192,285,false
194,285,false
37,3422,false
227,3422,false
152,6014,true
50,6015,true
152,6015,true
50,6016,true
152,6016,true
50,6017,true
152,6017,true
50,6018,true
152,6018,true
50,6019,true
152,6019,true
50,6020,true
152,6020,true
129,6021,true
156,6021,true
158,6021,true
157,6021,true
156,6022,true
157,6022,true
156,6023,true
157,6023,true
156,6024,true
157,6024,true
156,6025,true
157,6025,true
156,6026,true
157,6026,true
156,6027,true
157,6027,true
156,6028,true
157,6028,true
156,6030,true
157,6030,true
87,6031,true
90,6031,true
89,6031,true
86,6031,true
84,6031,true
88,6031,true
98,6031,true
20,3445,false
87,6032,true
90,6032,true
89,6032,true
84,6032,true
88,6032,true
98,6032,true
20,3449,false
87,6033,true
20,3451,false
20,3452,false
22,3453,false
90,6033,true
89,6033,true
86,6033,true
10,3455,false
84,6033,true
88,6033,true
87,6034,true
90,6034,true
89,6034,true
84,6034,true
88,6034,true
87,6035,true
93,3462,false
96,3462,false
224,3462,false
90,6035,true
89,6035,true
86,6035,true
227,3462,false
95,3462,false
84,6035,true
88,6035,true
93,3463,false
224,3463,false
227,3463,false
39,6036,true
124,6036,true
93,3464,false
96,3464,false
224,3464,false
227,3464,false
124,6037,true
95,3464,false
39,6038,true
124,6038,true
124,6040,true
124,6041,true
33,3466,false
124,6042,true
39,6043,true
124,6043,true
124,6044,true
124,6045,true
124,6046,true
39,6047,true
70,3468,false
33,3468,false
224,3468,false
227,3468,false
32,3468,false
124,6047,true
222,19,false
33,3469,false
227,3469,false
32,3469,false
70,3470,false
33,3470,false
224,3470,false
227,3470,false
32,3470,false
70,3471,false
33,3471,false
224,3471,false
227,3471,false
32,3471,false
124,6048,true
11,19,false
69,3472,false
33,3472,false
124,6049,true
124,6050,true
222,20,false
124,6051,true
33,3473,false
227,3473,false
32,3473,false
124,6052,true
227,3474,false
32,3474,false
227,3475,false
32,3475,false
100,1871,false
70,3476,false
39,6053,true
224,3476,false
227,3476,false
32,3476,false
70,3477,false
33,3477,false
224,3477,false
227,3477,false
124,6053,true
32,3477,false
227,3478,false
32,3478,false
124,6054,true
33,3479,false
124,6055,true
125,6056,true
125,6057,true
33,3480,false
227,3480,false
32,3480,false
125,6058,true
125,6059,true
173,6059,true
21,34,false
125,6060,true
140,6061,true
51,6061,true
21,36,false
140,6062,true
51,6062,true
140,6063,true
51,6063,true
140,6064,true
46,6064,true
51,6064,true
118,6065,true
53,6065,true
140,6066,true
118,6066,true
53,6066,true
140,6067,true
118,6067,true
53,6067,true
118,6068,true
53,6068,true
118,6069,true
53,6069,true
118,6070,true
53,6070,true
140,6071,true
118,6071,true
53,6071,true
118,6072,true
53,6072,true
117,6073,true
221,50,false
117,6074,true
117,6075,true
117,6076,true
117,6077,true
117,6078,true
117,6079,true
229,50,false
17,6080,true
17,6081,true
160,6082,true
47,6082,true
219,3506,false
219,3507,false
160,6083,true
219,3508,false
47,6083,true
160,6084,true
160,6085,true
47,6085,true
160,6086,true
47,6086,true
169,6087,true
169,6088,true
169,6089,true
169,6090,true
227,57,false
71,3516,false
169,6091,true
169,6092,true
71,3517,false
71,3518,false
169,6093,true
71,3520,false
169,6094,true
71,3521,false
169,6095,true
169,6096,true
168,3522,false
164,6097,true
42,6097,true
161,6097,true
164,6098,true
42,6098,true
161,6098,true
164,6099,true
42,6099,true
161,6099,true
42,6100,true
161,6100,true
164,6102,true
42,6102,true
161,6102,true
172,6103,true
172,6104,true
172,6105,true
172,6106,true
174,6106,true
172,6107,true
129,6108,true
128,6108,true
130,6108,true
69,6108,true
129,6109,true
128,6109,true
130,6109,true
2,6110,true
2,6111,true
216,3534,false
57,6113,true
57,6116,true
57,6117,true
2,6120,true
2,6123,true
2,6124,true
484,69,true
2,6125,true
485,69,true
172,6126,true
378,69,true
193,6127,true
194,6127,true
193,6128,true
484,74,true
194,6129,true
2,6130,true
172,6132,true
503,74,true
2,6112,false
2,6119,false
2,6121,false
2,6122,false
172,6133,true
39,70,false
174,6133,true
124,70,false
501,74,true
35,6133,true
172,6134,true
71,3547,false
171,6136,true
171,6138,true
171,6139,true
159,6140,true
171,6141,true
171,6142,true
171,6143,true
171,6144,true
4,6145,true
4,6146,true
4,6147,true
24,6148,true
4,6148,true
74,6149,true
14,3554,false
73,6149,true
74,6150,true
227,3556,false
32,3556,false
73,6150,true
172,6151,true
61,6151,true
61,6152,true
227,74,false
172,6153,true
61,6153,true
172,6154,true
61,6154,true
67,6157,true
159,6157,true
67,6158,true
66,6158,true
67,6159,true
67,6160,true
107,6161,true
365,117,true
111,6161,true
107,6162,true
108,6162,true
107,6163,true
201,3566,false
199,3566,false
111,6163,true
426,119,true
378,119,true
107,6164,true
432,119,true
497,119,true
376,119,true
361,119,true
365,119,true
202,3569,false
205,3569,false
209,3569,false
108,6164,true
107,6165,true
108,6165,true
206,3569,false
107,6166,true
323,119,true
108,6166,true
324,119,true
107,6167,true
108,6167,true
107,6168,true
107,6169,true
108,6169,true
107,6170,true
108,6170,true
202,3571,false
202,3572,false
205,3572,false
209,3572,false
206,3572,false
219,3573,false
219,3574,false
219,3575,false
107,6171,true
219,3576,false
337,119,true
107,6172,true
108,6172,true
109,6173,true
109,6176,true
109,6177,true
40,6178,true
40,6179,true
40,6180,true
40,6181,true
40,6182,true
93,3581,false
224,3581,false
58,6183,true
58,6184,true
58,6185,true
58,6186,true
227,3581,false
414,119,true
171,6187,true
427,119,true
435,119,true
16,6188,true
16,6189,true
16,6190,true
16,6191,true
16,6192,true
16,6193,true
16,6194,true
16,6195,true
16,6196,true
16,6197,true
171,6198,true
174,6199,true
107,6201,true
108,6201,true
41,6202,true
41,6203,true
214,3593,false
277,119,true
41,6204,true
41,6205,true
41,6206,true
442,119,true
41,6207,true
174,6208,true
228,3598,false
174,6209,true
174,6210,true
174,6212,true
243,119,true
224,3598,false
124,3598,false
227,3598,false
39,3598,false
228,3599,false
224,3599,false
124,3599,false
227,3599,false
39,3599,false
15,6213,true
15,6214,true
224,3600,false
227,3600,false
422,119,true
39,3600,false
97,105,false
15,6215,true
15,6216,true
15,6217,true
15,6218,true
15,6219,true
15,6220,true
441,119,true
258,119,true
216,3603,false
216,3604,false
79,106,false
379,119,true
217,3606,false
215,3607,false
97,106,false
215,3608,false
80,106,false
227,106,false
15,6221,true
97,107,false
15,6222,true
335,119,true
227,3611,false
32,3611,false
185,6223,true
227,107,false
496,119,true
185,6224,true
185,6225,true
243,123,true
185,6226,true
496,123,true
185,6227,true
185,6228,true
186,6229,true
186,6230,true
186,6231,true
186,6232,true
186,6233,true
186,6234,true
227,109,false
186,6235,true
69,3619,false
224,3619,false
69,3620,false
224,3620,false
79,111,false
187,6236,true
80,111,false
227,111,false
187,6237,true
187,6238,true
188,6239,true
188,6240,true
188,6241,true
189,6242,true
35,3624,false
12,3624,false
189,6243,true
147,6244,true
35,3625,false
12,3625,false
13,3625,false
35,3626,false
12,3626,false
13,3626,false
35,3627,false
12,3627,false
152,6244,true
35,3628,false
147,6245,true
12,3628,false
80,114,false
227,114,false
13,3628,false
80,115,false
147,6246,true
227,115,false
79,116,false
147,6247,true
80,116,false
227,116,false
79,117,false
147,6248,true
147,6249,true
109,6250,true
109,6251,true
150,6252,true
80,117,false
227,117,false
79,118,false
150,6253,true
150,6254,true
63,6255,true
70,3639,false
224,3639,false
227,3639,false
32,3639,false
70,3640,false
224,3640,false
80,118,false
227,118,false
79,119,false
227,3640,false
80,119,false
227,119,false
32,3640,false
70,3641,false
224,3641,false
227,3641,false
32,3641,false
227,3642,false
32,3642,false
63,6256,true
63,6257,true
63,6258,true
63,6259,true
228,3647,false
37,3647,false
227,3647,false
228,3648,false
37,3648,false
227,3648,false
32,3648,false
172,6260,true
21,3650,false
22,3650,false
21,3651,false
110,6261,true
108,6262,true
110,6262,true
110,6264,true
8,6265,true
129,6269,true
103,6272,true
103,6273,true
103,6274,true
103,6276,true
80,3665,false
227,3665,false
97,3665,false
79,3665,false
80,3666,false
227,3666,false
97,3666,false
79,3666,false
174,6277,true
6,6278,true
6,6280,true
6,6281,true
8,6270,false
8,6269,false
8,6266,false
8,6268,false
7,6282,true
79,123,false
80,123,false
173,6285,true
173,6286,true
173,6287,true
173,6288,true
173,6289,true
103,6290,true
227,123,false
103,6291,true
19,6292,true
19,6293,true
19,6294,true
19,6295,true
19,6297,true
19,6298,true
19,6299,true
19,6300,true
19,6301,true
19,6302,true
19,6303,true
19,6304,true
19,6305,true
227,124,false
79,125,false
19,6306,true
80,125,false
227,125,false
19,6307,true
80,126,false
227,126,false
79,127,false
19,6308,true
80,127,false
227,127,false
19,6309,true
83,3684,false
222,129,false
11,129,false
222,130,false
11,130,false
11,131,false
222,132,false
11,132,false
11,133,false
221,3684,false
229,3684,false
19,6310,true
19,6311,true
222,134,false
11,134,false
222,135,false
19,6312,true
19,6313,true
43,6314,true
43,6315,true
43,6316,true
43,6317,true
43,6319,true
43,6320,true
43,6321,true
43,6322,true
43,6323,true
43,6324,true
43,6325,true
43,6326,true
76,6327,true
76,6328,true
139,6331,true
139,6332,true
139,6333,true
139,6334,true
200,3694,false
139,6335,true
139,6336,true
139,6337,true
204,3696,false
139,6338,true
200,3696,false
139,6339,true
139,6340,true
149,6341,true
149,6342,true
149,6343,true
149,6344,true
149,6345,true
174,6346,true
174,6347,true
62,6347,true
62,6348,true
174,6350,true
62,6350,true
174,6351,true
62,6351,true
174,6354,true
62,6354,true
57,6355,true
17,6355,true
135,6356,true
135,6358,true
135,6359,true
135,6360,true
135,6361,true
122,6362,true
122,6364,true
122,6365,true
122,6366,true
118,6366,true
122,6367,true
93,3733,false
224,3733,false
227,3733,false
118,6367,true
122,6368,true
115,236,false
227,236,false
115,237,false
227,237,false
122,6369,true
122,6370,true
122,6371,true
198,238,false
203,238,false
118,6371,true
199,239,false
206,239,false
208,239,false
204,239,false
13,3784,false
223,3785,false
126,3785,false
205,240,false
122,6372,true
199,240,false
59,6373,true
59,6374,true
206,240,false
208,240,false
199,3789,false
202,3789,false
202,3790,false
59,6375,true
209,240,false
120,6376,true
59,6376,true
204,240,false
199,241,false
203,241,false
204,241,false
199,242,false
208,242,false
198,242,false
108,6377,true
203,242,false
8,6283,false
204,242,false
110,6377,true
108,6378,true
110,6378,true
110,6379,true
109,6379,true
108,6380,true
110,6380,true
109,6380,true
198,243,false
203,243,false
110,6381,true
64,6382,true
199,244,false
208,244,false
198,244,false
173,6382,true
64,6383,true
173,6383,true
203,244,false
64,6384,true
204,244,false
199,249,false
173,6384,true
198,249,false
227,3801,false
203,249,false
120,6385,true
163,6385,true
120,6386,true
196,285,false
32,3801,false
163,6386,true
120,6387,true
195,285,false
197,285,false
224,285,false
225,285,false
227,285,false
163,6387,true
120,6388,true
193,286,false
192,286,false
194,286,false
163,6388,true
163,6389,true
60,3808,false
228,3808,false
227,3808,false
108,6390,true
195,286,false
110,6390,true
109,6390,true
163,6391,true
197,286,false
225,286,false
227,286,false
150,6392,true
150,6393,true
193,289,false
132,6394,true
132,6395,true
132,6396,true
132,6397,true
194,289,false
196,289,false
195,289,false
132,6398,true
132,6399,true
42,6401,true
197,289,false
224,289,false
225,289,false
42,6402,true
42,6403,true
42,6404,true
190,6408,true
190,6409,true
190,6410,true
227,289,false
190,6411,true
193,291,false
190,6412,true
190,6413,true
140,6414,true
46,6414,true
51,6414,true
140,6415,true
46,6415,true
5,3832,false
5,3833,false
5,3834,false
51,6415,true
129,6416,true
196,3837,false
197,3837,false
224,3837,false
193,3837,false
194,3837,false
128,6416,true
194,291,false
69,6416,true
44,6417,true
45,6417,true
44,6418,true
45,6418,true
59,6419,true
35,3842,false
179,6421,true
195,291,false
35,6421,true
193,293,false
192,293,false
194,293,false
196,293,false
195,293,false
197,293,false
164,6422,true
224,293,false
225,293,false
227,293,false
179,6422,true
35,6422,true
179,6423,true
164,6424,true
179,6424,true
46,6425,true
46,6426,true
46,6428,true
46,6429,true
133,6430,true
20,3844,false
59,6431,true
120,6432,true
120,6433,true
5,3848,false
5,3849,false
120,6434,true
120,6435,true
214,316,false
214,317,false
214,318,false
120,6436,true
120,6437,true
120,6438,true
120,6439,true
120,6440,true
74,320,false
73,320,false
228,320,false
229,320,false
227,320,false
59,6441,true
177,6442,true
74,322,false
73,322,false
228,3856,false
227,3856,false
228,322,false
228,3857,false
227,3857,false
229,322,false
227,322,false
74,323,false
73,323,false
228,323,false
229,323,false
227,323,false
175,6442,true
176,6442,true
177,6443,true
175,6443,true
176,6443,true
177,6445,true
175,6445,true
177,6446,true
175,6446,true
176,6446,true
177,6447,true
175,6447,true
74,325,false
73,325,false
228,325,false
176,6447,true
177,6448,true
175,6448,true
176,6448,true
177,6449,true
175,6449,true
229,325,false
227,325,false
120,6450,true
74,326,false
73,326,false
228,326,false
177,6451,true
175,6451,true
177,6452,true
175,6452,true
176,6452,true
128,6454,true
39,6455,true
124,6455,true
177,6457,true
69,3876,false
224,3876,false
229,326,false
227,326,false
74,328,false
73,328,false
228,328,false
69,3877,false
224,3877,false
69,3878,false
224,3878,false
69,3879,false
229,328,false
227,328,false
74,329,false
73,329,false
228,329,false
224,3879,false
175,6457,true
176,6457,true
133,6458,true
128,6458,true
136,6458,true
128,6459,true
136,6459,true
128,6460,true
136,6460,true
120,6462,true
159,6462,true
229,329,false
227,329,false
74,330,false
73,330,false
228,330,false
229,330,false
227,330,false
160,6462,true
159,6463,true
74,332,false
73,332,false
228,332,false
229,332,false
159,6464,true
160,6464,true
227,332,false
159,6465,true
74,334,false
160,6465,true
162,6466,true
162,6467,true
162,6468,true
162,6469,true
32,6471,true
73,334,false
228,334,false
229,334,false
33,6471,true
227,334,false
74,335,false
111,6472,true
73,335,false
228,335,false
229,335,false
227,335,false
74,336,false
111,6473,true
111,6474,true
111,6475,true
73,336,false
228,336,false
229,336,false
227,336,false
84,6476,true
88,6476,true
57,3899,false
102,6477,true
102,6478,true
102,6479,true
22,3899,false
56,3899,false
57,3900,false
22,3900,false
56,3900,false
102,6480,true
102,6481,true
102,6482,true
128,6483,true
102,6484,true
213,3905,false
213,3906,false
213,3907,false
213,3908,false
191,6485,true
191,6486,true
191,6487,true
191,6488,true
191,6489,true
191,6490,true
191,6492,true
191,6493,true
136,6494,true
128,6495,true
128,6496,true
128,6497,true
11,3915,false
222,3915,false
104,6498,true
74,349,false
104,6499,true
104,6500,true
104,6501,true
73,349,false
228,349,false
229,349,false
227,349,false
111,6501,true
104,6503,true
111,6503,true
104,6504,true
104,6505,true
170,6506,true
35,356,false
141,6507,true
199,358,false
203,358,false
141,6508,true
141,6509,true
141,6510,true
141,6511,true
141,6512,true
141,6513,true
165,6514,true
165,6515,true
165,6516,true
165,6517,true
165,6518,true
168,6519,true
179,6521,true
168,6521,true
156,6524,true
158,6524,true
157,6524,true
156,6526,true
157,6526,true
158,6527,true
158,6528,true
158,6529,true
60,3927,false
228,3927,false
227,3927,false
156,6530,true
157,6530,true
60,3928,false
156,6531,true
228,3928,false
157,6531,true
227,3928,false
156,6532,true
157,6532,true
156,6533,true
157,6533,true
75,6536,true
101,6537,true
101,6538,true
101,6539,true
101,6540,true
47,6541,true
113,6542,true
113,6543,true
113,6544,true
113,6546,true
112,6547,true
112,6549,true
145,6550,true
145,6551,true
146,6552,true
146,6553,true
146,6554,true
146,6555,true
146,6556,true
105,6557,true
105,6558,true
105,6559,true
105,6560,true
179,6561,true
168,6561,true
12,3944,false
3,6562,true
3,6563,true
12,3945,false
172,6564,true
61,6564,true
158,6565,true
158,6566,true
67,6567,true
129,6568,true
128,6568,true
130,6568,true
69,6568,true
129,6569,true
203,3952,false
128,6569,true
130,6569,true
69,6569,true
203,3955,false
216,3956,false
129,6570,true
128,6570,true
216,3957,false
216,3958,false
216,3959,false
212,3960,false
203,3961,false
130,6570,true
69,6570,true
107,6577,true
19,6578,true
50,6579,true
152,6579,true
9,415,false
9,418,false
50,6580,true
152,6580,true
179,6581,true
35,6581,true
142,6582,true
152,434,false
142,6583,true
20,434,false
142,6584,true
171,434,false
152,437,false
121,437,false
20,437,false
65,437,false
171,437,false
83,439,false
229,439,false
221,440,false
142,6585,true
142,6587,true
142,6588,true
174,6589,true
170,6591,true
83,440,false
8,6575,false
2,6574,false
2,6572,false
2,6571,false
229,440,false
83,443,false
229,443,false
83,445,false
170,6592,true
160,6593,true
47,6593,true
67,6594,true
159,6594,true
171,6594,true
20,3976,false
93,3977,false
92,3977,false
229,445,false
221,447,false
83,447,false
224,3977,false
227,3977,false
171,6595,true
363,186,true
365,186,true
364,186,true
171,6596,true
181,6597,true
181,6598,true
229,447,false
181,6599,true
521,186,true
33,6600,true
285,186,true
496,186,true
259,206,true
336,208,true
94,3986,false
224,3986,false
227,3986,false
94,3987,false
224,3987,false
227,3987,false
326,208,true
33,6601,true
33,6603,true
263,208,true
258,208,true
33,6605,true
33,6606,true
33,6607,true
33,6608,true
33,6609,true
152,464,false
121,464,false
20,464,false
65,464,false
171,464,false
33,6610,true
94,3989,false
224,3989,false
227,3989,false
42,6611,true
129,6612,true
128,6612,true
69,6612,true
216,473,false
103,6613,true
94,3990,false
224,3990,false
183,6613,true
174,6614,true
151,6615,true
151,6617,true
151,6618,true
179,6620,true
35,6620,true
148,6621,true
227,3990,false
94,3991,false
148,6622,true
148,6623,true
148,6624,true
133,6625,true
224,3991,false
129,6625,true
128,6625,true
130,6625,true
69,6625,true
143,6627,true
227,3991,false
94,3992,false
143,6628,true
224,3992,false
227,3992,false
94,3993,false
224,3993,false
227,3993,false
4,6629,true
164,6630,true
42,6630,true
161,6630,true
164,6631,true
179,6631,true
35,6631,true
503,233,true
164,6632,true
501,233,true
179,6632,true
35,6632,true
160,6633,true
47,6633,true
351,293,true
354,293,true
120,6634,true
163,6634,true
165,6635,true
165,6636,true
359,293,true
352,293,true
6,6637,true
129,6638,true
128,6638,true
69,6638,true
159,6639,true
160,6639,true
120,6640,true
159,6640,true
160,6640,true
67,6641,true
159,6641,true
148,6642,true
355,293,true
148,6643,true
148,6644,true
67,6649,true
171,6649,true
66,6649,true
87,6650,true
90,6650,true
89,6650,true
349,293,true
86,6650,true
84,6650,true
88,6650,true
98,6650,true
350,293,true
83,579,false
229,579,false
50,6651,true
152,6651,true
50,6652,true
152,6652,true
50,6653,true
152,6653,true
50,6654,true
20,596,false
152,6654,true
2,6645,false
7,6655,true
363,325,true
20,597,false
60,597,false
228,597,false
227,597,false
60,600,false
228,600,false
227,600,false
301,325,true
7,6656,true
7,6657,true
7,6658,true
506,325,true
487,325,true
32,737,false
74,610,false
73,610,false
32,729,false
228,610,false
32,732,false
7,6659,true
229,610,false
227,610,false
306,325,true
381,325,true
7,6661,true
528,325,true
207,620,false
14,624,false
14,625,false
14,626,false
473,325,true
450,325,true
148,6662,true
148,6663,true
148,6664,true
148,6665,true
34,6667,true
34,6668,true
466,325,true
34,6669,true
34,6670,true
40,6672,true
399,325,true
218,647,false
218,648,false
218,649,false
218,652,false
300,325,true
218,655,false
218,656,false
218,657,false
108,6673,true
110,6673,true
188,6674,true
504,325,true
382,325,true
199,668,false
201,668,false
462,325,true
42,6676,true
42,6677,true
477,325,true
59,6678,true
33,6679,true
33,6681,true
33,6682,true
33,6683,true
33,6685,true
33,6686,true
33,6687,true
179,6690,true
168,6690,true
179,6691,true
168,6691,true
179,6692,true
218,704,false
220,711,false
220,712,false
168,6692,true
76,6693,true
108,6694,true
108,6697,true
113,6697,true
108,6698,true
113,6699,true
37,726,false
32,726,false
228,726,false
227,726,false
37,728,false
32,728,false
228,728,false
227,728,false
37,729,false
228,729,false
227,729,false
37,732,false
228,732,false
227,732,false
67,6700,true
67,6701,true
105,6702,true
37,736,false
32,736,false
228,736,false
227,736,false
37,737,false
228,737,false
37,739,false
228,739,false
227,739,false
37,741,false
32,741,false
228,741,false
227,741,false
37,742,false
32,742,false
228,742,false
227,742,false
37,743,false
228,743,false
227,743,false
37,744,false
228,744,false
227,744,false
37,746,false
32,746,false
228,746,false
227,746,false
37,747,false
228,747,false
227,747,false
37,749,false
228,749,false
227,749,false
37,750,false
32,750,false
228,750,false
227,750,false
37,751,false
32,751,false
228,751,false
227,751,false
105,6703,true
105,6705,true
87,6707,true
90,6707,true
86,6707,true
84,6707,true
88,6707,true
87,6708,true
90,6708,true
86,6708,true
84,6708,true
88,6708,true
87,6709,true
90,6709,true
89,6709,true
86,6709,true
84,6709,true
88,6709,true
3,6710,true
123,6711,true
123,6712,true
123,6714,true
123,6715,true
55,6717,true
56,6718,true
55,6718,true
56,6719,true
55,6719,true
56,6720,true
55,6720,true
56,6721,true
55,6721,true
55,6722,true
55,6723,true
10,810,false
10,811,false
107,6724,true
108,6724,true
106,6725,true
106,6726,true
106,6727,true
95,6728,true
96,6728,true
93,833,false
224,833,false
227,833,false
93,835,false
96,835,false
95,6729,true
224,835,false
227,835,false
93,836,false
96,836,false
224,836,false
227,836,false
93,837,false
224,837,false
93,838,false
224,838,false
93,839,false
224,839,false
93,840,false
224,840,false
227,840,false
93,841,false
224,841,false
96,6729,true
508,358,true
261,358,true
37,847,false
32,847,false
228,847,false
227,847,false
510,358,true
504,358,true
95,6730,true
70,851,false
224,851,false
32,851,false
227,851,false
70,853,false
224,853,false
32,853,false
33,853,false
227,853,false
70,855,false
224,855,false
32,855,false
227,855,false
70,856,false
224,856,false
32,856,false
227,856,false
70,857,false
224,857,false
32,857,false
227,857,false
32,858,false
227,858,false
70,859,false
224,859,false
32,859,false
33,859,false
227,859,false
70,863,false
224,863,false
32,863,false
33,863,false
227,863,false
32,864,false
33,864,false
227,864,false
96,6730,true
95,6731,true
32,867,false
33,867,false
227,867,false
33,868,false
227,868,false
96,6731,true
95,6733,true
96,6733,true
95,6734,true
70,874,false
224,874,false
32,874,false
227,874,false
32,875,false
227,875,false
96,6734,true
166,6735,true
70,879,false
224,879,false
32,879,false
33,879,false
227,879,false
70,880,false
224,880,false
32,880,false
33,880,false
227,880,false
32,882,false
227,882,false
32,883,false
227,883,false
166,6736,true
154,6738,true
154,6739,true
154,6740,true
154,6742,true
154,6744,true
154,6745,true
154,6746,true
154,6748,true
154,6749,true
154,6750,true
154,6751,true
18,6752,true
18,6753,true
18,6754,true
219,930,false
219,933,false
93,934,false
224,934,false
227,934,false
18,6755,true
2,6756,true
125,6757,true
32,743,false
125,6758,true
171,6759,true
121,6759,true
120,6760,true
145,6761,true
145,6762,true
140,6763,true
118,6763,true
53,6763,true
107,6764,true
152,3132,false
122,6765,true
20,3132,false
492,437,true
493,437,true
122,6767,true
122,6768,true
123,6772,true
123,6773,true
181,6775,true
181,6776,true
181,6777,true
168,6778,true
179,6779,true
305,437,true
66,437,true
97,3138,false
266,437,true
80,3139,false
227,3139,false
97,3139,false
79,3139,false
168,6779,true
179,6780,true
71,947,false
453,437,true
71,950,false
71,953,false
71,955,false
179,959,false
168,959,false
216,959,false
168,6780,true
179,6781,true
168,6781,true
105,6783,true
189,6784,true
170,6785,true
170,6786,true
120,6787,true
170,6788,true
170,6789,true
170,6790,true
170,6791,true
145,6793,true
145,6794,true
448,437,true
145,6795,true
65,984,false
185,6796,true
152,985,false
65,985,false
224,985,false
185,6797,true
185,6798,true
185,6799,true
149,6800,true
149,6801,true
147,6802,true
147,6803,true
147,6804,true
64,6805,true
172,6806,true
117,6807,true
117,6808,true
117,6809,true
117,6810,true
117,6811,true
117,6812,true
117,6813,true
50,6814,true
152,6814,true
141,6815,true
141,6816,true
141,6817,true
141,6818,true
141,6819,true
141,6820,true
95,6824,true
96,6824,true
107,6825,true
172,6826,true
186,6827,true
44,6828,true
44,6829,true
190,6830,true
190,6831,true
190,6832,true
181,6833,true
132,6834,true
132,6835,true
129,6836,true
134,6836,true
323,737,true
435,744,true
129,6837,true
134,6837,true
437,744,true
129,6838,true
134,6838,true
129,6839,true
134,6839,true
134,6840,true
134,6841,true
134,6842,true
130,6844,true
128,6845,true
130,6845,true
128,6846,true
192,1049,false
192,1050,false
192,1051,false
130,6846,true
128,6847,true
130,6847,true
130,6848,true
131,6849,true
131,6850,true
131,6851,true
192,1052,false
192,1053,false
131,6852,true
131,6853,true
131,6854,true
136,6856,true
136,6857,true
136,6858,true
136,6859,true
79,1057,false
80,1057,false
133,6861,true
133,6862,true
21,3129,true
65,3132,true
171,3132,true
121,3132,true
80,3138,true
227,3138,true
79,3138,true
71,948,true
152,984,true
224,984,true
9,1011,true
80,3140,false
227,3140,false
79,3140,false
80,3141,false
227,3141,false
79,3141,false
438,744,true
222,3142,false
442,744,true
378,744,true
131,6863,true
107,6864,true
432,744,true
497,744,true
376,744,true
137,6865,true
137,6866,true
137,6867,true
137,6868,true
243,744,true
66,6869,true
66,6870,true
66,6871,true
422,744,true
66,6872,true
441,744,true
379,744,true
414,744,true
66,6873,true
66,6876,true
18,6877,true
18,6878,true
18,6879,true
4,6880,true
441,746,true
442,746,true
378,746,true
160,6881,true
401,749,true
47,6881,true
160,6882,true
363,749,true
343,749,true
326,749,true
47,6882,true
160,6883,true
47,6883,true
41,6884,true
177,6885,true
175,6885,true
176,6885,true
365,749,true
188,6887,true
188,6888,true
188,6889,true
115,3162,false
227,3162,false
133,6890,true
259,749,true
115,3163,false
179,6891,true
227,3163,false
227,1057,false
113,6892,true
219,1064,false
219,1065,false
113,6893,true
219,1067,false
219,1068,false
364,749,true
113,6894,true
393,749,true
113,6895,true
414,749,true
113,6896,true
113,6897,true
179,6898,true
86,6899,true
84,6899,true
85,6899,true
86,6900,true
84,6900,true
85,6900,true
86,6901,true
84,6901,true
85,6901,true
93,1089,false
224,1089,false
227,1089,false
93,1090,false
329,749,true
224,1090,false
227,1090,false
139,6905,true
139,6906,true
139,6908,true
139,6910,true
139,6911,true
48,6912,true
48,6913,true
48,6914,true
48,6915,true
65,6916,true
179,6918,true
168,6918,true
214,1110,false
496,749,true
222,1115,false
179,6919,true
168,6919,true
179,6920,true
168,6920,true
243,750,true
124,1117,false
422,750,true
503,750,true
179,6921,true
501,750,true
327,751,true
124,1119,false
328,751,true
314,751,true
330,751,true
378,751,true
266,751,true
124,1121,false
376,751,true
259,751,true
364,751,true
39,1122,false
224,1122,false
228,1122,false
227,1122,false
39,1123,false
265,751,true
224,1123,false
11,3142,true
11,1115,true
39,1117,true
224,1117,true
228,1117,true
227,1117,true
39,1119,true
224,1119,true
228,1119,true
227,1119,true
39,1121,true
224,1121,true
228,1121,true
227,1121,true
414,751,true
501,751,true
329,751,true
435,751,true
115,3164,false
227,3164,false
168,6921,true
179,6922,true
168,6922,true
179,6923,true
115,3167,false
227,3167,false
115,3168,false
227,3168,false
214,3169,false
214,3170,false
168,6923,true
214,3172,false
214,3173,false
179,6925,true
168,6925,true
326,751,true
143,6927,true
24,6928,true
442,751,true
24,6929,true
24,6930,true
24,6931,true
203,3179,false
263,751,true
422,751,true
441,751,true
25,6932,true
503,751,true
25,6933,true
25,6934,true
379,751,true
491,751,true
496,751,true
198,3179,false
203,3180,false
25,6935,true
424,847,true
307,889,true
198,3180,false
203,3181,false
199,3181,false
204,3181,false
208,3181,false
198,3181,false
203,3182,false
199,3182,false
204,3182,false
208,3182,false
198,3182,false
26,6936,true
340,889,true
26,6937,true
4,6938,true
27,6939,true
27,6940,true
27,6941,true
27,6942,true
156,6943,true
56,6945,true
55,6945,true
55,6946,true
55,6947,true
57,6948,true
56,6948,true
58,6953,true
58,6954,true
58,6955,true
51,6958,true
51,6959,true
59,6960,true
59,6961,true
59,6962,true
59,6963,true
152,6964,true
50,6965,true
32,744,false
152,6965,true
26,6967,true
227,737,false
37,738,false
26,6968,true
26,6969,true
32,738,false
228,738,false
26,6970,true
26,6971,true
227,738,false
227,1123,false
27,6972,true
217,1132,false
215,1134,false
215,1136,false
27,6973,true
27,6974,true
27,6975,true
27,6976,true
27,6977,true
28,6978,true
28,6979,true
28,6980,true
28,6981,true
172,6982,true
61,6982,true
61,6983,true
172,6984,true
147,6985,true
40,6986,true
63,6987,true
115,1139,false
227,1139,false
64,6988,true
65,6989,true
65,6990,true
30,6992,true
82,6995,true
82,6996,true
82,6997,true
82,6998,true
77,7001,true
77,7002,true
77,7004,true
179,7006,true
168,7006,true
214,3171,true
159,7007,true
199,3179,true
204,3179,true
208,3179,true
160,7007,true
199,3180,true
204,3180,true
208,3180,true
166,7007,true
159,7008,true
160,7008,true
29,7009,true
29,7010,true
29,7011,true
32,758,true
217,1131,true
215,1137,true
403,933,true
303,933,true
399,933,true
271,933,true
313,933,true
301,933,true
381,933,true
382,933,true
299,933,true
12,933,true
29,7012,true
29,7013,true
103,7014,true
183,7014,true
3,7015,true
152,7016,true
67,7018,true
187,7019,true
401,985,true
302,985,true
315,985,true
300,985,true
135,7020,true
327,985,true
193,3198,false
192,3198,false
194,3198,false
18,7021,true
304,985,true
110,7023,true
73,7024,true
73,7025,true
73,7026,true
467,985,true
73,7027,true
73,7029,true
73,7030,true
139,7031,true
175,7032,true
176,7032,true
185,7033,true
8,7034,true
139,7035,true
37,7036,true
326,985,true
139,7037,true
120,7038,true
159,7038,true
171,7038,true
174,7038,true
177,7038,true
37,7038,true
61,7038,true
4,3208,false
14,3208,false
66,7038,true
62,7038,true
124,7038,true
196,3210,false
120,7039,true
197,3210,false
195,3210,false
224,3210,false
193,3210,false
227,3210,false
225,3210,false
194,3210,false
228,3211,false
73,3211,false
227,3211,false
229,3211,false
74,3211,false
314,985,true
266,985,true
263,985,true
487,985,true
503,985,true
159,7039,true
171,7039,true
174,7039,true
177,7039,true
37,7039,true
61,7039,true
35,3216,false
12,3216,false
13,3216,false
12,3217,false
13,3217,false
501,985,true
491,985,true
35,3219,false
12,3219,false
13,3219,false
66,7039,true
62,7039,true
124,7039,true
120,7040,true
159,7040,true
171,7040,true
177,7040,true
61,7040,true
66,7040,true
203,3222,false
199,3222,false
62,7040,true
124,7040,true
170,7041,true
47,7044,true
92,7045,true
92,7046,true
92,7047,true
92,7048,true
92,7049,true
92,7050,true
92,7051,true
272,1011,true
341,1011,true
363,1011,true
261,1011,true
228,3212,true
73,3212,true
227,3212,true
229,3212,true
74,3212,true
12,3218,true
13,3218,true
302,1011,true
461,1011,true
327,1011,true
340,1011,true
509,1011,true
346,1011,true
361,1011,true
394,1011,true
306,1011,true
337,1011,true
450,1011,true
480,1011,true
466,1011,true
470,1011,true
277,1011,true
326,1011,true
505,1011,true
512,1011,true
243,1011,true
258,1011,true
526,1011,true
335,1011,true
472,1011,true
426,1011,true
303,1011,true
301,1011,true
321,1011,true
476,1011,true
372,1011,true
502,1011,true
342,1011,true
408,1011,true
367,1011,true
424,1011,true
259,1011,true
336,1011,true
381,1011,true
92,7052,true
92,7055,true
414,1011,true
92,7056,true
515,1011,true
92,7057,true
92,7058,true
384,1011,true
516,1011,true
399,1011,true
271,1011,true
50,7059,true
155,7060,true
510,1011,true
155,7061,true
382,1011,true
385,1011,true
469,1011,true
155,7064,true
155,7065,true
155,7066,true
307,1011,true
155,7067,true
488,1011,true
9,3250,false
9,3251,false
9,3252,false
155,7068,true
155,7069,true
155,7070,true
459,1011,true
422,1011,true
334,1011,true
155,7071,true
155,7072,true
6,7113,true
515,4236,true
515,4237,true
515,4238,true
152,3262,false
65,3262,false
20,3262,false
171,3262,false
121,3262,false
152,3263,false
65,3263,false
20,3263,false
171,3263,false
121,3263,false
152,3264,false
65,3264,false
20,3264,false
171,3264,false
121,3264,false
152,3265,false
515,4239,true
65,3265,false
475,1011,true
468,1011,true
515,4240,true
345,1011,true
357,4240,true
515,4241,true
515,4242,true
515,4243,true
301,4244,true
515,4251,true
515,4252,true
399,1068,true
301,1068,true
371,1068,true
394,1068,true
515,4508,true
515,4510,true
405,1166,true
403,1197,true
435,1197,true
442,1197,true
378,1197,true
515,4512,true
432,1197,true
497,1197,true
376,1197,true
243,1197,true
422,1197,true
441,1197,true
323,1197,true
324,1197,true
379,1197,true
414,1197,true
515,4515,true
328,1202,true
327,1202,true
515,4808,true
330,1202,true
378,1202,true
266,1202,true
515,4810,true
497,1202,true
376,1202,true
331,1202,true
521,1202,true
329,1202,true
435,1202,true
326,1202,true
442,1202,true
291,1202,true
263,1202,true
243,1202,true
422,1202,true
441,1202,true
258,1202,true
274,1202,true
379,1202,true
515,4813,true
491,1202,true
496,1202,true
515,5958,true
515,7104,true
357,7114,true
414,7115,true
515,7116,true
17,4237,true
484,1270,true
461,1270,true
407,1270,true
340,1270,true
437,1270,true
507,1270,true
451,1270,true
9,3249,true
9,3253,true
497,1270,true
346,1270,true
471,1270,true
365,1270,true
447,1270,true
508,1270,true
493,1270,true
470,1270,true
452,1270,true
300,1270,true
504,1270,true
485,1270,true
405,1270,true
514,1270,true
291,1270,true
243,1270,true
503,1270,true
335,1270,true
491,1270,true
301,1270,true
305,1270,true
66,1270,true
321,1270,true
378,1270,true
266,1270,true
502,1270,true
408,1270,true
487,1270,true
364,1270,true
393,1270,true
265,1270,true
381,1270,true
473,1270,true
299,1270,true
414,1270,true
515,1270,true
329,1270,true
516,1270,true
446,1270,true
399,1270,true
343,1270,true
382,1270,true
456,1270,true
385,1270,true
469,1270,true
453,1270,true
459,1270,true
334,1270,true
334,119,true
463,1270,true
341,1270,true
363,1270,true
261,1270,true
309,1270,true
327,1270,true
506,1270,true
509,1270,true
330,1270,true
376,1270,true
361,1270,true
331,1270,true
394,1270,true
306,1270,true
337,1270,true
450,1270,true
492,1270,true
269,1270,true
334,208,true
277,1270,true
326,1270,true
438,1270,true
442,1270,true
263,1270,true
505,1270,true
441,1270,true
494,1270,true
258,1270,true
479,1270,true
274,1270,true
472,1270,true
401,1270,true
403,1270,true
328,1270,true
369,1270,true
435,1844,true
342,1270,true
432,1270,true
503,1844,true
444,1270,true
259,1270,true
371,1270,true
521,1270,true
336,1270,true
344,1270,true
271,1270,true
510,1270,true
285,1270,true
519,1270,true
307,1270,true
448,1270,true
364,1844,true
496,1270,true
325,1844,true
379,1844,true
496,1844,true
414,1844,true
328,1844,true
376,1844,true
497,1844,true
422,1844,true
441,1844,true
405,1844,true
378,1844,true
326,1844,true
442,1844,true
500,1844,true
364,3857,true
363,3857,true
365,3857,true
496,3857,true
521,3857,true
399,3915,true
444,3915,true
401,3915,true
301,3915,true
343,3915,true
508,4023,true
510,4023,true
470,4023,true
475,4023,true
462,4023,true
301,4023,true
504,4023,true
443,4025,true
334,4044,true
334,4064,true
334,4069,true
334,4093,true
334,4314,true
403,4537,true
364,5877,true
365,5877,true
485,5888,true
435,5962,true
379,5962,true
376,5962,true
497,5962,true
422,5962,true
441,5962,true
438,5962,true
243,5962,true
378,5962,true
442,5962,true
323,5982,true
494,6088,true
506,6212,true
447,6212,true
407,6212,true
446,6212,true
451,6212,true
453,6212,true
410,6212,true
314,6212,true
408,6212,true
326,6212,true
446,1554,true
452,1554,true
447,1554,true
448,1554,true
285,1554,true
444,1584,true
374,1625,true
374,1626,true
504,6212,true
363,6336,true
365,6336,true
334,6381,true
361,6381,true
337,6381,true
336,6381,true
335,6381,true
399,6481,true
334,6481,true
344,6481,true
335,6481,true
333,6481,true
444,6486,true
451,6486,true
453,6486,true
410,6486,true
326,6486,true
503,6526,true
405,6526,true
485,6526,true
378,6526,true
500,6526,true
327,6579,true
502,6579,true
307,6579,true
340,6579,true
509,6579,true
505,6579,true
444,6653,true
443,6653,true
484,6740,true
503,6740,true
405,6740,true
485,6740,true
500,6740,true
506,6742,true
484,6742,true
503,6742,true
507,6742,true
405,6742,true
314,6742,true
500,6742,true
306,6745,true
364,6745,true
466,1830,true
337,6745,true
470,1830,true
377,1830,true
442,1830,true
378,1830,true
488,1830,true
376,1830,true
243,1830,true
422,1830,true
441,1830,true
265,1830,true
363,6745,true
475,1830,true
379,1830,true
336,6745,true
365,6745,true
489,6745,true
448,6745,true
379,6745,true
491,6745,true
515,6745,true
494,6745,true
414,6745,true
444,6745,true
328,6745,true
497,6745,true
334,6745,true
502,6745,true
453,6745,true
435,6745,true
382,6745,true
307,6745,true
432,6745,true
325,6745,true
329,6745,true
496,6745,true
327,6745,true
393,6745,true
301,6745,true
441,6745,true
66,6745,true
340,6745,true
438,6745,true
343,6745,true
505,6745,true
326,6745,true
41,6788,true
301,6788,true
316,6788,true
396,6788,true
453,6813,true
66,6813,true
489,6813,true
305,6813,true
448,6813,true
492,6813,true
401,6833,true
371,6833,true
367,6833,true
408,6833,true
500,74,true
384,6833,true
414,6833,true
419,6833,true
444,6833,true
328,6833,true
334,6833,true
305,6833,true
435,6833,true
500,233,true
348,293,true
443,325,true
432,6833,true
492,6833,true
329,6833,true
327,6833,true
489,437,true
300,6833,true
66,6833,true
500,750,true
325,751,true
500,751,true
183,933,true
405,6833,true
301,985,true
500,985,true
485,6833,true
314,6833,true
333,1011,true
443,1011,true
454,1011,true
183,1011,true
455,6833,true
325,1202,true
443,1270,true
333,1270,true
489,1270,true
325,1270,true
454,1270,true
476,6833,true
326,6833,true
500,6833,true
504,6833,true
443,1554,true
484,6833,true
503,6833,true
306,6833,true
375,1830,true
337,6833,true
333,4027,true
375,4027,true
454,4027,true
523,4027,true
443,4027,true
489,4027,true
325,4027,true
348,4027,true
500,4027,true
183,4027,true
333,4028,true
333,4029,true
333,4030,true
333,4031,true
454,4031,true
523,4031,true
443,4031,true
489,4031,true
325,4031,true
348,4031,true
500,4031,true
183,4031,true
443,4033,true
333,4033,true
489,4033,true
325,4033,true
454,4033,true
500,4033,true
183,4033,true
333,4034,true
454,4034,true
443,4034,true
489,4034,true
325,4034,true
500,4034,true
183,4034,true
523,4035,true
443,4035,true
333,4035,true
454,4035,true
301,4035,true
443,4037,true
489,4037,true
325,4037,true
454,4037,true
500,4037,true
183,4037,true
333,4038,true
454,4038,true
443,4038,true
489,4038,true
325,4038,true
500,4038,true
183,4038,true
333,4040,true
454,4040,true
523,4040,true
443,4040,true
489,4040,true
325,4040,true
348,4040,true
500,4040,true
183,4040,true
333,4041,true
375,4041,true
454,4041,true
523,4041,true
443,4041,true
489,4041,true
325,4041,true
348,4041,true
500,4041,true
183,4041,true
333,4042,true
454,4042,true
443,4042,true
489,4042,true
325,4042,true
348,4042,true
500,4042,true
183,4042,true
333,4043,true
454,4043,true
523,4043,true
443,4043,true
489,4043,true
325,4043,true
348,4043,true
500,4043,true
183,4043,true
333,4045,true
375,4045,true
454,4045,true
523,4045,true
443,4045,true
489,4045,true
325,4045,true
348,4045,true
500,4045,true
183,4045,true
443,4046,true
333,4046,true
489,4046,true
325,4046,true
454,4046,true
500,4046,true
183,4046,true
333,4047,true
454,4047,true
443,4047,true
489,4047,true
325,4047,true
348,4047,true
500,4047,true
183,4047,true
333,4048,true
417,4048,true
443,4048,true
454,4048,true
301,4048,true
333,4049,true
375,4049,true
454,4049,true
443,4049,true
489,4049,true
325,4049,true
348,4049,true
500,4049,true
183,4049,true
333,4050,true
417,4050,true
443,4050,true
454,4050,true
301,4050,true
443,4051,true
489,4051,true
325,4051,true
454,4051,true
500,4051,true
183,4051,true
523,4053,true
443,4053,true
333,4053,true
489,4053,true
325,4053,true
454,4053,true
500,4053,true
183,4053,true
443,4054,true
333,4054,true
417,4054,true
489,4054,true
325,4054,true
454,4054,true
500,4054,true
183,4054,true
443,4055,true
489,4055,true
325,4055,true
454,4055,true
500,4055,true
183,4055,true
333,4056,true
454,4056,true
443,4056,true
489,4056,true
325,4056,true
348,4056,true
500,4056,true
183,4056,true
333,4057,true
325,4057,true
523,4057,true
443,4057,true
333,4058,true
325,4058,true
443,4059,true
333,4059,true
417,4059,true
489,4059,true
325,4059,true
454,4059,true
500,4059,true
183,4059,true
523,4060,true
443,4060,true
333,4060,true
454,4060,true
301,4060,true
333,4061,true
454,4061,true
523,4061,true
443,4061,true
489,4061,true
325,4061,true
348,4061,true
500,4061,true
183,4061,true
325,4062,true
500,4062,true
333,4063,true
454,4063,true
443,4063,true
489,4063,true
325,4063,true
500,4063,true
183,4063,true
333,4064,true
333,4071,true
333,4072,true
333,4073,true
325,4073,true
183,4073,true
333,4074,true
325,4074,true
443,4074,true
183,4074,true
333,4076,true
333,4078,true
333,4079,true
523,4079,true
333,4080,true
333,4081,true
301,4082,true
333,4083,true
333,4084,true
333,4085,true
333,4086,true
333,4087,true
333,4088,true
333,4089,true
443,4090,true
454,4090,true
183,4090,true
183,4091,true
333,4093,true
325,4093,true
443,4093,true
183,4097,true
333,4103,true
489,4108,true
443,4108,true
500,4110,true
183,4110,true
443,4119,true
333,4120,true
333,4121,true
443,4122,true
333,4123,true
417,4123,true
463,6833,true
183,4123,true
183,4124,true
443,4124,true
301,4126,true
500,4126,true
325,4127,true
325,4128,true
325,4129,true
443,4129,true
325,4130,true
325,4131,true
489,4132,true
325,4132,true
443,4133,true
489,4138,true
443,4138,true
443,4139,true
454,4139,true
489,4140,true
489,4141,true
443,4141,true
443,4142,true
454,4142,true
489,4143,true
489,4144,true
325,4144,true
489,4145,true
489,4146,true
489,4147,true
489,4148,true
325,4149,true
325,4151,true
489,4152,true
325,4152,true
325,4157,true
325,4160,true
454,4160,true
183,4160,true
454,4168,true
325,4168,true
489,4170,true
325,4170,true
500,4172,true
325,4173,true
500,4176,true
301,4178,true
301,4179,true
454,4185,true
443,4185,true
454,4188,true
489,4189,true
443,4189,true
454,4189,true
301,4189,true
500,4189,true
183,4189,true
489,4191,true
443,4191,true
454,4191,true
301,4191,true
500,4191,true
183,4191,true
454,4192,true
301,4196,true
325,4199,true
443,4200,true
363,6833,true
348,4200,true
183,4200,true
183,4204,true
500,4205,true
325,4213,true
454,4219,true
489,4222,true
443,4222,true
301,4230,true
333,4236,true
375,4236,true
417,4236,true
325,4236,true
348,4236,true
333,4237,true
375,4237,true
417,4237,true
325,4237,true
348,4237,true
333,4238,true
375,4238,true
417,4238,true
325,4238,true
348,4238,true
333,4239,true
375,4239,true
417,4239,true
325,4239,true
348,4239,true
333,4240,true
375,4240,true
417,4240,true
325,4240,true
333,4241,true
375,4241,true
417,4241,true
325,4241,true
348,4241,true
333,4242,true
375,4242,true
417,4242,true
325,4242,true
348,4242,true
333,4243,true
375,4243,true
417,4243,true
325,4243,true
348,4243,true
333,4244,true
325,4256,true
325,4259,true
489,4261,true
325,4261,true
500,4261,true
183,4261,true
443,4261,true
489,4263,true
500,4263,true
183,4263,true
443,4263,true
489,4264,true
325,4264,true
500,4264,true
183,4264,true
443,4264,true
489,4281,true
333,4293,true
333,4310,true
523,4310,true
443,4310,true
500,4314,true
333,4320,true
489,4320,true
325,4320,true
333,4321,true
325,4321,true
333,4365,true
183,4365,true
443,4365,true
333,4366,true
183,4366,true
443,4366,true
333,4367,true
183,4367,true
443,4367,true
302,6833,true
489,6833,true
443,4371,true
325,4372,true
489,4373,true
489,4376,true
301,4389,true
443,4389,true
333,4393,true
325,4393,true
454,4410,true
443,4410,true
489,4421,true
500,4421,true
183,4421,true
443,4421,true
183,4425,true
489,4426,true
500,4426,true
183,4426,true
443,4426,true
183,4427,true
489,4428,true
500,4428,true
183,4428,true
443,4428,true
489,4430,true
500,4430,true
183,4430,true
183,4431,true
183,4432,true
183,4433,true
183,4440,true
489,4443,true
500,4443,true
183,4443,true
489,4447,true
500,4447,true
183,4447,true
489,4448,true
500,4448,true
183,4448,true
417,4450,true
489,4450,true
348,4450,true
183,4450,true
301,4459,true
183,4463,true
443,4464,true
443,4478,true
183,4484,true
183,4485,true
183,4499,true
489,4501,true
417,4517,true
454,4519,true
183,4522,true
301,4525,true
333,4528,true
454,4537,true
491,6833,true
325,4589,true
325,4590,true
325,4593,true
325,4600,true
325,4604,true
443,4605,true
333,4611,true
443,4615,true
443,4616,true
443,4617,true
325,4621,true
325,4622,true
325,4631,true
325,4632,true
325,4633,true
443,4635,true
333,4653,true
333,4655,true
333,4658,true
333,4677,true
333,4678,true
333,4681,true
333,4682,true
333,4684,true
333,4686,true
333,4687,true
333,4688,true
333,4689,true
333,4690,true
523,4690,true
333,4691,true
333,4716,true
333,4717,true
348,4723,true
348,4724,true
348,4725,true
348,4726,true
348,4727,true
348,4728,true
348,4742,true
500,4762,true
523,4769,true
523,4786,true
523,4790,true
523,4791,true
523,4792,true
523,4793,true
523,4794,true
523,4795,true
523,4796,true
523,4797,true
523,4798,true
523,4806,true
523,4815,true
523,4817,true
375,4847,true
375,4848,true
375,4852,true
500,4852,true
500,4886,true
500,4887,true
500,4888,true
500,4889,true
500,4992,true
500,4996,true
500,4998,true
500,5006,true
500,5007,true
500,5008,true
500,5025,true
443,5109,true
443,5338,true
443,5339,true
443,5340,true
443,5341,true
454,5342,true
443,5342,true
443,5343,true
443,5344,true
443,5345,true
443,5346,true
443,5356,true
443,5371,true
454,5385,true
454,5386,true
454,5387,true
454,5388,true
454,5389,true
454,5390,true
454,5391,true
454,5392,true
454,5393,true
454,5394,true
454,5395,true
454,5396,true
454,5397,true
454,5398,true
454,5399,true
454,5400,true
454,5401,true
454,5402,true
454,5403,true
454,5404,true
454,5405,true
454,5406,true
454,5407,true
454,5408,true
454,5409,true
454,5410,true
454,5411,true
454,5412,true
454,5413,true
454,5414,true
454,5415,true
454,5416,true
454,5417,true
454,5418,true
454,5419,true
454,5420,true
454,5421,true
454,5422,true
454,5423,true
454,5424,true
454,5425,true
454,5426,true
454,5427,true
454,5428,true
454,5429,true
454,5454,true
454,5458,true
454,5461,true
454,5463,true
454,5464,true
454,5526,true
454,5527,true
454,5528,true
454,5529,true
454,5530,true
454,5531,true
454,5532,true
454,5533,true
454,5534,true
454,5535,true
454,5536,true
454,5537,true
454,5538,true
454,5539,true
454,5540,true
454,5541,true
454,5542,true
454,5543,true
454,5544,true
454,5545,true
454,5546,true
454,5547,true
454,5548,true
454,5549,true
454,5550,true
454,5551,true
454,5552,true
454,5553,true
454,5554,true
454,5555,true
454,5556,true
454,5557,true
454,5558,true
454,5559,true
454,5560,true
454,5561,true
454,5562,true
454,5563,true
454,5564,true
454,5569,true
506,6833,true
500,5677,true
346,6833,true
422,6833,true
451,6833,true
361,6833,true
469,6833,true
399,6833,true
382,6833,true
370,6833,true
446,6833,true
488,6833,true
475,6833,true
299,6833,true
313,6833,true
456,6833,true
459,6833,true
393,6833,true
301,6833,true
310,6833,true
507,6833,true
424,6833,true
368,6833,true
343,6833,true
378,6833,true
321,6833,true
426,6833,true
364,6833,true
500,5678,true
500,5679,true
500,5680,true
336,6833,true
500,5681,true
381,6833,true
468,6833,true
487,6833,true
403,6833,true
439,6833,true
448,6833,true
379,6833,true
472,6833,true
515,6833,true
516,6833,true
502,6833,true
453,6833,true
500,5682,true
500,5683,true
500,5684,true
500,5685,true
500,5687,true
500,5699,true
500,5714,true
523,5736,true
434,6833,true
385,6833,true
325,6833,true
335,6833,true
394,6833,true
514,6833,true
183,6833,true
441,6833,true
340,6833,true
438,6833,true
369,6833,true
505,6833,true
407,6833,true
365,6833,true
494,6833,true
417,6833,true
447,6833,true
425,6833,true
376,6833,true
467,6833,true
333,6833,true
437,6833,true
442,6833,true
510,6833,true
307,6833,true
345,6833,true
454,6833,true
470,6833,true
474,6833,true
344,6833,true
396,6833,true
477,6833,true
496,6833,true
462,6833,true
410,6833,true
372,6833,true
243,6833,true
519,6833,true
443,6833,true
399,6869,true
363,6869,true
344,6869,true
57,3710,false
489,6869,true
408,6869,true
448,6869,true
57,3711,false
492,6869,true
22,3711,false
56,3711,false
57,3712,false
22,3712,false
56,3712,false
329,6869,true
325,6869,true
335,6869,true
152,3716,false
491,6869,true
447,6869,true
328,6869,true
65,3716,false
20,3716,false
171,3716,false
121,3716,false
327,6869,true
334,6869,true
453,6869,true
305,6869,true
152,3718,false
65,3718,false
20,3718,false
171,3718,false
121,3718,false
223,3719,false
126,3719,false
333,6869,true
326,6869,true
327,6873,true
385,6916,true
212,3724,false
212,3725,false
370,6945,true
368,6945,true
372,6945,true
22,3710,true
56,3710,true
367,6945,true
212,3723,true
321,6953,true
407,6953,true
426,6953,true
401,6953,true
302,6953,true
408,6953,true
448,6953,true
494,6953,true
506,6953,true
447,6953,true
444,6953,true
451,6953,true
238,1839,false
334,6953,true
502,6953,true
453,6953,true
509,6953,true
399,6953,true
446,6953,true
307,6953,true
238,1846,false
345,6953,true
344,6953,true
335,6953,true
427,6953,true
327,6953,true
301,6953,true
340,6953,true
410,6953,true
314,6953,true
343,6953,true
443,6953,true
505,6953,true
326,6953,true
504,6953,true
69,1162,false
224,1162,false
69,1166,false
224,1166,false
69,1168,false
224,1168,false
69,1169,false
224,1169,false
37,1170,false
228,1170,false
227,1170,false
12,1172,false
13,1172,false
321,6954,true
237,1839,false
407,6954,true
70,1197,false
426,6954,true
224,1197,false
32,1197,false
227,1197,false
70,1198,false
224,1198,false
32,1198,false
306,6954,true
227,1198,false
383,6954,true
32,1200,false
227,1200,false
70,1202,false
224,1202,false
32,1202,false
227,1202,false
381,6954,true
489,6954,true
37,1209,false
32,1209,false
228,1209,false
227,1209,false
37,1211,false
228,1211,false
227,1211,false
37,1213,false
228,1213,false
227,1213,false
37,1214,false
32,1214,false
228,1214,false
227,1214,false
403,6954,true
83,1215,false
229,1215,false
439,6954,true
408,6954,true
448,6954,true
384,6954,true
21,1221,false
491,6954,true
386,6954,true
193,1226,false
194,1226,false
196,1226,false
197,1226,false
224,1226,false
447,6954,true
451,6954,true
453,6954,true
305,6954,true
399,6954,true
446,6954,true
307,6954,true
492,6954,true
299,6954,true
325,6954,true
329,6954,true
135,6954,true
327,6954,true
301,6954,true
247,1839,false
66,6954,true
340,6954,true
438,6954,true
410,6954,true
343,6954,true
455,6954,true
388,6954,true
443,6954,true
326,6954,true
399,6955,true
334,6955,true
337,6955,true
345,6955,true
336,6955,true
344,6955,true
335,6955,true
333,6955,true
12,1270,false
35,1270,false
13,1270,false
193,1271,false
194,1271,false
196,1271,false
197,1271,false
224,1271,false
83,1281,false
229,1281,false
221,1282,false
83,1282,false
80,1282,false
229,1282,false
227,1282,false
221,1283,false
83,1283,false
229,1283,false
221,1284,false
83,1284,false
229,1284,false
221,1285,false
83,1285,false
229,1285,false
100,1820,false
237,1830,false
45,1287,false
227,1287,false
45,1288,false
227,1288,false
52,1839,false
236,1830,false
385,6955,true
399,6981,true
382,6981,true
484,6981,true
381,6981,true
299,6981,true
453,6993,true
489,6993,true
305,6993,true
492,6993,true
393,7001,true
343,7001,true
326,7001,true
321,7027,true
407,7027,true
381,7027,true
489,7027,true
240,1830,false
200,1305,false
204,1305,false
403,7027,true
367,7027,true
408,7027,true
448,7027,true
515,7027,true
516,7027,true
523,7027,true
494,7027,true
447,7027,true
240,1839,false
451,7027,true
361,7027,true
453,7027,true
238,1835,false
57,1330,false
305,7027,true
152,1336,false
121,1336,false
20,1336,false
65,1336,false
171,1336,false
100,1830,false
242,1830,false
223,1341,false
126,1341,false
212,1349,false
79,1351,false
80,1351,false
227,1351,false
437,7027,true
247,1830,false
399,7027,true
382,7027,true
93,1360,false
224,1360,false
227,1360,false
93,1361,false
224,1361,false
227,1361,false
32,1363,false
227,1363,false
431,1830,false
235,1839,false
370,7027,true
446,7027,true
432,7027,true
492,7027,true
39,1378,false
224,1378,false
228,1378,false
227,1378,false
220,1380,false
220,1381,false
220,1382,false
299,7027,true
241,1830,false
514,7027,true
223,1389,false
126,1389,false
183,7027,true
393,7027,true
438,7027,true
374,7027,true
178,1405,false
178,1407,false
246,1839,false
178,1408,false
178,1409,false
178,1411,false
178,1412,false
368,7027,true
372,7027,true
455,7027,true
443,7027,true
399,7066,true
318,7066,true
371,7066,true
302,7066,true
336,7066,true
496,7066,true
394,7066,true
494,7066,true
506,7066,true
444,7066,true
512,7066,true
507,7066,true
236,1839,false
314,7066,true
504,7066,true
503,7070,true
178,1455,false
178,1456,false
178,1457,false
310,7070,true
485,7070,true
403,7070,true
241,1839,false
445,7070,true
378,7070,true
455,7070,true
323,7070,true
326,7070,true
235,1830,false
500,7070,true
453,7074,true
305,7074,true
492,7074,true
364,7075,true
307,7075,true
5,1515,false
5,1517,false
223,1522,false
126,1522,false
246,1830,false
365,7075,true
496,7075,true
39,1532,false
124,1532,false
224,1532,false
227,1532,false
521,7075,true
14,1543,false
52,1554,false
228,1554,false
227,1554,false
56,1330,true
22,1330,true
223,1340,true
327,7075,true
502,7075,true
441,7075,true
69,1580,false
224,1580,false
69,1581,false
224,1581,false
69,1584,false
224,1584,false
12,1586,false
12,1587,false
12,1588,false
340,7075,true
100,1835,false
438,7075,true
378,7075,true
437,7075,true
249,1839,false
505,7075,true
442,7075,true
243,7079,true
222,1601,false
11,1601,false
222,1602,false
11,1602,false
222,1603,false
11,1603,false
222,1604,false
11,1604,false
507,7080,true
100,1844,false
17,7116,true
52,1830,false
244,1830,false
242,1839,false
17,4241,true
17,7104,true
56,1625,false
57,1625,false
22,1625,false
56,1626,false
57,1626,false
22,1626,false
240,1835,false
9,1643,false
10,1645,false
17,4511,true
413,7115,true
17,4252,true
17,5609,true
233,1839,false
17,4251,true
17,4236,true
17,4810,true
17,4243,true
17,4515,true
17,4240,true
17,4508,true
60,1669,false
228,1669,false
227,1669,false
60,1672,false
228,1672,false
227,1672,false
17,4239,true
245,1830,false
233,1835,false
60,1674,false
228,1674,false
227,1674,false
17,5958,true
17,4510,true
17,4813,true
37,1682,false
228,1682,false
227,1682,false
17,4238,true
17,6745,true
413,5605,true
17,5181,true
17,4512,true
17,4242,true
17,4808,true
100,1853,false
245,1839,false
244,1839,false
100,1845,false
100,1839,false
238,1850,false
249,1830,false
238,1844,false
238,1830,false
233,1830,false
230,4019,true
230,4021,true
230,4022,true
230,4023,true
230,4024,true
230,4025,true
230,4026,true
238,1815,true
100,1819,true
238,1823,true
236,1825,true
235,1825,true
238,1829,true
240,1829,true
237,1831,true
238,1831,true
238,1838,true
240,1838,true
237,1842,true
238,1848,true
240,1848,true
237,1853,true
100,1816,true
237,1816,true
233,1816,true
233,1828,true
237,1828,true
100,1828,true
237,1840,true
233,1840,true
100,1840,true
237,1847,true
233,1847,true
100,1847,true
261,1833,true
302,1833,true
461,1833,true
281,1833,true
506,1833,true
527,1833,true
340,1833,true
476,1833,true
266,1833,true
502,1833,true
507,1833,true
346,1833,true
230,1815,true
230,1817,true
230,1818,true
230,1819,true
230,1821,true
93,1785,false
224,1785,false
227,1785,false
230,1823,true
230,1825,true
230,1829,true
230,1831,true
230,1832,true
230,1834,true
94,1791,false
224,1791,false
227,1791,false
94,1792,false
224,1792,false
227,1792,false
94,1793,false
224,1793,false
227,1793,false
230,1816,true
230,1828,true
515,1833,true
492,1833,true
466,1833,true
271,1833,true
510,1833,true
343,208,true
407,4030,true
422,4631,true
422,4632,true
422,4633,true
364,4889,true
301,7070,true
399,7070,true
336,7081,true
2,1844,false
263,1844,false
42,4026,false
32,1844,false
362,1844,false
153,1844,false
421,1844,false
500,4023,false
413,1844,false
50,1844,false
265,1844,false
176,4022,false
433,1844,false
440,1844,false
152,1844,false
375,1844,false
259,4025,false
404,1844,false
298,4023,false
269,4022,false
261,4023,false
50,4019,false
259,1844,false
120,1844,false
443,4236,true
443,4237,true
443,4238,true
443,4239,true
443,4240,true
443,4241,true
443,4242,true
443,4243,true
443,4631,true
443,4632,true
443,4633,true
312,4237,true
312,4238,true
312,4243,true
220,645,true
220,648,true
220,652,true
220,655,true
220,656,true
220,657,true
220,704,true
346,325,true
491,1830,true
492,1830,true
305,1830,true
66,1830,true
346,4133,true
399,4251,true
399,4252,true
399,4508,true
399,4510,true
399,4512,true
399,4808,true
399,4899,true
399,4966,true
399,4967,true
399,4968,true
399,4970,true
399,4972,true
399,4974,true
399,4976,true
399,4977,true
399,4979,true
399,5082,true
399,5084,true
399,5188,true
399,5249,true
399,5251,true
399,5257,true
399,5811,true
399,5812,true
399,7082,true
399,7083,true
399,7084,true
399,7085,true
399,7086,true
399,7087,true
399,7088,true
263,1830,false
298,1830,false
328,1830,true
328,4594,true
328,7089,true
328,7090,true
364,4251,true
364,4252,true
364,4508,true
364,4510,true
364,4512,true
364,4967,true
364,4972,true
364,4974,true
364,5186,true
364,5252,true
364,5599,true
230,1814,false
364,5807,true
364,5808,true
364,5809,true
364,5810,true
364,5813,true
230,1820,false
364,5816,true
364,5829,true
230,1824,false
364,5830,true
364,5831,true
364,7091,true
230,1830,false
364,7092,true
364,7093,true
364,7094,true
364,7095,true
230,1835,false
489,1830,false
230,1839,false
157,6522,true
230,1841,false
156,6522,true
230,1844,false
230,1845,false
230,1846,false
179,6926,true
168,6926,true
230,1850,false
4,7043,true
155,7063,true
361,4066,true
230,1838,true
230,1842,true
230,1848,true
230,1851,true
410,4122,true
115,195,false
227,195,false
115,196,false
408,4224,true
230,1853,true
230,1840,true
361,4236,true
220,3746,false
227,196,false
230,1847,true
519,1833,true
408,4236,true
115,197,false
227,197,false
361,4237,true
223,3748,false
126,3748,false
408,4237,true
361,4238,true
408,4238,true
361,4239,true
408,4239,true
408,4240,true
361,4241,true
408,4241,true
361,4242,true
408,4242,true
361,4243,true
408,4243,true
403,4251,true
361,4251,true
403,4252,true
361,4252,true
361,4277,true
408,4434,true
410,4478,true
403,4508,true
361,4508,true
403,4510,true
361,4510,true
403,4512,true
361,4512,true
361,4515,true
361,4654,true
336,4694,true
336,4925,true
336,4929,true
361,4967,true
361,4972,true
361,4974,true
361,5039,true
361,5082,true
361,5084,true
333,5092,true
361,5163,true
361,5188,true
403,5809,true
361,5832,true
403,5953,true
403,7086,true
361,7117,true
361,7118,true
361,7119,true
361,7120,true
361,7121,true
403,7122,true
403,7123,true
403,7124,true
403,7125,true
403,7126,true
403,7127,true
403,7128,true
403,7129,true
403,7130,true
403,7131,true
403,7132,true
403,7133,true
403,7134,true
403,7135,true
403,7136,true
110,1818,true
410,751,true
410,1270,true
410,4172,true
410,4200,true
410,4673,true
410,7070,true
8,5891,true
403,4967,true
403,4972,true
403,4974,true
445,7137,true
445,7138,true
445,7139,true
445,7140,true
443,7140,true
443,7139,true
443,7138,true
443,7137,true
333,4251,true
408,4251,true
333,4252,true
408,4252,true
333,4508,true
408,4508,true
333,4510,true
408,4510,true
333,4512,true
408,4512,true
333,4515,true
408,4515,true
333,4886,true
333,4967,true
408,4967,true
408,4970,true
333,4972,true
408,4972,true
333,4974,true
408,4974,true
333,4979,true
333,5082,true
333,5084,true
333,5188,true
333,5201,true
333,5244,true
333,5249,true
333,5252,true
408,5650,true
333,5811,true
333,5812,true
263,1833,true
505,1833,true
334,1833,true
526,1833,true
463,1833,true
335,1833,true
491,1833,true
115,199,false
227,199,false
207,3749,false
364,119,true
496,4022,true
364,4074,true
364,4164,true
152,3754,false
65,3754,false
224,3754,false
152,3755,false
364,4171,true
323,4236,true
323,4239,true
323,4241,true
323,4242,true
496,4291,true
496,4300,true
496,4303,true
323,4631,true
323,4632,true
323,4633,true
496,5819,true
496,7096,true
496,7097,true
496,7098,true
496,7099,true
496,7100,true
325,1830,false
380,4236,true
380,4237,true
380,4238,true
380,4239,true
380,4240,true
380,4241,true
12,34,false
13,34,false
35,34,false
42,34,false
123,34,false
135,34,false
152,34,false
168,34,false
179,34,false
199,34,false
203,34,false
71,36,false
380,4242,true
380,4243,true
334,4683,true
446,4631,true
446,4632,true
446,4633,true
448,1830,true
422,4365,true
422,4366,true
422,4367,true
382,4942,true
382,7102,true
443,1830,false
333,4036,true
357,4042,true
357,4047,true
357,4056,true
333,4102,true
446,4251,true
446,4252,true
333,4314,true
446,4508,true
446,4510,true
446,4512,true
446,4515,true
333,4669,true
333,4685,true
446,4808,true
446,4967,true
446,4972,true
446,4974,true
446,5650,true
333,6745,true
446,7103,true
446,7104,true
446,7105,true
446,7106,true
446,7107,true
11,4118,true
11,5945,true
11,7108,true
11,7109,true
37,7110,true
86,7110,true
22,7110,true
6,7110,true
11,7110,true
61,7110,true
72,7110,true
62,7110,true
402,7110,true
50,57,false
52,57,false
62,57,false
73,57,false
74,57,false
82,57,false
152,57,false
157,57,false
168,57,false
174,57,false
179,57,false
228,57,false
229,57,false
230,57,false
78,7110,true
154,7110,true
342,7110,true
325,7110,true
60,7110,true
191,7110,true
325,7111,true
61,7112,true
37,7112,true
72,7112,true
86,7112,true
62,7112,true
78,7112,true
154,7112,true
342,7112,true
325,7112,true
60,7112,true
11,7112,true
235,5746,true
321,5746,true
249,5857,true
249,4997,true
249,7110,true
249,5884,true
249,5860,true
8,7110,false
32,7112,false
32,7110,false
10,69,false
32,69,false
33,69,false
454,1833,true
233,1833,true
241,1833,true
237,1833,true
100,1833,true
230,1833,true
469,1852,true
488,1852,true
32,3993,false
468,1852,true
32,3856,false
65,3755,false
402,4848,true
402,7101,true
115,206,false
224,3755,false
152,3756,false
65,3756,false
20,3756,false
224,3756,false
152,3757,false
65,3757,false
224,3757,false
227,206,false
70,69,false
79,69,false
80,69,false
83,69,false
122,69,false
154,69,false
175,69,false
37,3466,true
3,5847,true
176,69,false
177,69,false
221,69,false
224,69,false
229,69,false
122,70,false
321,5847,true
60,3993,true
249,5853,true
3,5882,true
37,3878,true
2,751,true
37,3856,true
249,7112,true
249,5930,true
22,4841,true
249,5889,true
154,3408,true
2,3856,true
22,3914,true
2,7110,true
235,5889,true
249,3164,true
249,3409,true
249,5881,true
22,3993,true
42,3993,true
2,5847,true
235,7112,true
321,5889,true
249,5912,true
249,5847,true
2,5190,true
42,5889,true
60,4841,true
42,5847,true
249,5694,true
321,7110,true
510,7110,true
504,7110,true
485,7110,true
323,7110,true
378,7110,true
484,7110,true
17,1833,true
333,5832,true
408,5950,true
408,5963,true
333,7081,true
408,7104,true
333,7118,true
408,7118,true
333,7121,true
333,7141,true
333,7142,true
333,7143,true
408,7144,true
408,7145,true
408,7146,true
408,7147,true
408,7148,true
408,7149,true
408,7150,true
408,7151,true
408,7152,true
408,7153,true
235,5847,false
235,3914,false
235,7110,false
456,1852,true
473,1852,true
463,1852,true
12,1852,true
472,1852,true
476,1852,true
477,1852,true
455,1852,true
230,1852,true
375,4874,true
2,5157,true
298,4139,true
50,4040,true
430,4071,true
322,4239,true
175,4388,true
398,3915,true
50,4045,true
3,4551,true
375,4040,true
373,4842,true
325,4636,true
489,1202,true
402,4027,true
120,6869,true
398,4097,true
513,4053,true
440,4238,true
35,4090,true
32,4320,true
517,4033,true
430,4238,true
175,4040,true
176,4057,true
16,4817,true
500,5705,true
443,4280,true
32,4865,true
366,4061,true
411,5128,true
440,4050,true
16,4815,true
167,5102,true
413,5161,true
298,4071,true
413,4529,true
362,4049,true
398,4220,true
404,4239,true
176,4208,true
380,4062,true
443,4707,true
433,4095,true
16,4031,true
362,4304,true
2,5144,true
360,4050,true
35,4489,true
325,4079,true
127,1270,true
2,5130,true
421,4091,true
380,4948,true
113,4061,true
513,4792,true
433,4071,true
333,4697,true
3,4042,true
11,4090,true
373,4845,true
110,4073,true
298,4061,true
406,4240,true
16,4142,true
2,4867,true
11,4042,true
433,4056,true
443,5362,true
436,4050,true
298,933,true
167,4214,true
402,4049,true
430,5243,true
71,4043,true
373,7027,true
50,3857,true
333,4701,true
128,4110,true
35,4535,true
322,4549,true
35,4445,true
392,4918,true
380,4990,true
50,4749,true
380,4907,true
513,4056,true
37,4073,true
380,4426,true
99,4238,true
436,5282,true
440,4241,true
128,4447,true
398,6833,true
366,4785,true
415,4464,true
413,4897,true
375,4862,true
513,4537,true
2,4689,true
113,4079,true
127,4031,true
500,4241,true
298,4238,true
17,4788,true
421,4390,true
298,4055,true
380,4970,true
421,4169,true
430,5169,true
6,4051,true
395,4261,true
298,4530,true
298,4179,true
517,4537,true
406,4261,true
375,4156,true
298,4045,true
440,4541,true
59,4082,true
433,4100,true
489,4616,true
430,4064,true
392,4591,true
404,4240,true
33,117,false
71,117,false
108,117,false
110,117,false
192,117,false
193,117,false
194,117,false
33,119,false
34,119,false
35,4221,true
69,119,false
71,119,false
122,119,false
124,119,false
168,119,false
179,119,false
224,119,false
33,123,false
33,132,false
4,134,false
8,134,false
14,134,false
103,134,false
6,4464,true
517,6954,true
413,5138,true
392,4241,true
398,5056,true
423,4056,true
32,4365,false
436,5270,true
430,5234,true
402,4469,true
99,6833,true
3,4584,true
406,4139,true
443,4125,true
413,4240,true
513,4798,true
398,5054,true
360,4091,true
333,4401,true
517,4045,true
120,4126,true
375,4559,true
35,4041,true
430,4979,true
6,4040,true
325,4601,true
423,4791,true
489,4212,true
360,4116,true
152,4035,true
153,4045,true
127,4051,true
366,4046,true
362,4282,true
2,4613,true
298,4377,true
3,4063,true
513,4049,true
192,4239,true
380,4719,true
298,4486,true
436,5297,true
360,4032,true
99,4426,true
298,4425,true
375,751,true
176,4059,true
127,4536,true
366,4829,true
59,4428,true
153,6579,true
298,4216,true
99,4669,true
99,4073,true
500,6745,true
489,5655,true
110,4054,true
436,5271,true
398,4695,true
362,4776,true
167,1270,true
392,4471,true
153,4031,true
99,4200,true
436,4314,true
443,4591,true
50,4041,true
16,4794,true
298,4456,true
6,4791,true
167,4281,true
489,4508,true
392,5036,true
360,4197,true
179,4061,true
380,4508,true
486,4056,true
406,4185,true
380,4522,true
404,6833,true
2,4045,true
517,4365,true
71,4061,true
110,6833,true
71,4047,true
380,4983,true
179,4345,true
513,4142,true
513,4027,true
52,186,false
228,186,false
32,193,false
37,193,false
228,193,false
32,196,false
139,196,false
33,208,false
42,208,false
58,208,false
59,208,false
71,208,false
83,208,false
92,208,false
94,208,false
100,208,false
102,208,false
105,208,false
108,208,false
109,208,false
110,208,false
113,208,false
123,208,false
155,208,false
161,208,false
164,208,false
175,208,false
176,208,false
177,208,false
215,208,false
220,208,false
221,208,false
224,208,false
227,208,false
229,208,false
156,215,false
157,215,false
333,4664,true
411,4365,true
406,1011,true
375,4059,true
50,4764,true
167,4707,true
113,4045,true
291,6745,true
59,4450,true
440,5962,true
430,4096,true
402,4236,true
500,5675,true
17,4792,true
486,4125,true
395,4123,true
3,4055,true
406,4063,true
110,4056,true
398,4043,true
375,4866,true
99,4263,true
11,7066,true
110,4076,true
413,4057,true
440,4240,true
398,4197,true
430,4611,true
423,4314,true
395,4042,true
402,4056,true
50,4093,true
440,4163,true
32,4096,false
32,233,false
37,233,false
43,199,false
228,233,false
122,236,false
201,244,false
202,244,false
205,244,false
206,244,false
209,244,false
375,4885,true
430,5151,true
380,4047,true
423,5234,true
415,5226,true
127,4062,true
11,4474,true
196,284,false
224,284,false
19,289,false
32,289,false
34,289,false
37,289,false
52,289,false
55,289,false
56,289,false
139,289,false
156,289,false
157,289,false
228,289,false
500,4113,true
153,4041,true
436,4469,true
486,4051,true
298,4463,true
54,5111,true
110,4028,true
11,5028,true
175,4037,true
54,4074,true
413,5185,true
5,317,false
42,317,false
230,317,false
9,324,false
76,324,false
77,324,false
76,325,false
77,325,false
203,325,false
207,326,false
207,330,false
76,336,false
77,349,false
128,4042,true
167,5109,true
380,4933,true
230,206,true
423,4804,true
57,4050,true
99,4701,true
430,4977,true
99,4384,true
50,4775,true
500,4293,true
430,6745,true
167,4110,true
333,4629,true
298,4056,true
392,4046,true
4,356,false
57,356,false
109,358,false
443,4314,true
176,4055,true
440,4046,true
192,4242,true
430,5258,true
54,4173,true
404,4027,true
362,4601,true
152,5086,true
375,4057,true
443,5105,true
500,5711,true
230,4199,true
325,4607,true
99,4058,true
99,4211,true
517,4074,true
362,4474,true
486,4037,true
110,4061,true
128,4191,true
362,4774,true
366,4365,true
99,4091,true
415,5223,true
298,4427,true
258,6481,true
35,4430,true
167,6745,true
513,4310,true
59,437,false
136,437,false
142,437,false
167,4430,true
325,4060,true
395,4495,true
179,4348,true
176,4038,true
513,4689,true
443,5304,true
128,4091,true
402,5060,true
333,4220,true
398,5053,true
50,4747,true
127,4191,true
59,5641,true
113,4033,true
50,6833,true
380,4919,true
443,6869,true
380,4906,true
489,4125,true
348,4730,true
421,4238,true
513,4769,true
413,5215,true
348,4510,true
298,4213,true
413,4780,true
99,4029,true
436,4031,true
179,6953,true
443,4281,true
127,6833,true
57,4033,true
380,4982,true
16,4079,true
436,5289,true
402,4054,true
406,4686,true
153,4142,true
325,4317,true
500,5728,true
153,5712,true
35,4374,true
298,4252,true
128,4049,true
153,5025,true
71,4067,true
175,4208,true
99,4054,true
32,4862,false
32,4050,false
167,4838,true
99,4052,true
325,208,true
6,4042,true
443,5319,true
395,4758,true
380,4430,true
373,4139,true
333,4090,true
348,4741,true
413,4883,true
375,4076,true
2,5154,true
373,4833,true
392,4034,true
153,5023,true
500,4060,true
413,4220,true
423,1011,true
128,4653,true
153,4042,true
175,6212,true
430,5261,true
402,4166,true
167,1554,true
17,4791,true
298,4108,true
380,4950,true
113,4062,true
440,4041,true
2,4860,true
35,4027,true
59,4047,true
380,4903,true
375,69,true
373,4804,true
333,4359,true
35,4320,true
57,4791,true
421,4880,true
176,6833,true
167,4208,true
54,4314,true
406,4060,true
413,4589,true
517,4239,true
395,4027,true
436,5293,true
433,4097,true
175,4123,true
128,4432,true
128,4031,true
167,4059,true
192,4045,true
59,4057,true
430,4390,true
500,4321,true
333,4474,true
54,4071,true
421,4038,true
421,4098,true
500,4311,true
153,4261,true
50,4059,true
325,4373,true
50,4061,true
104,597,false
218,610,false
220,610,false
430,4056,true
298,4422,true
406,4426,true
489,4174,true
413,5137,true
153,4454,true
30,627,false
191,627,false
216,627,false
500,4236,true
443,4227,true
214,647,false
220,653,false
202,669,false
205,669,false
206,669,false
209,669,false
93,704,false
224,704,false
227,704,false
70,726,false
224,726,false
156,729,false
157,729,false
70,732,false
224,732,false
33,737,false
70,737,false
122,737,false
224,737,false
124,741,false
33,742,false
70,742,false
224,742,false
70,744,false
224,744,false
33,750,false
70,750,false
71,750,false
224,750,false
154,751,false
33,758,false
70,758,false
224,758,false
375,4172,true
433,4863,true
282,6833,true
66,7027,true
127,4430,true
37,4054,true
486,5472,true
436,4169,true
266,6833,true
486,985,true
167,4349,true
413,5165,true
99,4315,true
517,4059,true
325,4222,true
421,1202,true
120,751,true
489,4636,true
3,4056,true
517,4038,true
94,841,false
227,841,false
168,847,false
179,847,false
5,848,false
37,855,false
228,855,false
5,872,false
415,4051,true
19,930,false
392,4038,true
513,4450,true
500,5707,true
8,4063,false
32,4059,false
214,208,false
413,5152,true
214,212,false
214,215,false
380,4083,true
380,4986,true
415,4244,true
421,4199,true
500,5691,true
178,3760,false
178,3761,false
16,4820,true
50,4294,true
455,933,true
366,4051,true
455,1270,true
153,4314,true
395,5047,true
152,3764,false
175,959,false
176,959,false
175,4027,true
486,5405,true
440,4155,true
513,4784,true
402,5078,true
440,4876,true
325,4048,true
176,4037,true
176,4049,true
35,4466,true
35,889,true
413,5153,true
143,984,false
95,985,false
96,985,false
112,985,false
151,985,false
455,4027,true
430,5179,true
402,4450,true
423,4061,true
443,4173,true
153,5006,true
406,4054,true
406,5123,true
37,4041,true
127,4912,true
398,4242,true
325,4139,true
406,4109,true
12,1067,false
13,1067,false
35,1067,false
152,4031,true
54,5098,true
298,4059,true
423,4667,true
298,4033,true
298,6745,true
436,4061,true
430,4863,true
54,6833,true
153,4279,true
333,4279,true
530,6833,true
52,1117,false
20,1136,false
65,1136,false
152,1136,false
224,1136,false
32,1139,false
104,1139,false
171,1139,false
173,1139,false
174,1139,false
192,4042,true
380,4093,true
35,4209,true
3,4034,true
110,1270,true
52,1166,false
227,1166,false
228,1166,false
94,1168,false
227,1168,false
362,4773,true
153,5685,true
181,1340,false
170,1380,false
152,5003,true
76,1455,false
77,1455,false
35,4124,true
37,4474,true
128,5045,true
50,4033,true
421,4049,true
392,5032,true
366,4045,true
500,4290,true
398,4497,true
333,4266,true
443,4343,true
348,4736,true
73,1554,false
92,1554,false
156,1580,false
50,6336,true
455,4031,true
298,4241,true
455,4033,true
6,4034,true
4,5064,true
455,4034,true
110,4086,true
423,4170,true
455,4037,true
322,4584,true
16,4787,true
398,4269,true
366,4185,true
421,4042,true
398,4241,true
430,4170,true
83,50,false
455,4038,true
167,4125,true
517,4049,true
430,4849,true
392,5042,true
322,4045,true
455,4040,true
156,57,false
214,210,true
11,4061,true
298,4278,true
35,4043,true
513,4237,true
486,4040,true
110,4083,true
167,4122,true
99,4064,true
83,51,true
375,4867,true
455,4041,true
455,4042,true
455,4043,true
455,4045,true
455,4046,true
455,4047,true
455,4049,true
32,4849,false
65,3764,false
224,3764,false
127,4243,true
402,4031,true
392,1068,true
4,4054,true
440,4062,true
99,4267,true
113,4035,true
54,4030,true
50,6745,true
127,4041,true
443,4204,true
443,4349,true
455,4051,true
455,4053,true
500,5689,true
99,4060,true
375,4047,true
228,3772,false
37,3772,false
227,3772,false
115,233,false
227,233,false
115,234,false
500,4088,true
489,4200,true
395,4054,true
421,4693,true
99,4066,true
375,4036,true
433,4045,true
167,4038,true
392,4502,true
430,5260,true
227,234,false
71,1011,true
12,3784,false
455,4054,true
455,4055,true
115,57,false
171,57,false
66,57,false
455,4056,true
9,317,false
9,1010,false
413,5170,true
59,4261,true
99,4081,true
4,5060,true
285,6833,true
83,3270,true
221,3270,true
229,3270,true
500,5701,true
366,4800,true
443,4447,true
298,6954,true
59,4170,true
298,4446,true
392,4061,true
99,4313,true
517,4880,true
179,4344,true
398,4653,true
366,4813,true
60,3335,true
228,3335,true
156,3335,true
227,3335,true
440,4153,true
373,4839,true
113,4038,true
430,4099,true
436,4768,true
127,4027,true
500,4221,true
57,4031,true
421,4040,true
50,4257,true
99,4046,true
35,4143,true
325,4644,true
423,4067,true
322,4548,true
430,4869,true
115,186,true
227,186,true
115,193,true
227,193,true
443,6813,true
17,4796,true
59,4426,true
440,4170,true
2,4031,true
228,3408,true
37,3408,true
227,3408,true
32,3408,true
228,3409,true
37,3409,true
227,3409,true
228,3411,true
37,3411,true
227,3411,true
32,3411,true
298,4173,true
404,4998,true
152,4191,true
167,4051,true
366,1068,true
4,4053,true
489,4236,true
322,4583,true
333,4434,true
54,6869,true
8,5287,false
32,4033,false
455,4059,true
455,4061,true
455,4063,true
301,4065,true
115,235,true
227,235,true
115,58,true
301,4071,true
455,4074,true
455,4090,true
455,4123,true
455,4149,true
496,4153,true
455,4156,true
496,4166,true
455,4176,true
301,4213,true
301,4214,true
455,4219,true
455,4236,true
516,4237,true
516,4238,true
455,4239,true
516,4240,true
455,4241,true
455,4242,true
516,4243,true
455,4271,true
455,4365,true
301,4365,true
455,4366,true
301,4366,true
455,4367,true
301,4367,true
455,4450,true
455,4467,true
455,4468,true
455,4469,true
455,4470,true
455,4480,true
455,4486,true
455,4487,true
455,4520,true
455,5065,true
455,5067,true
455,5068,true
455,5072,true
455,5073,true
455,5074,true
455,5075,true
455,5077,true
455,5078,true
455,5079,true
455,5472,true
455,5473,true
455,5505,true
301,5652,true
37,4867,true
413,4100,true
406,4124,true
413,5211,true
298,4505,true
325,4384,true
430,4858,true
3,4061,true
167,4443,true
413,4043,true
167,4350,true
440,4167,true
375,4778,true
360,4098,true
360,4031,true
433,4897,true
433,4046,true
35,4485,true
71,4708,true
333,4657,true
489,5638,true
192,4243,true
99,6381,true
50,6869,true
333,4384,true
513,4040,true
440,4474,true
2,4320,true
423,4185,true
421,4093,true
366,6833,true
436,4689,true
99,4672,true
413,4582,true
443,3915,true
263,6745,true
513,4046,true
413,5209,true
421,4559,true
348,4063,true
298,4185,true
3,4049,true
415,4048,true
59,6833,true
489,4157,true
274,3915,true
375,4221,true
500,4483,true
37,4276,true
99,4076,true
489,4254,true
167,4061,true
362,4709,true
375,4858,true
127,4980,true
362,4170,true
436,4034,true
430,4861,true
433,4069,true
430,5212,true
486,4168,true
421,4320,true
500,4240,true
436,5294,true
362,4528,true
433,4043,true
443,4215,true
16,4813,true
50,4171,true
406,4314,true
175,4122,true
517,5220,true
127,4942,true
436,5153,true
298,4240,true
167,5306,true
513,4241,true
413,5172,true
54,4056,true
153,4205,true
430,4074,true
513,4031,true
4,4046,true
71,4032,true
333,4675,true
402,7027,true
167,4191,true
11,4045,true
32,4559,true
167,4241,true
6,4031,true
406,4035,true
423,4689,true
398,4450,true
430,4252,true
380,4532,true
421,5962,true
430,4970,true
436,5276,true
489,4062,true
152,4038,true
59,4071,true
333,4214,true
11,4314,true
322,4242,true
413,5180,true
433,4474,true
392,4475,true
113,1011,true
35,4367,true
333,4051,true
333,4055,true
500,4091,true
360,4037,true
50,751,true
176,4045,true
167,5115,true
230,4060,true
99,4085,true
440,4060,true
436,4033,true
395,4061,true
362,4591,true
517,1011,true
167,4035,true
398,6953,true
430,5156,true
259,7027,true
333,4707,true
362,4073,true
110,4048,true
32,4275,true
32,4850,false
413,4034,true
370,1011,true
453,5100,true
370,5796,true
371,4090,true
369,4236,true
394,4236,true
394,4237,true
394,4238,true
369,4239,true
394,4239,true
369,4240,true
394,4240,true
369,4241,true
394,4241,true
369,4242,true
394,4242,true
394,4243,true
369,4251,true
418,4251,true
369,4252,true
418,4252,true
418,4508,true
369,4510,true
418,4510,true
369,4511,true
369,4512,true
418,4512,true
418,4513,true
418,4810,true
418,5166,true
418,5178,true
418,5179,true
369,5181,true
418,5195,true
369,5797,true
369,5798,true
369,5799,true
369,5800,true
418,5801,true
418,5802,true
418,5803,true
418,5804,true
363,4251,true
363,4252,true
505,4430,true
363,4508,true
363,4510,true
363,4511,true
363,4512,true
363,4808,true
363,4967,true
363,4968,true
363,4970,true
363,4972,true
363,4974,true
363,5082,true
363,5084,true
363,5181,true
363,5243,true
363,5245,true
363,5246,true
363,5249,true
363,5251,true
363,5252,true
363,5257,true
363,5599,true
363,5605,true
363,5609,true
363,5805,true
363,5806,true
363,5807,true
363,5808,true
363,5809,true
363,5810,true
363,5811,true
363,5812,true
363,5813,true
363,5814,true
363,5815,true
363,5816,true
363,5817,true
363,5818,true
363,5819,true
363,5820,true
363,5821,true
363,5822,true
363,5823,true
363,5824,true
363,5825,true
363,5826,true
363,5827,true
363,5828,true
363,5829,true
363,5830,true
363,5831,true
363,5832,true
363,5833,true
363,5834,true
363,5835,true
35,4452,true
489,4074,true
2,4873,true
380,4943,true
35,4097,true
153,4426,true
430,4862,true
57,4123,true
440,4168,true
154,3466,true
167,4090,true
110,4080,true
54,4035,true
436,4400,true
413,5190,true
167,4129,true
366,4807,true
375,7075,true
413,4857,true
392,4390,true
362,4763,true
154,3878,true
72,3878,true
61,3878,true
366,7027,true
127,4048,true
342,3915,true
380,4172,true
113,4037,true
127,4238,true
50,4149,true
57,4027,true
375,4851,true
436,4051,true
366,4054,true
486,1270,true
415,4139,true
128,4464,true
54,5119,true
153,4115,true
59,4281,true
342,3991,true
191,3993,true
325,3993,true
154,3993,true
342,3993,true
72,3993,true
78,3993,true
37,3993,true
11,3993,true
8,3993,false
8,3164,false
32,3991,false
32,123,false
32,3409,false
373,4841,true
59,4033,true
513,4796,true
430,5082,true
430,4223,true
500,5712,true
443,5306,true
325,4023,true
154,4023,true
342,4023,true
72,4023,true
78,4023,true
325,4024,true
154,4024,true
37,4024,true
154,4025,true
72,4025,true
86,4025,true
37,4025,true
37,4058,true
325,4437,true
342,4721,true
342,4841,true
72,4841,true
78,4841,true
325,4841,true
154,4841,true
62,4841,true
86,4841,true
37,4841,true
11,4841,true
61,4841,true
342,4848,true
72,4848,true
78,4848,true
325,4848,true
154,4848,true
62,4848,true
37,4848,true
11,4848,true
61,4848,true
154,4894,true
342,4996,true
325,4997,true
37,5165,true
342,5188,true
11,5190,true
37,5258,true
11,5258,true
62,5427,true
154,5607,true
154,5613,true
154,5615,true
325,5746,true
154,5746,true
342,5746,true
72,5746,true
78,5746,true
37,5746,true
61,5746,true
154,5809,true
325,5828,true
37,5837,true
342,5838,true
11,5839,true
78,5840,true
154,5841,true
72,5841,true
342,5842,true
37,5843,true
11,5844,true
325,5845,true
342,5845,true
11,5845,true
342,5846,true
325,5847,true
154,5847,true
342,5847,true
72,5847,true
62,5847,true
78,5847,true
86,5847,true
37,5847,true
11,5847,true
61,5847,true
11,5848,true
342,5849,true
72,5849,true
325,5850,true
78,5851,true
342,5852,true
37,5853,true
37,5855,true
154,5856,true
72,5856,true
11,5858,true
61,5859,true
37,5860,true
325,5862,true
11,5863,true
325,5865,true
62,5865,true
61,5865,true
342,5866,true
78,5867,true
17,4031,true
54,5099,true
322,4585,true
433,4629,true
421,4221,true
54,4063,true
513,5738,true
37,4828,true
430,4242,true
152,5096,true
380,4991,true
54,4250,true
362,4051,true
366,4267,true
285,7075,true
298,4447,true
413,4095,true
6,4789,true
443,5373,true
333,4191,true
8,5864,false
8,5845,false
8,5195,false
8,5828,false
8,5847,false
8,5861,false
8,4841,false
8,5854,false
32,4024,false
32,4601,false
32,5845,false
32,5855,false
32,5857,false
32,5868,false
32,4997,false
32,5746,false
32,4841,false
32,4848,false
32,5188,false
32,5847,false
32,5853,false
32,5860,false
32,5694,false
32,5605,false
32,4058,false
37,5868,true
11,5870,true
11,5871,true
325,5872,true
154,5873,true
8,5874,true
342,5875,true
325,5876,true
37,5878,true
325,5880,true
37,5882,true
325,5883,true
154,5883,true
342,5883,true
62,5883,true
11,5883,true
61,5883,true
11,5885,true
72,5886,true
61,5887,true
37,5888,true
443,5889,true
191,5889,true
342,5889,true
72,5889,true
78,5889,true
325,5889,true
154,5889,true
62,5889,true
86,5889,true
37,5889,true
11,5889,true
61,5889,true
37,5891,true
78,5892,true
11,5893,true
342,5895,true
154,5896,true
11,5897,true
78,5898,true
11,5899,true
78,5900,true
78,5902,true
325,5903,true
325,5904,true
37,5905,true
11,5906,true
37,5907,true
154,5909,true
154,5910,true
78,5911,true
78,5912,true
37,5912,true
154,5913,true
37,5914,true
62,5915,true
72,5916,true
325,5917,true
342,5919,true
78,5919,true
154,5920,true
37,5920,true
78,5921,true
325,5922,true
154,5922,true
342,5922,true
72,5922,true
62,5922,true
78,5922,true
86,5922,true
37,5922,true
11,5922,true
61,5922,true
37,5923,true
342,5924,true
72,5924,true
342,5925,true
61,5927,true
342,5928,true
325,5931,true
37,5932,true
37,4706,true
375,4478,true
404,6742,true
500,4114,true
230,4043,true
325,4603,true
325,4360,true
375,4850,true
402,6954,true
517,5258,true
500,5686,true
380,4913,true
99,4662,true
99,4044,true
298,4484,true
35,4056,true
500,4083,true
57,4142,true
325,6873,true
175,4047,true
50,4757,true
443,6993,true
35,6833,true
298,4426,true
16,4816,true
325,4532,true
298,4191,true
128,4400,true
99,4710,true
413,4865,true
375,4879,true
333,208,true
50,4243,true
423,5051,true
298,4361,true
127,4675,true
413,5212,true
333,4142,true
421,1197,true
35,933,true
392,4868,true
153,4319,true
486,4191,true
436,5273,true
16,4806,true
413,4054,true
436,4042,true
489,5642,true
50,4164,true
127,7027,true
423,5230,true
2,4855,true
360,4059,true
517,4784,true
362,4745,true
153,5687,true
325,4602,true
8,5889,false
8,5908,false
8,5869,true
8,5929,false
8,5926,false
8,5901,false
32,5879,false
32,5881,false
32,5877,false
32,5889,false
32,5884,false
32,5918,false
32,5930,false
32,5920,false
32,4060,false
237,4020,false
247,4023,false
62,4023,false
236,4023,false
321,4025,false
231,1820,false
100,4021,false
238,4020,false
246,4023,false
60,4023,false
231,1828,false
100,4022,false
238,4022,false
235,4023,false
231,1853,false
100,4023,false
489,1833,false
238,4023,false
86,4023,false
244,4023,false
235,4025,false
402,4023,false
240,4023,false
249,4020,false
231,1844,false
231,1845,false
231,1816,false
500,1833,false
486,1830,false
52,4020,false
231,1847,false
235,4026,false
6,4025,false
22,4023,false
231,4023,false
231,4024,false
236,4026,false
231,1835,false
321,4023,false
237,4023,false
486,1852,false
231,1833,false
380,4051,true
231,4021,false
237,4022,false
231,1819,false
231,1840,false
440,1830,false
245,4023,false
298,1833,false
231,1830,false
37,4023,false
517,1833,false
237,4021,false
237,4024,false
61,4023,false
231,4020,false
52,4023,false
249,4023,false
231,4022,false
11,4023,false
191,4023,false
430,1830,false
32,4023,false
421,1830,false
242,4023,false
249,4022,false
52,4022,false
333,1833,false
231,1839,false
513,1833,false
402,356,true
402,3164,true
348,4034,true
6,5218,true
99,4191,true
413,4853,true
404,4054,true
402,3993,true
398,6869,true
78,4022,true
402,4118,true
6,4118,true
191,4841,true
402,4841,true
191,4848,true
60,4848,true
6,4848,true
22,4848,true
60,5188,true
6,5190,true
191,5746,true
60,5746,true
22,5746,true
6,5804,true
402,5839,true
191,5847,true
60,5847,true
402,5847,true
6,5847,true
22,5847,true
60,5865,true
22,5883,true
60,5889,true
402,5889,true
6,5889,true
22,5889,true
402,5893,true
191,5922,true
60,5922,true
402,5922,true
6,5922,true
22,5922,true
78,5933,true
402,5934,true
402,5935,true
6,5936,true
6,5937,true
6,5938,true
191,5939,true
60,5940,true
78,5941,true
402,5942,true
402,5943,true
402,5944,true
402,5945,true
191,5946,true
402,5947,true
402,5948,true
402,5949,true
382,4365,true
340,4365,true
382,4366,true
340,4366,true
382,4367,true
340,4367,true
421,4076,true
1,4034,true
1,4038,true
1,4041,true
1,4045,true
1,4063,true
1,4123,true
1,4200,true
1,4368,true
1,4369,true
1,4539,true
99,1833,false
37,1830,false
113,1833,false
59,1833,false
32,1830,false
99,4653,true
423,4687,true
392,4074,true
153,1833,false
500,325,true
430,4871,true
110,4081,true
57,1270,true
110,4037,true
298,4451,true
37,4849,true
16,4805,true
413,4093,true
120,4059,true
298,4473,true
373,4043,true
380,6981,true
513,4824,true
17,1270,true
59,4038,true
500,4668,true
415,4787,true
436,4046,true
413,5136,true
325,4645,true
298,4519,true
380,4918,true
443,4073,true
373,4027,true
423,4031,true
325,4050,true
71,4057,true
517,4545,true
362,4032,true
440,4778,true
433,5137,true
380,4447,true
513,4054,true
413,4860,true
17,4027,true
500,4072,true
440,4633,true
50,4774,true
413,4393,true
35,4051,true
362,119,true
362,4298,true
11,4067,true
153,5714,true
430,5037,true
375,4868,true
489,4048,true
325,4640,true
421,4056,true
2,4774,true
421,4778,true
406,4224,true
99,4700,true
35,325,true
113,4050,true
322,4570,true
99,4240,true
415,4033,true
443,4602,true
430,4073,true
167,5126,true
375,4061,true
128,1011,true
360,4070,true
433,4049,true
402,5071,true
2,4589,true
37,4161,true
167,4222,true
440,4185,true
392,4240,true
380,4924,true
167,4314,true
128,4433,true
127,4913,true
192,4237,true
402,5067,true
489,5651,true
392,4033,true
35,4461,true
298,4524,true
35,4038,true
398,7066,true
128,6788,true
333,4446,true
443,4344,true
17,4046,true
6,4063,true
398,4050,true
325,4084,true
375,4876,true
57,4035,true
167,4175,true
2,4074,true
500,4381,true
366,4048,true
443,5368,true
54,4139,true
489,4628,true
17,4785,true
443,5309,true
517,4543,true
298,4401,true
500,4175,true
298,4462,true
128,4062,true
37,1202,true
325,4605,true
16,4789,true
192,4241,true
298,4317,true
380,4908,true
402,4047,true
50,4237,true
380,4034,true
153,4421,true
430,4510,true
402,5061,true
54,4211,true
489,4251,true
99,4040,true
513,4793,true
517,4514,true
517,4035,true
57,4048,true
167,4148,true
110,4049,true
298,4517,true
430,5141,true
298,3915,true
366,4314,true
380,4160,true
298,4209,true
120,4061,true
54,5123,true
167,5116,true
167,7027,true
413,4320,true
430,5137,true
395,4448,true
298,4448,true
32,4199,true
500,4173,true
2,4040,true
413,5193,true
436,4532,true
423,4827,true
66,4139,true
265,6833,true
99,4037,true
325,4624,true
2,5133,true
322,4631,true
127,933,true
507,4111,true
507,4113,true
507,4251,true
507,4252,true
507,4508,true
507,4510,true
507,4512,true
243,4559,true
507,5082,true
507,5084,true
243,5167,true
243,5192,true
243,5202,true
507,5711,true
243,5811,true
243,5812,true
243,5950,true
243,5951,true
243,5952,true
243,5953,true
243,5954,true
243,5955,true
507,5956,true
507,5957,true
507,5958,true
507,5959,true
507,5960,true
413,5131,true
443,4497,true
127,4185,true
176,6953,true
176,4033,true
167,4346,true
167,5319,true
128,4401,true
398,5057,true
50,4758,true
298,4221,true
406,5116,true
440,4027,true
398,6981,true
99,4033,true
423,4944,true
380,4054,true
406,4216,true
443,5114,true
128,4421,true
59,4145,true
127,4237,true
325,4522,true
440,4706,true
430,5236,true
500,5725,true
153,5719,true
500,4262,true
500,4527,true
440,4849,true
325,4643,true
500,4315,true
443,4735,true
50,4242,true
99,4359,true
430,4155,true
6,4769,true
2,4861,true
443,5352,true
127,1011,true
373,4821,true
37,4860,true
440,4848,true
423,5035,true
489,5634,true
500,4374,true
500,5130,true
406,4609,true
443,4160,true
127,4090,true
59,1270,true
440,4157,true
489,4216,true
59,4209,true
127,4410,true
99,4035,true
362,4149,true
59,4149,true
360,4048,true
120,4144,true
16,4819,true
59,4340,true
513,4791,true
120,6833,true
120,4027,true
443,4350,true
443,4079,true
373,1626,true
6,4043,true
375,4162,true
37,4761,true
440,4847,true
325,4523,true
120,4173,true
57,6833,true
230,4035,true
362,4284,true
436,4058,true
17,4790,true
486,4063,true
54,5124,true
120,1202,true
406,4236,true
333,4640,true
167,4261,true
6,5133,true
423,6833,true
366,4050,true
395,4240,true
423,5039,true
230,4238,true
11,4221,true
366,4801,true
486,4054,true
413,4613,true
430,5244,true
17,4817,true
59,4443,true
59,4037,true
325,4361,true
380,4900,true
436,5290,true
375,4163,true
167,4428,true
398,4030,true
6,4059,true
57,4133,true
153,4428,true
443,5097,true
333,4075,true
54,5105,true
440,4243,true
421,4063,true
128,4139,true
50,4199,true
6,4038,true
127,4981,true
406,4421,true
261,6953,true
71,4093,true
443,4480,true
37,4062,true
430,4239,true
430,4046,true
360,4047,true
443,5117,true
517,4544,true
99,4428,true
32,4097,false
167,5104,true
99,119,true
3,4546,true
433,4033,true
35,4071,true
413,1270,true
153,6953,true
59,4027,true
392,4880,true
440,4042,true
362,4031,true
415,4557,true
175,4031,true
398,4031,true
176,4074,true
298,4531,true
433,4169,true
298,4410,true
433,4866,true
230,4061,true
50,4773,true
17,4045,true
430,4093,true
120,4031,true
288,6953,true
517,6953,true
406,4122,true
2,5153,true
430,5143,true
57,4108,true
443,4434,true
153,5019,true
366,4819,true
2,4849,true
395,4238,true
11,4055,true
486,4082,true
440,4879,true
392,4040,true
375,4853,true
362,4083,true
375,119,true
489,4340,true
380,4410,true
406,4264,true
380,4073,true
489,4602,true
57,5740,true
398,4060,true
517,4366,true
6,4863,true
443,4148,true
37,4163,true
430,4848,true
440,4478,true
277,7027,true
413,5206,true
392,4110,true
298,4520,true
398,4034,true
375,4034,true
413,5158,true
513,7027,true
423,4034,true
325,4066,true
489,5641,true
430,4045,true
489,4093,true
362,4139,true
37,4060,true
430,4038,true
348,4739,true
298,4082,true
99,6745,true
430,4048,true
35,4441,true
430,5239,true
500,5688,true
2,4041,true
322,4555,true
16,4139,true
120,4038,true
406,4211,true
57,4769,true
167,4605,true
398,4393,true
360,4270,true
325,4410,true
366,4787,true
443,5365,true
489,4057,true
3,4558,true
325,4359,true
500,4048,true
35,4211,true
4,4049,true
421,4047,true
413,4774,true
402,5079,true
35,4491,true
54,4263,true
4,5079,true
380,4938,true
128,4043,true
392,4320,true
433,4314,true
99,4055,true
360,4074,true
6,5223,true
406,5098,true
127,325,true
6,4027,true
406,4059,true
298,4079,true
421,4239,true
406,4706,true
433,4155,true
489,5335,true
17,4047,true
423,4320,true
3,4566,true
366,5796,true
298,4384,true
167,5110,true
360,4051,true
54,4054,true
153,4430,true
50,4771,true
333,119,true
4,4520,true
99,4532,true
153,4035,true
50,4043,true
153,4172,true
153,5008,true
179,4090,true
443,5122,true
113,4090,true
99,4042,true
513,4242,true
380,4059,true
35,4173,true
375,4158,true
71,6833,true
322,4577,true
436,5285,true
423,4057,true
366,4067,true
127,4033,true
415,4517,true
366,4831,true
54,5102,true
380,4072,true
167,437,true
362,749,true
153,4160,true
406,5107,true
37,4164,true
406,4238,true
380,4453,true
402,4045,true
333,4699,true
2,4269,true
402,4053,true
17,4055,true
375,4890,true
486,325,true
402,5070,true
59,4030,true
59,4074,true
167,4480,true
127,4060,true
443,5107,true
443,4425,true
406,4263,true
127,4239,true
430,5177,true
500,5702,true
298,4176,true
421,4237,true
333,4656,true
50,4748,true
167,4123,true
513,4735,true
35,4271,true
413,5159,true
298,4498,true
430,4697,true
375,7110,true
375,4883,true
110,4039,true
167,4735,true
2,5135,true
500,4318,true
298,4485,true
443,6486,true
285,3857,true
167,4250,true
486,4189,true
127,4045,true
11,4097,true
373,4142,true
298,4438,true
436,4040,true
348,4732,true
392,4168,true
54,4428,true
322,4063,true
298,4172,true
298,4050,true
50,4293,true
404,4995,true
37,4601,true
430,4033,true
430,5262,true
127,4142,true
517,5741,true
500,5674,true
398,4686,true
11,5030,true
35,4160,true
430,1197,true
406,4735,true
375,4071,true
413,5204,true
50,4889,true
99,4120,true
489,4209,true
380,4925,true
360,4093,true
127,4168,true
298,4536,true
440,5139,true
333,4710,true
50,4782,true
517,4056,true
325,4609,true
366,4821,true
380,4964,true
298,4132,true
37,4027,true
398,4400,true
411,4027,true
258,6381,true
54,4142,true
436,5267,true
11,6745,true
110,4050,true
37,1197,true
35,4460,true
2,4851,true
2,5131,true
298,4457,true
128,4030,true
322,4567,true
333,4430,true
517,4667,true
413,4252,true
430,5084,true
402,4467,true
333,4721,true
298,4481,true
333,4428,true
99,4374,true
413,4974,true
436,4043,true
35,4212,true
127,4901,true
71,4040,true
2,1011,true
2,4058,true
113,4060,true
517,4054,true
443,5125,true
71,4049,true
176,4046,true
375,4857,true
263,7089,true
413,7027,true
489,4255,true
433,6745,true
298,7075,true
17,4041,true
413,4288,true
489,4595,true
362,4366,true
325,6579,true
436,4531,true
16,4804,true
59,4593,true
50,4170,true
99,4430,true
413,4721,true
54,5097,true
395,4063,true
375,4893,true
517,4967,true
366,4034,true
153,4315,true
486,4047,true
404,5081,true
113,4074,true
128,4074,true
440,6833,true
153,6740,true
35,4170,true
362,4320,true
325,7075,true
489,4035,true
430,5245,true
37,4034,true
32,4239,false
37,4199,true
35,4295,true
50,4761,true
298,4521,true
443,4205,true
402,4037,true
167,4074,true
167,4141,true
413,4611,true
35,4053,true
362,117,true
322,4042,true
35,4264,true
59,5642,true
2,7027,true
366,4808,true
298,4142,true
11,4236,true
35,4484,true
411,4367,true
395,6833,true
513,4034,true
50,5877,true
375,4150,true
298,4480,true
423,4149,true
99,4057,true
99,4077,true
415,4789,true
430,4881,true
54,4125,true
402,4063,true
99,4048,true
430,4100,true
380,4058,true
37,4876,true
152,4176,true
489,4215,true
413,4873,true
423,4045,true
395,4045,true
17,4795,true
50,4759,true
413,5184,true
264,6953,true
99,4189,true
54,4447,true
430,7027,true
436,4032,true
35,4059,true
398,4200,true
430,5201,true
360,4099,true
175,6833,true
153,4762,true
440,4169,true
360,4033,true
127,4425,true
362,186,true
440,4162,true
366,4784,true
398,4640,true
406,4687,true
360,4073,true
37,4172,true
415,4238,true
423,4035,true
298,889,true
167,4042,true
443,4091,true
366,4817,true
366,4825,true
261,6833,true
54,4040,true
423,4366,true
128,4214,true
360,4275,true
392,4636,true
322,4566,true
57,4063,true
375,4050,true
380,4960,true
362,4668,true
179,4040,true
167,4173,true
380,4536,true
430,4320,true
486,4031,true
128,4199,true
404,4053,true
436,5274,true
4,5077,true
436,5291,true
362,4752,true
443,5127,true
6,5224,true
4,5063,true
395,5048,true
298,4429,true
128,4450,true
37,4156,true
153,5680,true
322,4043,true
489,4214,true
153,4056,true
333,3915,true
443,4833,true
440,7075,true
153,4046,true
11,4037,true
433,4038,true
17,4034,true
375,4863,true
54,4430,true
366,4823,true
421,4096,true
513,4785,true
500,4359,true
153,4887,true
322,4568,true
406,7027,true
230,6745,true
325,4032,true
333,4150,true
430,4062,true
325,7001,true
37,4735,true
404,4992,true
392,5040,true
489,5644,true
486,4046,true
167,5349,true
430,5241,true
37,4157,true
375,4055,true
176,7066,true
333,4544,true
127,4914,true
443,5119,true
406,4138,true
500,5715,true
443,5317,true
366,4472,true
406,4450,true
35,4262,true
489,4434,true
406,4125,true
50,7075,true
362,4239,true
402,4034,true
360,4390,true
325,4606,true
375,4166,true
8,4314,false
32,4062,false
392,4862,true
436,4243,true
298,4535,true
325,4646,true
373,4786,true
298,4441,true
37,4158,true
366,4810,true
443,5318,true
440,4566,true
333,4044,true
440,746,true
325,4649,true
50,4073,true
430,5155,true
380,4366,true
99,4542,true
71,4035,true
436,4530,true
259,6945,true
360,4043,true
35,4319,true
395,4062,true
298,4237,true
392,5034,true
436,5284,true
362,4756,true
37,4059,true
443,4247,true
375,4037,true
513,4697,true
167,7076,true
375,4591,true
54,4073,true
421,4155,true
443,4706,true
71,4272,true
406,6212,true
366,4820,true
430,5263,true
406,4428,true
325,4124,true
99,4393,true
322,4031,true
17,4690,true
298,1068,true
17,4798,true
360,4041,true
192,4238,true
4,4051,true
398,4065,true
395,4051,true
398,5050,true
443,5328,true
298,4261,true
413,4065,true
333,4448,true
413,5208,true
406,4239,true
489,7074,true
500,6212,true
57,5742,true
3,4031,true
333,4692,true
423,4367,true
16,4054,true
380,4951,true
127,4918,true
298,4493,true
120,4056,true
415,4061,true
50,4082,true
6,4041,true
167,4237,true
380,4946,true
120,4125,true
360,4198,true
489,4168,true
35,4138,true
415,5222,true
500,4247,true
127,4400,true
259,6486,true
500,4093,true
120,4033,true
11,7027,true
99,4656,true
489,4510,true
179,4122,true
17,4139,true
17,7027,true
373,4050,true
404,4056,true
6,4055,true
413,4867,true
413,4855,true
175,4205,true
375,4043,true
35,4463,true
489,4961,true
153,1270,true
2,4854,true
2,4042,true
128,4261,true
35,4140,true
333,4160,true
430,4886,true
50,4241,true
440,4048,true
421,6833,true
59,5635,true
430,4154,true
443,4278,true
167,5371,true
35,4237,true
380,4952,true
380,4905,true
175,4133,true
54,4686,true
430,4859,true
333,6579,true
433,4041,true
436,5143,true
35,4447,true
71,4051,true
398,4116,true
398,4067,true
35,4366,true
179,4043,true
436,4711,true
415,4027,true
3,4064,true
440,4898,true
54,4062,true
50,4295,true
11,4093,true
436,5292,true
35,4464,true
415,4367,true
433,5962,true
517,4863,true
152,4041,true
392,4073,true
348,4738,true
298,4207,true
443,4132,true
54,4247,true
16,4814,true
35,4073,true
366,4828,true
128,5046,true
71,4027,true
380,4718,true
8,4034,false
32,4040,false
440,4175,true
366,4812,true
413,4236,true
175,4034,true
2,4856,true
4,5072,true
375,4882,true
440,4093,true
192,4725,true
2,4288,true
517,4238,true
167,5317,true
3,4560,true
37,4035,true
127,4204,true
500,5704,true
35,4061,true
402,5064,true
423,5034,true
99,1011,true
362,4775,true
333,4133,true
413,5214,true
127,4279,true
430,5256,true
380,4045,true
35,4057,true
433,4073,true
153,4264,true
513,4787,true
406,5124,true
362,4283,true
421,4269,true
35,4421,true
16,4047,true
35,4434,true
395,4236,true
402,4124,true
398,4611,true
430,4856,true
415,5219,true
433,1202,true
59,4636,true
406,4093,true
375,4889,true
113,4059,true
54,6954,true
430,4050,true
6,4033,true
4,4157,true
415,4046,true
230,4236,true
6,4045,true
421,4856,true
380,4923,true
406,4447,true
406,5110,true
99,4065,true
298,4160,true
153,4886,true
440,1270,true
298,4145,true
2,4858,true
167,4027,true
380,4932,true
413,5202,true
192,4734,true
430,4027,true
167,5334,true
153,4074,true
50,4046,true
327,7074,true
59,4031,true
380,4899,true
404,4074,true
2,5142,true
500,5727,true
4,4464,true
325,4202,true
513,5734,true
35,4425,true
50,4285,true
153,4034,true
298,4478,true
266,6953,true
398,4471,true
430,5131,true
373,4832,true
375,4074,true
2,4693,true
333,4317,true
404,4318,true
413,4578,true
421,4873,true
11,4027,true
436,4237,true
54,5107,true
430,5257,true
16,4809,true
167,4170,true
325,4497,true
230,4063,true
298,4474,true
398,4046,true
406,5121,true
50,4269,true
99,4677,true
298,6981,true
433,4037,true
423,5056,true
500,4080,true
113,4048,true
6,4142,true
99,4072,true
395,5044,true
298,4501,true
366,4055,true
380,4027,true
423,4054,true
380,4928,true
517,4027,true
4,4043,true
11,4709,true
517,5052,true
153,5699,true
333,6381,true
402,1270,true
395,6788,true
298,4030,true
298,4091,true
99,4682,true
298,4522,true
443,5123,true
436,5272,true
11,4043,true
430,4199,true
433,5130,true
192,4061,true
71,4274,true
366,4686,true
322,4558,true
325,4185,true
298,4236,true
373,4410,true
35,4428,true
380,4945,true
423,4271,true
175,4055,true
440,6745,true
167,6833,true
366,4809,true
298,4124,true
375,4760,true
32,4237,false
32,4160,false
153,4061,true
167,4055,true
392,4631,true
167,4133,true
366,4803,true
99,4221,true
333,4211,true
360,4034,true
362,6745,true
413,5197,true
275,7027,true
152,4042,true
489,4173,true
517,4974,true
430,4508,true
35,4250,true
500,4139,true
4,6833,true
373,1625,true
375,4051,true
380,4717,true
486,4176,true
50,4290,true
99,4083,true
443,5358,true
127,4690,true
322,4564,true
489,4129,true
59,4152,true
167,5321,true
373,4846,true
298,4180,true
192,4034,true
333,4714,true
192,4726,true
421,4276,true
406,4165,true
430,4601,true
322,4550,true
16,4811,true
6,4897,true
167,5120,true
398,4056,true
333,4052,true
99,4056,true
443,5310,true
517,4037,true
99,4318,true
380,4042,true
333,4706,true
298,1270,true
179,4056,true
298,4057,true
272,6833,true
153,5683,true
71,4053,true
298,6742,true
398,4073,true
2,4721,true
291,7075,true
333,4426,true
413,4722,true
380,4929,true
37,4142,true
35,4062,true
35,4184,true
375,4063,true
37,4074,true
167,5315,true
413,5168,true
380,4957,true
362,4042,true
35,4318,true
395,4033,true
489,4210,true
362,4771,true
380,4535,true
362,4754,true
362,4167,true
433,4034,true
59,4056,true
380,4090,true
179,4037,true
11,4073,true
6,4557,true
362,4641,true
413,5155,true
443,5359,true
380,4035,true
99,4087,true
517,4540,true
17,4799,true
375,4220,true
17,4042,true
421,4897,true
127,4522,true
433,4144,true
153,5009,true
392,4237,true
380,4980,true
513,5052,true
59,4448,true
406,4430,true
375,1197,true
413,4041,true
398,4667,true
127,4910,true
375,4884,true
362,4156,true
421,751,true
430,4367,true
99,4319,true
35,4446,true
517,5747,true
440,4172,true
366,4827,true
380,4926,true
406,4041,true
392,4150,true
413,4851,true
2,4897,true
298,4488,true
59,4141,true
430,4236,true
99,4047,true
128,4093,true
443,5311,true
398,4542,true
167,5112,true
153,4063,true
486,4187,true
37,4160,true
113,4027,true
392,4041,true
2,4880,true
298,4506,true
440,4867,true
411,4041,true
2,4170,true
517,5749,true
423,4388,true
430,4277,true
443,7066,true
500,4035,true
392,4067,true
362,4153,true
489,4159,true
230,4050,true
325,4498,true
167,4224,true
325,4207,true
413,4150,true
406,4707,true
430,4693,true
32,4205,false
333,4104,true
230,4040,true
99,4671,true
325,4614,true
298,4492,true
113,4040,true
430,5254,true
71,4046,true
128,4443,true
35,4144,true
406,4031,true
37,4173,true
500,4479,true
275,6953,true
375,4098,true
366,4268,true
167,4144,true
380,4981,true
436,4054,true
443,4443,true
153,74,true
348,4365,true
11,5029,true
430,4512,true
413,4365,true
430,4040,true
4,4063,true
175,4063,true
2,4220,true
406,4047,true
99,4239,true
291,6579,true
443,5377,true
406,4033,true
120,4127,true
2,5132,true
50,4410,true
500,5730,true
128,4697,true
153,5713,true
175,4053,true
380,4956,true
333,4694,true
54,5121,true
4,1270,true
406,4448,true
3,4046,true
325,4591,true
406,4049,true
366,4043,true
322,4064,true
375,4056,true
413,5196,true
436,5275,true
443,4486,true
50,4589,true
440,4632,true
443,4737,true
406,4051,true
443,4430,true
167,5309,true
413,5142,true
153,4065,true
322,4547,true
430,5134,true
362,4240,true
35,4316,true
99,4088,true
153,751,true
50,4760,true
298,4242,true
322,4556,true
375,4275,true
54,1011,true
325,4200,true
395,4200,true
333,4032,true
298,4502,true
392,4049,true
99,4681,true
325,4613,true
413,4962,true
35,4498,true
500,4893,true
440,119,true
99,4071,true
153,5681,true
16,4033,true
440,4791,true
375,4693,true
443,4432,true
500,4242,true
99,4097,true
298,4188,true
325,4371,true
99,4061,true
380,4927,true
3,4155,true
486,4061,true
500,5698,true
99,4237,true
415,4050,true
35,4536,true
325,4125,true
175,4049,true
35,4431,true
413,4027,true
413,4869,true
392,5039,true
380,4979,true
16,4796,true
2,4869,true
436,4242,true
113,4056,true
413,4154,true
395,4037,true
99,4038,true
298,4449,true
380,4463,true
489,4128,true
128,4735,true
99,4123,true
440,4065,true
54,5110,true
360,4040,true
413,5146,true
440,4064,true
176,4056,true
325,4138,true
230,4070,true
298,4313,true
17,6833,true
443,5361,true
402,4061,true
392,7066,true
398,4123,true
362,4749,true
16,7027,true
402,4468,true
406,5120,true
443,5336,true
50,4053,true
298,4146,true
128,1270,true
179,4041,true
128,4234,true
443,5126,true
486,4262,true
436,7027,true
167,5322,true
423,4040,true
99,4236,true
440,4863,true
375,4697,true
8,5272,false
128,4431,true
380,4501,true
153,4888,true
35,4453,true
167,4189,true
50,4240,true
325,4295,true
362,4297,true
360,4030,true
489,4213,true
35,4147,true
406,4241,true
411,4045,true
500,5694,true
4,4056,true
421,4100,true
59,1202,true
261,6481,true
153,4033,true
392,5033,true
2,5139,true
413,4861,true
54,4050,true
167,4142,true
35,4126,true
152,4045,true
375,4159,true
423,4123,true
333,4039,true
430,7079,true
325,4030,true
99,4242,true
128,4038,true
230,4101,true
35,4222,true
110,4036,true
71,4048,true
71,4037,true
35,4031,true
127,4034,true
486,4160,true
489,4131,true
406,4214,true
415,4241,true
325,4480,true
298,4430,true
298,4357,true
127,4906,true
404,4043,true
436,4047,true
366,4473,true
37,4559,true
325,7090,true
380,4401,true
392,4367,true
333,4652,true
421,4058,true
413,5213,true
430,5251,true
325,7089,true
110,4055,true
489,4593,true
489,5648,true
37,4791,true
176,4377,true
436,5268,true
152,4049,true
99,4031,true
127,4091,true
430,4873,true
333,4435,true
298,4102,true
489,4256,true
11,4475,true
54,4735,true
298,4439,true
373,4059,true
333,4221,true
298,4222,true
443,4175,true
517,4043,true
333,4361,true
373,4037,true
110,4065,true
513,4038,true
500,4312,true
440,4161,true
2,4144,true
333,4263,true
167,7074,true
230,4241,true
443,4172,true
406,5126,true
443,5124,true
298,4060,true
406,6486,true
128,4427,true
430,4559,true
298,4279,true
152,5091,true
398,4204,true
50,119,true
325,4598,true
380,4760,true
167,4049,true
298,4491,true
325,749,true
298,4464,true
430,4474,true
430,4041,true
16,4027,true
288,6833,true
380,4987,true
59,6745,true
402,4464,true
152,4053,true
366,4804,true
179,4110,true
35,4534,true
99,4116,true
35,6745,true
380,4074,true
413,4689,true
406,4705,true
333,4421,true
175,4051,true
127,4956,true
325,985,true
500,4106,true
298,4450,true
99,3915,true
99,4036,true
298,4239,true
3,4547,true
362,4243,true
298,4475,true
392,4027,true
440,4056,true
35,4261,true
398,4288,true
360,4054,true
406,4073,true
406,4034,true
50,4167,true
57,4037,true
54,4033,true
128,4426,true
57,4040,true
153,5678,true
11,4046,true
298,4123,true
517,4242,true
8,4400,false
32,4221,false
32,4410,false
348,4733,true
402,5077,true
261,6955,true
127,4261,true
380,4963,true
175,4057,true
398,4039,true
433,4853,true
404,5084,true
517,4060,true
413,5178,true
373,4835,true
167,4347,true
35,4088,true
380,4690,true
167,5123,true
517,4055,true
500,4310,true
167,6993,true
333,4693,true
37,4050,true
167,4216,true
415,4031,true
3,4041,true
406,5097,true
11,4034,true
11,5032,true
37,4076,true
57,4061,true
298,4458,true
128,5044,true
57,4049,true
430,4057,true
375,4095,true
35,4433,true
322,4040,true
392,7001,true
59,6993,true
489,751,true
2,5155,true
128,5043,true
413,4474,true
298,4234,true
500,4097,true
415,5228,true
128,4034,true
513,4789,true
392,4697,true
99,4523,true
4,4041,true
325,6212,true
127,4535,true
6,4060,true
167,4053,true
500,5700,true
333,4660,true
37,4038,true
167,4056,true
71,4064,true
35,4467,true
35,4435,true
3,4040,true
298,4093,true
4,933,true
436,4238,true
489,4171,true
440,4164,true
113,4054,true
333,4709,true
230,4038,true
430,4059,true
2,4034,true
120,4073,true
362,4144,true
430,5259,true
500,7066,true
421,4045,true
398,4538,true
430,4031,true
398,4433,true
398,4778,true
392,4472,true
127,4919,true
325,4097,true
406,5109,true
54,4060,true
366,4047,true
153,4083,true
402,4241,true
50,4048,true
6,4047,true
59,4108,true
436,5299,true
413,4880,true
167,4043,true
113,6833,true
128,4465,true
395,4465,true
430,4058,true
380,4911,true
500,4238,true
440,4410,true
167,5358,true
375,4585,true
395,5043,true
325,4101,true
430,5170,true
32,4584,true
290,6953,true
35,4388,true
325,4377,true
500,4666,true
443,5322,true
298,4432,true
298,4537,true
362,4255,true
413,4038,true
489,4588,true
436,4853,true
362,4072,true
500,5720,true
17,4142,true
362,5877,true
513,4243,true
99,4241,true
413,4076,true
366,4059,true
406,5099,true
413,5151,true
54,4093,true
269,6486,true
398,4059,true
2,4853,true
406,4142,true
128,4027,true
348,4743,true
16,4059,true
430,4205,true
153,4110,true
413,4849,true
430,5142,true
398,4689,true
413,4508,true
333,4663,true
430,4450,true
230,4031,true
153,4126,true
395,4055,true
153,4242,true
54,4057,true
8,4059,false
32,4858,false
32,4864,false
32,4100,false
32,4098,false
513,4123,true
443,6212,true
440,4853,true
50,4750,true
11,4242,true
398,4041,true
16,4110,true
325,4629,true
179,7076,true
366,4802,true
50,4752,true
50,4047,true
413,5176,true
392,4271,true
230,4059,true
380,4159,true
128,4063,true
120,4053,true
430,5240,true
443,4140,true
59,4049,true
127,4366,true
167,4689,true
423,4393,true
3,4556,true
443,5333,true
17,4824,true
298,4110,true
517,5181,true
59,4126,true
443,4373,true
415,5133,true
298,7074,true
517,4240,true
398,4652,true
35,6993,true
443,4214,true
325,4626,true
59,5637,true
110,4045,true
4,4470,true
37,4153,true
380,4367,true
59,4054,true
415,5225,true
402,4043,true
127,4241,true
517,4061,true
325,4630,true
362,4269,true
375,4410,true
153,5677,true
11,5026,true
333,4037,true
2,4063,true
333,4380,true
398,4054,true
360,4135,true
406,5100,true
436,7075,true
366,4142,true
35,4249,true
128,4048,true
375,4880,true
11,4591,true
59,5640,true
440,4287,true
333,4065,true
54,4043,true
325,6953,true
413,4169,true
413,5150,true
360,4097,true
179,4031,true
375,4758,true
153,4073,true
128,4116,true
167,5114,true
489,5650,true
59,4211,true
152,4046,true
440,4288,true
362,4777,true
443,1584,true
128,4073,true
230,4074,true
406,6953,true
392,4283,true
375,4854,true
298,4529,true
436,4060,true
413,4170,true
375,1202,true
110,4077,true
11,1068,true
50,4283,true
380,4431,true
423,4027,true
127,4056,true
430,4866,true
440,4878,true
362,4529,true
152,4992,true
3,4554,true
99,4365,true
167,4706,true
406,4062,true
489,6088,true
167,5344,true
17,4057,true
489,4149,true
380,4686,true
37,4053,true
366,4822,true
489,5375,true
489,4512,true
167,5121,true
380,4174,true
380,4675,true
489,4689,true
11,5035,true
360,4273,true
404,7070,true
50,4763,true
110,4074,true
298,4445,true
366,4056,true
128,4059,true
59,4132,true
35,4230,true
325,4203,true
322,4575,true
360,4049,true
153,4037,true
167,4242,true
430,5238,true
298,4065,true
298,4367,true
500,5721,true
50,4286,true
513,4043,true
433,4199,true
430,4029,true
333,4703,true
54,5100,true
375,4873,true
54,4048,true
366,4760,true
298,4309,true
362,4748,true
375,4891,true
8,4488,false
8,5280,false
32,4861,false
32,4047,false
54,4189,true
17,4054,true
362,4760,true
360,4067,true
392,4037,true
35,4110,true
153,4191,true
362,4236,true
413,4199,true
415,4791,true
99,4698,true
50,4153,true
436,4542,true
127,4037,true
380,4877,true
413,5181,true
489,5353,true
275,7066,true
325,4143,true
50,4049,true
348,4123,true
413,4047,true
333,4713,true
489,5654,true
57,4056,true
406,4443,true
325,4136,true
380,4123,true
517,4787,true
392,5038,true
380,4954,true
298,6993,true
375,4842,true
366,4031,true
16,4801,true
486,6833,true
375,4165,true
167,5338,true
175,6486,true
392,4160,true
325,4610,true
360,4062,true
11,4238,true
402,4687,true
404,5082,true
11,4868,true
3,4549,true
500,4289,true
322,7110,true
380,4031,true
327,7027,true
380,4931,true
16,4040,true
430,5252,true
395,4430,true
11,4047,true
322,4241,true
362,4221,true
404,5093,true
398,4091,true
362,4061,true
167,4132,true
423,5050,true
35,6813,true
380,4509,true
50,4289,true
298,4454,true
259,6745,true
375,4170,true
153,4239,true
167,5357,true
402,4040,true
50,4142,true
298,4436,true
500,5732,true
392,1270,true
513,5736,true
4,4059,true
413,5210,true
57,4464,true
362,4220,true
423,5028,true
2,4474,true
517,4542,true
380,4060,true
298,4482,true
362,4410,true
413,5205,true
59,4172,true
152,4318,true
413,4045,true
71,4100,true
500,4111,true
2,6833,true
415,4366,true
127,4908,true
423,4542,true
421,4847,true
35,6953,true
325,4594,true
398,4472,true
362,4758,true
230,1270,true
413,5187,true
430,4142,true
513,4079,true
54,5106,true
71,4745,true
128,6833,true
380,4142,true
362,4285,true
11,4393,true
513,4041,true
325,4651,true
4,4468,true
402,5076,true
54,4264,true
373,4041,true
99,4032,true
16,4060,true
430,4102,true
50,4144,true
433,751,true
443,4097,true
272,6486,true
406,4207,true
57,4060,true
167,4447,true
99,4199,true
430,4269,true
37,4043,true
443,4705,true
430,5195,true
500,5695,true
4,5065,true
298,4247,true
430,744,true
128,4448,true
362,4287,true
430,5204,true
50,4630,true
362,4780,true
333,325,true
366,4769,true
500,5693,true
440,4160,true
362,4185,true
54,4464,true
8,4501,false
8,4032,false
32,4242,false
32,4851,false
32,4041,false
32,4073,false
4,5066,true
59,4421,true
127,4711,true
266,6954,true
152,4060,true
517,4972,true
348,4734,true
398,4071,true
17,4063,true
230,4053,true
2,119,true
440,4828,true
366,4814,true
436,4048,true
153,6526,true
35,4214,true
167,5307,true
513,4799,true
4,4038,true
440,4302,true
360,4276,true
16,4786,true
362,4294,true
54,4165,true
375,4541,true
443,5312,true
395,4041,true
298,4189,true
415,4040,true
430,4043,true
486,4413,true
440,4038,true
192,4724,true
333,4119,true
430,4972,true
298,4214,true
362,4755,true
59,4189,true
16,4053,true
413,4049,true
423,4365,true
57,4139,true
398,4048,true
380,4263,true
362,4238,true
380,4530,true
263,6833,true
128,4054,true
413,5149,true
413,5156,true
423,119,true
2,4043,true
443,5315,true
325,4608,true
413,5175,true
517,4031,true
167,4464,true
37,4048,true
513,4806,true
380,4934,true
500,5726,true
486,4055,true
35,4093,true
375,4887,true
113,4041,true
362,4630,true
406,5113,true
37,4046,true
413,5144,true
513,4042,true
128,4097,true
99,4080,true
37,4410,true
167,4138,true
366,4123,true
413,5148,true
375,1270,true
71,4660,true
413,4709,true
398,4697,true
402,4470,true
430,5132,true
3,1197,true
413,5169,true
54,5103,true
500,5719,true
16,4808,true
127,4463,true
348,4729,true
127,4059,true
375,4735,true
127,4501,true
94,1741,false
224,1741,false
380,4940,true
443,4689,true
500,4030,true
430,4240,true
413,4223,true
3,4051,true
113,4042,true
440,4242,true
366,4798,true
406,4247,true
80,107,false
79,107,false
80,109,false
79,109,false
375,6833,true
443,5353,true
500,4107,true
421,4041,true
35,4213,true
440,5302,true
489,5371,true
127,4040,true
404,4236,true
406,4175,true
153,4060,true
153,4361,true
2,4709,true
128,4037,true
57,4863,true
333,4700,true
325,4216,true
167,4057,true
392,4474,true
71,4074,true
179,4046,true
35,4048,true
333,4705,true
421,4861,true
489,4365,true
443,5357,true
392,5041,true
415,4047,true
167,4348,true
298,4479,true
406,4243,true
54,4027,true
398,4760,true
489,4627,true
128,4053,true
9,34,false
57,4041,true
402,4486,true
80,113,true
79,113,true
413,4046,true
298,4178,true
32,4241,false
32,4243,false
32,4760,false
32,4165,false
32,119,false
167,4278,true
402,4055,true
10,3444,true
20,3450,true
99,4421,true
167,4240,true
430,5235,true
322,4546,true
11,4038,true
392,4321,true
93,3465,true
224,3465,true
227,3465,true
70,3466,true
224,3466,true
406,4464,true
227,3466,true
70,3472,true
224,3472,true
227,3472,true
32,3472,true
11,20,true
70,3479,true
224,3479,true
227,3479,true
366,4830,true
489,4280,true
10,33,true
192,4063,true
128,4055,true
128,4060,true
423,4277,true
59,4034,true
430,4047,true
322,4236,true
517,7027,true
360,6833,true
17,4040,true
221,49,true
83,49,true
229,49,true
398,7070,true
221,51,true
229,51,true
3,4550,true
298,4042,true
115,56,true
230,4269,true
443,4729,true
227,56,true
227,58,true
99,4090,true
71,3519,true
179,3522,true
216,3522,true
430,4034,true
333,4676,true
423,4142,true
398,4682,true
362,4770,true
413,4881,true
406,4090,true
179,4349,true
110,4103,true
443,4736,true
298,4263,true
421,4031,true
392,4223,true
392,749,true
17,4043,true
127,4532,true
227,69,true
398,1270,true
35,4108,true
402,4167,true
227,70,true
440,4126,true
128,933,true
392,5026,true
35,3554,true
75,3554,true
179,3554,true
443,4348,true
11,1270,true
202,3567,true
205,3567,true
209,3567,true
206,3567,true
202,3568,true
205,3568,true
209,3568,true
206,3568,true
199,3570,true
202,3570,true
37,4139,true
404,4238,true
395,4049,true
214,3594,true
380,4261,true
500,5729,true
79,105,true
80,105,true
227,105,true
217,3605,true
54,4426,true
272,6953,true
79,108,true
97,108,true
80,108,true
227,108,true
375,5962,true
69,3621,true
79,112,true
224,3621,true
69,3622,true
224,3622,true
219,3623,true
80,112,true
13,3624,true
227,112,true
13,3627,true
227,113,true
380,4711,true
500,5713,true
375,4164,true
50,4768,true
421,4852,true
99,4053,true
17,4735,true
79,124,true
362,4293,true
500,4090,true
380,4365,true
333,4170,true
413,751,true
80,124,true
11,4056,true
500,5710,true
11,135,true
153,4668,true
489,5373,true
54,5117,true
35,4133,true
517,4237,true
54,5122,true
16,4057,true
37,4047,true
360,4069,true
200,3693,true
204,3695,true
200,3695,true
8,5281,false
32,3479,false
32,4168,false
35,4219,true
513,4093,true
298,4315,true
167,5105,true
167,4236,true
392,4633,true
298,4182,true
59,4130,true
175,4038,true
199,238,true
206,238,true
208,238,true
204,238,true
99,4063,true
199,243,true
204,243,true
500,5696,true
298,4249,true
127,4046,true
128,4693,true
362,4767,true
413,1011,true
35,4490,true
430,5248,true
443,4496,true
436,4239,true
413,4697,true
423,4825,true
4,4042,true
406,4042,true
322,4046,true
37,7075,true
430,5249,true
153,4359,true
5,3831,true
5,3835,true
5,3836,true
58,3842,true
22,3842,true
433,5264,true
59,4279,true
74,319,true
73,319,true
228,319,true
229,319,true
227,319,true
74,324,true
73,324,true
362,4053,true
404,4042,true
298,4433,true
228,324,true
229,324,true
227,324,true
373,4055,true
421,4046,true
99,4075,true
127,4911,true
2,4093,true
153,4139,true
398,4543,true
99,4103,true
395,4040,true
380,4071,true
54,4045,true
430,4852,true
423,4197,true
440,4053,true
9,3909,true
322,4582,true
421,4854,true
433,4054,true
10,3914,true
392,4090,true
12,344,true
13,344,true
12,347,true
13,347,true
59,4264,true
167,4344,true
12,356,true
13,356,true
489,5374,true
99,4640,true
298,4319,true
489,5643,true
489,4453,true
60,3926,true
228,3926,true
227,3926,true
11,4040,true
274,6869,true
362,4477,true
440,4166,true
37,4031,true
99,4264,true
333,4318,true
298,6788,true
413,4251,true
392,4393,true
430,750,true
489,4601,true
50,4755,true
413,6833,true
167,5347,true
203,3953,true
203,3954,true
167,5124,true
59,5643,true
333,4062,true
298,4047,true
258,6953,true
360,4053,true
121,434,true
65,434,true
413,5133,true
430,5185,true
17,4049,true
395,4191,true
298,4035,true
66,4035,true
2,5151,true
421,4053,true
362,4393,true
513,4790,true
93,3985,true
224,3985,true
227,3985,true
94,3988,true
224,3988,true
398,4142,true
413,4882,true
325,4366,true
32,4155,true
227,3988,true
395,4279,true
406,4497,true
216,471,true
266,6869,true
99,4039,true
127,4916,true
440,4035,true
430,5152,true
421,4863,true
99,4079,true
298,4533,true
35,4492,true
513,4055,true
11,4473,true
37,4184,true
398,4035,true
54,4214,true
32,4847,false
32,4053,false
32,4057,false
489,4211,true
35,6954,true
430,4220,true
500,4065,true
517,4474,true
59,4595,true
395,4059,true
54,4041,true
60,596,true
228,596,true
227,596,true
513,6833,true
71,4038,true
298,4460,true
32,733,true
423,6953,true
413,5183,true
207,619,true
14,627,true
380,4959,true
6,6833,true
218,645,true
218,646,true
218,653,true
325,4588,true
199,669,true
201,669,true
179,4051,true
413,4778,true
207,681,true
375,4091,true
500,4454,true
443,5327,true
176,4205,true
392,4944,true
99,4034,true
37,4033,true
421,4855,true
178,721,true
37,733,true
228,733,true
227,733,true
37,758,true
228,758,true
227,758,true
66,7074,true
413,4758,true
362,4589,true
404,1270,true
440,4559,true
20,802,true
325,4400,true
513,4804,true
17,4794,true
113,4055,true
10,809,true
430,4854,true
32,848,true
93,845,true
224,845,true
227,845,true
37,848,true
228,848,true
227,848,true
227,865,true
70,872,true
224,872,true
227,872,true
225,889,true
440,4631,true
398,4530,true
433,4047,true
120,4034,true
360,4100,true
298,4141,true
22,1045,true
404,4241,true
500,4316,true
291,6954,true
199,1185,true
201,1185,true
4,5068,true
128,6954,true
380,4088,true
45,1286,true
227,1286,true
59,4447,true
404,5080,true
430,4076,true
99,4686,true
126,1340,true
93,1359,true
224,1359,true
227,1359,true
395,4421,true
375,4828,true
167,5336,true
375,4157,true
207,1386,true
207,1387,true
110,4117,true
322,4559,true
266,6745,true
167,4426,true
99,4059,true
423,5231,true
223,1523,true
126,1523,true
325,4148,true
500,4239,true
11,4237,true
443,5321,true
167,6954,true
443,4448,true
128,4047,true
362,4761,true
59,4453,true
348,4366,true
167,5360,true
500,4319,true
413,5140,true
404,4040,true
440,744,true
60,1673,true
228,1673,true
227,1673,true
99,6953,true
71,1692,true
423,4073,true
373,4053,true
322,5092,true
3,4562,true
127,4899,true
298,4183,true
115,1741,true
227,1741,true
39,1742,true
224,1742,true
228,1742,true
227,1742,true
179,4038,true
99,4243,true
50,4296,true
443,4732,true
17,4038,true
406,5101,true
430,5250,true
366,4139,true
167,5304,true
20,1755,true
8,6954,false
32,4828,false
32,4857,false
32,865,true
152,4054,true
404,4035,true
110,4367,true
430,4967,true
500,5718,true
404,5083,true
35,4438,true
120,4130,true
59,4148,true
176,4093,true
489,4082,true
362,4690,true
500,5708,true
50,4238,true
517,4040,true
127,4367,true
402,4042,true
11,4031,true
59,4191,true
265,7027,true
153,5682,true
395,4108,true
415,4035,true
325,4612,true
415,5227,true
333,4670,true
92,1770,true
93,1770,true
224,1770,true
227,1770,true
167,5337,true
50,4058,true
362,4056,true
513,4048,true
413,5199,true
430,4185,true
298,4431,true
93,1784,true
224,1784,true
227,1784,true
94,1788,true
224,1788,true
227,1788,true
94,1790,true
224,1790,true
227,1790,true
94,1794,true
224,1794,true
227,1794,true
298,4200,true
423,4064,true
366,4038,true
500,5673,true
443,5325,true
402,4520,true
375,4393,true
285,6336,true
3,4045,true
443,5367,true
406,1270,true
110,4031,true
11,4170,true
413,5194,true
322,4578,true
443,5112,true
362,4059,true
486,4049,true
127,4365,true
4,4167,true
500,4112,true
110,4047,true
362,4079,true
153,4317,true
175,4043,true
11,5033,true
436,4199,true
486,4041,true
398,4488,true
298,4073,true
230,4237,true
120,1270,true
54,4687,true
17,4056,true
375,4872,true
59,4055,true
423,4897,true
430,4850,true
413,5147,true
500,4074,true
423,5232,true
395,4426,true
99,4117,true
443,5334,true
440,4059,true
433,4059,true
37,4075,true
35,4045,true
362,4055,true
415,4236,true
57,4059,true
380,7027,true
17,4806,true
179,4057,true
421,4033,true
50,4083,true
404,4237,true
398,4234,true
421,4630,true
175,4046,true
362,751,true
11,5027,true
298,4119,true
415,4123,true
192,4240,true
500,4081,true
32,4276,true
440,4320,true
50,4754,true
440,1197,true
489,5640,true
366,4475,true
322,4579,true
4,4033,true
362,4241,true
37,4040,true
152,1166,true
298,4489,true
54,4038,true
120,4054,true
325,4310,true
443,5320,true
66,4060,true
192,4236,true
413,5186,true
489,4160,true
440,4045,true
348,4252,true
436,4055,true
392,4043,true
50,4161,true
380,4185,true
443,5337,true
413,4269,true
127,4903,true
322,4554,true
436,5280,true
443,4030,true
127,4907,true
413,5192,true
373,4061,true
8,5283,false
8,4061,false
8,4049,false
32,4859,false
32,1270,false
500,4464,true
99,4092,true
333,4712,true
333,6954,true
35,4146,true
16,4045,true
362,4365,true
333,4077,true
430,4968,true
430,4271,true
406,4191,true
436,5277,true
179,4055,true
517,4769,true
35,4035,true
395,4428,true
153,5679,true
440,4735,true
404,5088,true
380,4102,true
366,4474,true
120,4149,true
366,4805,true
500,5722,true
99,4699,true
110,4057,true
298,4170,true
406,4237,true
2,4049,true
489,4201,true
430,4365,true
443,4427,true
298,4511,true
167,4126,true
360,4102,true
380,4033,true
513,4880,true
35,4046,true
500,4250,true
298,4393,true
433,4850,true
433,4859,true
395,4241,true
421,4055,true
327,6813,true
406,4173,true
443,5355,true
333,4665,true
37,4042,true
71,4055,true
360,4055,true
517,4142,true
298,4157,true
153,4447,true
404,4050,true
404,4242,true
110,4062,true
430,4511,true
395,4242,true
333,4357,true
291,6833,true
322,4553,true
366,4027,true
59,4042,true
2,4778,true
421,4243,true
380,4916,true
35,4470,true
57,4789,true
271,6833,true
392,5037,true
274,6833,true
298,4268,true
362,4050,true
362,4746,true
362,4038,true
362,4769,true
421,5133,true
32,4071,true
298,4497,true
325,4365,true
2,4882,true
443,4450,true
392,4632,true
179,4053,true
360,4060,true
3,4162,true
489,4366,true
99,4214,true
298,4455,true
59,4140,true
298,751,true
430,4686,true
513,4239,true
423,4047,true
398,4425,true
436,4640,true
380,4425,true
500,4079,true
99,4028,true
430,4243,true
54,4046,true
16,6945,true
16,1270,true
380,325,true
167,4045,true
4,4045,true
406,5114,true
322,4061,true
398,5049,true
402,5074,true
175,4033,true
398,4687,true
392,4314,true
406,4189,true
440,4236,true
415,4237,true
423,4097,true
362,4764,true
50,4697,true
415,4365,true
322,4027,true
430,1270,true
128,4425,true
443,5323,true
37,4162,true
517,4252,true
3,7070,true
500,4115,true
128,4532,true
128,5051,true
2,1270,true
380,4450,true
500,4384,true
298,4527,true
66,4278,true
4,4487,true
440,4058,true
398,4365,true
59,4040,true
489,5646,true
380,4432,true
366,4366,true
127,4431,true
54,4051,true
35,6869,true
411,5129,true
113,4046,true
59,5636,true
375,4060,true
298,4293,true
269,6953,true
430,4054,true
50,186,true
32,4474,false
489,4050,true
37,4045,true
392,4056,true
54,5104,true
167,4194,true
325,4175,true
392,5035,true
392,4059,true
59,4051,true
57,5741,true
3,4561,true
127,4440,true
113,4047,true
325,4618,true
443,4123,true
35,4365,true
395,4263,true
373,4687,true
99,6954,true
298,4251,true
443,5115,true
436,5266,true
290,6833,true
11,4271,true
167,4146,true
380,4901,true
500,5724,true
406,4055,true
152,4027,true
360,4061,true
402,5065,true
413,4808,true
436,744,true
440,4239,true
167,5350,true
153,4527,true
37,4863,true
360,4046,true
375,4894,true
11,4041,true
167,5348,true
333,4668,true
54,4138,true
127,4904,true
527,6981,true
325,4587,true
398,4139,true
430,123,true
500,5733,true
366,4797,true
513,4050,true
333,4702,true
360,4057,true
153,4241,true
167,4172,true
421,4097,true
54,4480,true
413,5171,true
380,4043,true
440,4063,true
128,4035,true
59,4151,true
167,5318,true
366,4310,true
443,5106,true
513,4817,true
128,4065,true
366,4033,true
443,5103,true
99,4687,true
322,4581,true
398,4532,true
35,4037,true
392,4093,true
54,4059,true
322,4537,true
153,4047,true
325,4133,true
192,4027,true
167,4048,true
360,4687,true
35,4241,true
298,4041,true
153,4893,true
35,4119,true
517,5745,true
50,4746,true
406,5104,true
59,4160,true
57,4038,true
366,4410,true
322,4560,true
360,4035,true
375,4108,true
375,6526,true
430,5962,true
263,7001,true
230,4363,true
375,4035,true
443,5108,true
517,4093,true
59,4146,true
6,4056,true
99,4702,true
50,4641,true
415,4053,true
35,4125,true
380,4053,true
486,4043,true
37,4091,true
167,6653,true
430,4853,true
35,4462,true
375,4601,true
513,4059,true
333,4666,true
413,4243,true
366,4471,true
35,4145,true
423,4053,true
298,4523,true
433,4055,true
423,5049,true
152,5089,true
35,4141,true
32,4064,true
325,4599,true
406,4027,true
54,4705,true
59,4174,true
423,4102,true
443,5374,true
362,4078,true
443,4225,true
333,4400,true
395,4365,true
35,4236,true
489,4253,true
443,5326,true
175,4054,true
423,4038,true
395,4189,true
50,4139,true
402,5058,true
443,4143,true
500,5703,true
127,4189,true
440,4043,true
366,6945,true
366,4788,true
413,4693,true
333,4679,true
8,5276,false
8,4169,false
32,4860,false
380,4066,true
179,4049,true
333,4316,true
57,4051,true
50,4779,true
380,4936,true
395,4464,true
421,4850,true
436,5281,true
120,4041,true
192,4056,true
402,4237,true
71,4056,true
406,4962,true
6,4787,true
433,4497,true
380,4433,true
440,4199,true
430,4162,true
16,4035,true
298,6212,true
298,4435,true
360,4686,true
167,4109,true
298,6813,true
153,4038,true
298,4318,true
421,4162,true
440,5303,true
398,4283,true
423,4139,true
380,4078,true
153,4523,true
127,4074,true
325,4641,true
333,4720,true
16,4043,true
57,4047,true
50,4298,true
423,4048,true
411,4049,true
421,1011,true
392,4054,true
362,4264,true
433,4051,true
402,7070,true
517,4314,true
406,4056,true
517,4041,true
322,4569,true
50,4284,true
11,4049,true
380,4511,true
406,5108,true
298,4244,true
322,4580,true
35,4200,true
517,5746,true
333,4374,true
99,4051,true
443,5330,true
380,4448,true
167,4033,true
375,4167,true
366,7066,true
128,4041,true
179,4123,true
4,4027,true
50,4292,true
517,4200,true
11,4320,true
325,4483,true
433,4040,true
54,5112,true
362,4093,true
99,4697,true
153,4996,true
325,4318,true
406,6833,true
127,4240,true
127,6981,true
430,5161,true
433,4566,true
430,5138,true
167,5125,true
153,4097,true
380,4050,true
486,4219,true
392,4200,true
167,4046,true
415,4054,true
167,4054,true
281,6833,true
380,4947,true
99,4027,true
176,4031,true
517,4046,true
179,4063,true
167,6486,true
500,4066,true
71,4062,true
35,4432,true
413,4856,true
348,4735,true
375,4791,true
404,5096,true
71,4059,true
71,4060,true
176,4053,true
298,4144,true
37,4758,true
436,5962,true
17,4079,true
110,119,true
380,1270,true
413,4064,true
57,4053,true
54,4443,true
373,4042,true
298,4513,true
500,4313,true
2,5140,true
50,4079,true
50,4756,true
128,4056,true
16,4061,true
50,4288,true
430,5033,true
415,4863,true
398,4058,true
17,4793,true
380,4040,true
517,4042,true
366,4826,true
436,4037,true
392,4170,true
398,749,true
489,4617,true
11,4601,true
362,4296,true
153,4043,true
298,4088,true
325,4528,true
11,4471,true
120,4040,true
153,4032,true
513,5298,true
175,4206,true
35,4315,true
11,4074,true
413,4058,true
128,325,true
8,5143,false
32,4866,false
32,4142,false
152,4047,true
2,5137,true
59,4073,true
360,4044,true
413,5141,true
443,5375,true
380,4921,true
362,4295,true
380,4942,true
333,4261,true
443,5308,true
402,4239,true
380,4510,true
380,4440,true
298,4434,true
35,4427,true
110,4059,true
35,4238,true
360,4064,true
298,4152,true
366,5797,true
54,4109,true
423,5042,true
127,4055,true
500,5731,true
500,5690,true
37,4065,true
423,4488,true
392,5027,true
127,4401,true
489,5653,true
333,4501,true
298,4062,true
298,4428,true
380,4214,true
413,4512,true
167,5352,true
423,4168,true
50,4753,true
402,4059,true
333,4069,true
152,4995,true
153,6742,true
430,4241,true
110,4116,true
440,1202,true
57,4787,true
298,4443,true
110,4060,true
513,4061,true
128,6955,true
500,5102,true
11,4862,true
500,5676,true
37,1270,true
325,1011,true
348,4046,true
443,5347,true
486,5473,true
395,4443,true
37,4852,true
54,5125,true
395,4450,true
128,4051,true
333,4092,true
500,4520,true
500,5960,true
99,6955,true
17,4093,true
443,4351,true
375,4062,true
333,4447,true
167,5107,true
443,4431,true
128,4168,true
37,4874,true
421,4220,true
375,4144,true
421,744,true
298,325,true
127,4073,true
230,4058,true
99,4086,true
489,4252,true
500,5697,true
517,4689,true
11,4240,true
395,4447,true
127,4428,true
50,749,true
398,4045,true
380,4427,true
392,4097,true
366,4040,true
413,4863,true
375,4142,true
127,4909,true
59,4173,true
380,4914,true
298,4199,true
398,4431,true
110,4104,true
325,4647,true
17,4310,true
436,6954,true
99,4261,true
35,4468,true
17,4033,true
413,4967,true
362,4047,true
436,4038,true
421,4037,true
430,4200,true
2,4056,true
398,4093,true
398,4501,true
322,4055,true
71,4033,true
50,4060,true
11,4059,true
398,4033,true
153,4263,true
423,4059,true
298,4476,true
500,7110,true
392,7027,true
375,4888,true
362,4034,true
500,4057,true
440,4158,true
59,4138,true
398,933,true
395,4034,true
230,6486,true
127,4063,true
423,4098,true
430,5210,true
362,4164,true
362,4757,true
50,4221,true
489,5647,true
406,4496,true
362,4286,true
443,5098,true
153,4374,true
192,4038,true
35,4240,true
500,4450,true
430,5166,true
402,1197,true
298,4444,true
325,4065,true
325,4221,true
35,4175,true
325,4126,true
32,4139,false
322,4586,true
298,4048,true
443,6745,true
59,4175,true
325,4150,true
176,4090,true
430,5178,true
298,6953,true
167,4247,true
50,4282,true
128,4279,true
325,4611,true
517,4236,true
430,5181,true
430,4896,true
59,4430,true
16,4769,true
333,4443,true
423,4469,true
411,4031,true
325,4083,true
366,4816,true
413,5135,true
366,4037,true
433,4559,true
35,7074,true
443,5324,true
333,4662,true
489,4126,true
32,4220,true
413,5145,true
17,4035,true
298,4053,true
153,4889,true
54,4061,true
57,4055,true
413,5189,true
362,4045,true
50,4393,true
153,4185,true
436,4240,true
375,4287,true
500,4142,true
517,6833,true
362,4595,true
436,4035,true
440,5301,true
298,4359,true
17,4769,true
436,4045,true
127,4900,true
404,4045,true
298,6833,true
153,7075,true
167,5340,true
32,4566,true
179,4389,true
362,4082,true
513,4037,true
443,4321,true
325,4634,true
398,1068,true
17,4037,true
322,7070,true
406,4046,true
298,4461,true
110,4046,true
380,4687,true
413,5188,true
413,5167,true
333,6953,true
413,5195,true
99,4675,true
406,5119,true
362,4289,true
421,4860,true
4,4037,true
298,4037,true
50,4078,true
517,4251,true
380,4041,true
430,5052,true
99,889,true
325,4357,true
500,4082,true
167,4448,true
333,4091,true
59,5634,true
298,4171,true
127,4955,true
406,4037,true
325,4201,true
443,4469,true
404,5089,true
392,4051,true
35,7075,true
99,4652,true
395,4110,true
421,4242,true
59,4213,true
375,4053,true
298,4043,true
333,4199,true
430,5165,true
11,4476,true
3,4176,true
398,4042,true
517,5744,true
489,4590,true
2,4046,true
489,5186,true
127,4097,true
298,4147,true
380,4049,true
380,4949,true
35,4123,true
360,4272,true
413,4510,true
423,4468,true
17,4059,true
366,4200,true
366,4786,true
443,7070,true
333,4267,true
35,4522,true
436,5288,true
360,1011,true
413,5166,true
366,4079,true
99,4654,true
167,4320,true
298,4528,true
32,4076,true
380,4937,true
373,4040,true
6,4061,true
362,4035,true
8,7027,true
325,4615,true
392,4242,true
167,4263,true
406,5122,true
517,5740,true
16,4056,true
128,4160,true
37,4697,true
325,4142,true
128,4040,true
415,4060,true
127,4426,true
430,4687,true
362,4150,true
325,4638,true
8,4047,false
32,4897,false
152,6833,true
373,4520,true
325,4367,true
380,4097,true
440,4073,true
430,4880,true
298,4133,true
413,4276,true
443,4211,true
325,4035,true
392,4042,true
443,5100,true
433,5265,true
59,6813,true
380,4400,true
298,4421,true
333,4532,true
375,4065,true
380,4902,true
362,4751,true
443,5366,true
192,4046,true
35,4239,true
175,4207,true
35,4034,true
362,4046,true
35,4042,true
35,4293,true
99,4366,true
3,4555,true
128,4045,true
380,4250,true
167,5308,true
298,4212,true
415,4450,true
127,4433,true
128,4428,true
415,5224,true
3,4559,true
423,4049,true
333,4118,true
59,4043,true
362,4367,true
436,1270,true
375,4875,true
298,4366,true
298,4140,true
230,4045,true
433,4074,true
375,4048,true
152,4449,true
380,4428,true
35,4242,true
11,4243,true
375,746,true
430,4845,true
413,4237,true
406,4038,true
179,4346,true
325,4597,true
35,4176,true
436,4093,true
392,4267,true
430,4393,true
415,4038,true
486,4042,true
362,6833,true
230,4046,true
513,1011,true
423,4868,true
298,7027,true
375,4589,true
59,4133,true
333,4269,true
59,7027,true
230,4239,true
298,4125,true
423,4160,true
35,4469,true
153,4030,true
443,5348,true
430,5213,true
380,4917,true
398,4540,true
436,4488,true
50,4027,true
110,4084,true
430,5147,true
298,4424,true
489,5639,true
392,4123,true
230,4049,true
436,4735,true
500,358,true
517,4533,true
298,4316,true
443,4213,true
167,5354,true
71,4070,true
375,4881,true
513,4240,true
3,4163,true
71,4116,true
406,5102,true
423,4275,true
128,5050,true
230,4135,true
35,4389,true
500,7075,true
375,4155,true
127,4954,true
120,4129,true
277,6833,true
153,4293,true
443,4377,true
362,4157,true
322,5982,true
398,4517,true
517,4053,true
440,4760,true
517,4241,true
3,4032,true
415,4042,true
175,4061,true
517,4510,true
413,5163,true
16,4810,true
99,4667,true
167,4410,true
50,4056,true
423,5030,true
266,7074,true
16,4041,true
413,4241,true
128,4046,true
375,4168,true
59,4143,true
325,4137,true
380,6833,true
500,4885,true
380,4962,true
380,4056,true
153,4313,true
362,6336,true
265,6486,true
167,4616,true
380,6955,true
54,4047,true
167,4031,true
298,437,true
443,4147,true
32,4367,false
32,4867,false
32,4091,false
32,4061,false
500,1011,true
375,6745,true
513,4139,true
298,4138,true
71,4034,true
443,7076,true
152,4998,true
433,4320,true
325,4617,true
2,5152,true
423,4718,true
167,4040,true
380,4920,true
4,4467,true
37,4056,true
322,4573,true
99,4069,true
322,4047,true
489,4615,true
392,4366,true
362,4292,true
366,4806,true
362,4781,true
398,4320,true
402,4038,true
57,6953,true
167,5311,true
436,4041,true
513,4057,true
404,4049,true
35,4263,true
500,4058,true
37,4166,true
127,4234,true
362,4772,true
517,4791,true
35,4172,true
37,4168,true
443,5110,true
54,6212,true
167,4030,true
110,4027,true
373,4056,true
413,4040,true
54,5101,true
513,4236,true
298,4515,true
443,4207,true
423,4041,true
333,4154,true
500,4109,true
443,4109,true
375,4139,true
398,4474,true
500,5692,true
35,4040,true
404,5003,true
298,4503,true
373,4838,true
167,6953,true
362,4288,true
113,4051,true
35,4216,true
167,4434,true
402,5063,true
443,5314,true
298,4314,true
513,4033,true
167,5106,true
430,4410,true
443,5102,true
128,5042,true
413,4641,true
35,4050,true
127,4263,true
6,5219,true
398,4047,true
322,737,true
4,5058,true
266,7027,true
167,4050,true
37,4049,true
128,4061,true
413,749,true
35,7027,true
392,4098,true
500,4073,true
110,4072,true
443,5113,true
398,4062,true
402,4238,true
298,4487,true
360,4744,true
398,4027,true
99,6579,true
269,6088,true
2,4870,true
489,5637,true
153,4381,true
175,4056,true
128,4263,true
322,4557,true
153,4250,true
436,4241,true
2,1197,true
489,4242,true
37,4302,true
413,4042,true
272,7066,true
373,4049,true
333,4698,true
2,5147,true
440,4159,true
322,4633,true
167,4705,true
430,4828,true
298,4181,true
2,4065,true
99,4361,true
333,4185,true
430,4867,true
230,4243,true
167,5359,true
230,4362,true
436,4059,true
50,4770,true
440,4074,true
192,4041,true
50,4088,true
167,5101,true
398,4199,true
50,4239,true
230,4056,true
298,4423,true
32,4162,true
366,1270,true
430,4108,true
366,4794,true
152,4043,true
421,4205,true
333,4680,true
16,4049,true
230,1011,true
443,4071,true
333,4654,true
167,6212,true
362,4161,true
402,4240,true
99,4317,true
430,4689,true
153,4448,true
440,4761,true
413,5203,true
366,5799,true
153,7070,true
430,4855,true
4,5073,true
375,4276,true
153,4027,true
17,4061,true
263,6954,true
54,4450,true
298,4400,true
50,4031,true
11,4054,true
406,5117,true
59,4061,true
443,4376,true
421,4054,true
380,4221,true
50,4050,true
298,4097,true
413,4037,true
375,4855,true
6,4053,true
192,4200,true
433,4031,true
32,4856,true
35,4450,true
406,4061,true
50,4778,true
380,4989,true
443,5307,true
298,4465,true
398,4052,true
430,4669,true
2,5134,true
362,4027,true
99,4050,true
32,4585,true
392,4047,true
59,4210,true
375,744,true
430,5237,true
392,4045,true
375,4100,true
298,4054,true
404,4031,true
4,4040,true
113,6953,true
413,5173,true
413,4238,true
127,4160,true
298,4471,true
59,4501,true
37,4898,true
430,4042,true
398,4053,true
333,4189,true
298,4046,true
175,4389,true
54,4053,true
489,4130,true
415,5220,true
375,4042,true
4,4031,true
298,4510,true
443,4224,true
443,5305,true
35,4204,true
298,4034,true
298,4320,true
380,4537,true
192,4043,true
404,5086,true
153,4221,true
17,1011,true
298,4442,true
395,4056,true
167,5320,true
99,4400,true
325,4123,true
513,4047,true
430,4842,true
230,4041,true
322,4574,true
325,4208,true
430,4744,true
99,4367,true
59,4280,true
152,5081,true
333,4523,true
99,1270,true
325,4637,true
35,4191,true
3,4557,true
500,4050,true
500,6579,true
489,5636,true
298,4159,true
443,5332,true
380,4941,true
176,4051,true
423,4074,true
37,4760,true
413,5162,true
54,5109,true
413,5200,true
362,4661,true
430,119,true
6,4858,true
362,4450,true
366,4690,true
120,4045,true
413,4144,true
375,4173,true
333,4696,true
230,4265,true
423,6954,true
366,4063,true
35,4091,true
50,4074,true
17,4279,true
54,4034,true
298,4500,true
66,4142,true
153,4384,true
423,4686,true
128,5053,true
50,4063,true
113,4034,true
113,1270,true
128,4220,true
333,4390,true
398,5042,true
322,4056,true
440,4142,true
176,4043,true
486,4027,true
375,4161,true
71,4054,true
433,4868,true
71,1270,true
110,4052,true
325,4090,true
167,5312,true
167,4152,true
362,4762,true
375,4096,true
430,4529,true
362,1011,true
375,4271,true
513,4279,true
375,4849,true
430,4221,true
50,4762,true
8,5282,false
8,4031,false
32,4031,false
32,4169,false
32,4063,false
54,4049,true
513,4815,true
99,4121,true
430,4760,true
99,4045,true
443,4208,true
113,4118,true
380,4912,true
2,6745,true
50,4236,true
402,4149,true
375,4706,true
413,5134,true
110,4042,true
4,5069,true
433,744,true
404,1166,true
11,5031,true
37,4159,true
440,4276,true
366,4790,true
380,4055,true
486,4038,true
489,5376,true
4,4061,true
395,4046,true
2,5143,true
50,4751,true
3,119,true
430,4275,true
443,4126,true
152,7070,true
413,4061,true
35,4443,true
440,4173,true
16,4803,true
11,4390,true
398,4074,true
398,4061,true
366,4053,true
513,5299,true
366,4792,true
167,4478,true
433,4053,true
167,4093,true
423,4450,true
404,5092,true
35,4437,true
380,4961,true
517,4133,true
35,4454,true
167,5108,true
110,6953,true
333,4117,true
380,4244,true
517,4108,true
398,4239,true
113,4063,true
440,4875,true
128,4264,true
298,7070,true
298,4027,true
436,4401,true
35,4132,true
259,6833,true
421,4170,true
392,4053,true
430,4060,true
366,4815,true
2,4863,true
362,4037,true
11,4697,true
127,4236,true
127,4035,true
443,5360,true
50,4477,true
430,4168,true
99,4030,true
120,4049,true
380,1011,true
333,7066,true
298,4175,true
59,5638,true
517,4450,true
395,4367,true
50,4220,true
298,4440,true
128,4667,true
99,4139,true
2,4591,true
16,4046,true
415,6833,true
179,4388,true
413,5201,true
443,4216,true
11,4098,true
322,4041,true
59,4144,true
406,5112,true
298,4437,true
325,4596,true
298,4067,true
54,4707,true
402,4033,true
16,4807,true
380,4609,true
153,4054,true
325,4488,true
59,4063,true
322,4076,true
375,4474,true
513,4035,true
486,4195,true
11,4239,true
6,4035,true
153,4059,true
486,4059,true
325,4141,true
35,4440,true
500,5706,true
413,5216,true
373,4185,true
375,4861,true
37,4169,true
167,4635,true
66,6993,true
443,5101,true
2,4033,true
402,4123,true
3,4565,true
298,4496,true
402,6833,true
54,4421,true
415,4055,true
325,4619,true
373,4843,true
128,4189,true
413,744,true
110,4032,true
443,5331,true
35,4047,true
430,4860,true
298,4495,true
37,119,true
2,4578,true
37,4144,true
167,4345,true
375,4869,true
35,4451,true
4,5070,true
380,4977,true
167,5339,true
380,4046,true
8,4853,false
32,4054,false
398,4214,true
3,4043,true
167,4073,true
398,4366,true
362,4060,true
152,4285,true
443,4144,true
375,4892,true
176,4063,true
325,4319,true
167,4243,true
230,4034,true
127,4920,true
373,4031,true
486,4182,true
71,4031,true
17,4123,true
413,5177,true
415,5221,true
4,5075,true
430,4857,true
362,4040,true
500,4361,true
517,5651,true
380,4935,true
333,4671,true
362,325,true
440,4047,true
406,4074,true
423,4063,true
50,4035,true
99,4316,true
440,4601,true
230,6833,true
443,7074,true
440,4877,true
421,4866,true
120,4063,true
513,4788,true
128,4393,true
333,4358,true
298,4051,true
402,4156,true
421,4073,true
2,5141,true
152,6526,true
57,4034,true
436,5298,true
404,4047,true
398,1011,true
411,4366,true
298,4264,true
325,7070,true
406,4071,true
298,1011,true
128,4542,true
440,4054,true
513,4063,true
11,4918,true
430,4976,true
277,6381,true
50,4301,true
17,4789,true
430,1011,true
413,4827,true
413,5179,true
128,4123,true
59,4129,true
71,4063,true
513,4795,true
127,4915,true
35,4189,true
486,4034,true
35,4030,true
366,4796,true
322,4572,true
366,4091,true
16,4784,true
127,4264,true
440,4049,true
500,4523,true
406,4250,true
325,4616,true
398,4675,true
362,4697,true
127,4053,true
167,6869,true
11,4063,true
392,6833,true
430,4865,true
362,4237,true
380,4531,true
413,5052,true
298,4083,true
440,4184,true
167,4238,true
366,4818,true
421,4034,true
333,4098,true
430,4065,true
436,4049,true
415,4239,true
486,4053,true
50,4038,true
423,847,true
362,6869,true
375,4046,true
263,6869,true
402,5059,true
436,4091,true
322,4632,true
11,4241,true
440,4034,true
285,5877,true
298,4538,true
430,4918,true
362,4261,true
362,4778,true
325,4620,true
500,7080,true
380,4958,true
2,4061,true
421,4071,true
298,4466,true
325,4315,true
517,4034,true
333,4683,true
375,4097,true
398,5052,true
362,4033,true
423,4070,true
380,4944,true
153,4049,true
348,4731,true
443,4146,true
110,4040,true
175,4042,true
179,4351,true
59,5639,true
298,4063,true
127,4905,true
127,4042,true
517,4321,true
413,4367,true
362,4290,true
59,6954,true
406,4172,true
17,4797,true
406,4053,true
375,4320,true
440,4031,true
413,5182,true
298,4494,true
398,4863,true
32,4236,false
430,5253,true
120,4043,true
71,4050,true
50,4302,true
398,4367,true
175,4041,true
37,4155,true
402,5075,true
398,4070,true
176,4061,true
4,4486,true
433,4855,true
415,4045,true
436,5278,true
392,1011,true
366,4074,true
333,4659,true
16,4785,true
325,4279,true
489,4030,true
99,4401,true
375,4153,true
128,4197,true
35,4074,true
50,4297,true
513,5739,true
269,6833,true
433,4205,true
392,4243,true
99,4084,true
325,4642,true
443,4346,true
127,4432,true
35,4049,true
398,4693,true
443,5104,true
406,6869,true
333,4464,true
153,4050,true
298,4509,true
430,4251,true
322,1197,true
380,4955,true
54,4448,true
375,4895,true
35,6579,true
500,5709,true
517,5609,true
3,4553,true
380,4915,true
489,4151,true
362,4054,true
54,4042,true
59,4046,true
430,4063,true
37,4063,true
99,4658,true
366,4060,true
398,4401,true
128,4071,true
230,4027,true
366,4811,true
366,4041,true
6,5221,true
6,4049,true
423,4042,true
167,4140,true
430,4588,true
230,4033,true
375,4584,true
392,4476,true
167,5097,true
443,437,true
2,4393,true
99,4314,true
59,7074,true
35,4243,true
167,5313,true
325,4244,true
392,4758,true
500,4200,true
375,4897,true
179,4343,true
500,4243,true
128,4050,true
406,4040,true
333,4704,true
35,4152,true
413,4033,true
517,4048,true
322,119,true
35,4525,true
413,4854,true
413,4858,true
110,4038,true
406,4030,true
517,4367,true
167,5314,true
421,4566,true
380,4063,true
375,4859,true
99,4676,true
57,4042,true
153,4055,true
402,5062,true
513,4045,true
153,4189,true
167,5305,true
406,4043,true
373,4837,true
513,4786,true
6,4037,true
99,7075,true
298,4219,true
99,6481,true
406,5127,true
322,4163,true
398,4713,true
436,4896,true
99,4657,true
398,7027,true
413,5154,true
513,6745,true
395,4264,true
421,4027,true
415,4037,true
421,4043,true
404,4176,true
50,4287,true
380,4421,true
430,4882,true
322,4049,true
153,233,true
486,4033,true
59,4216,true
325,4223,true
176,4041,true
113,4031,true
395,4043,true
375,4886,true
298,4469,true
373,4045,true
375,4185,true
430,6833,true
176,4138,true
366,4520,true
415,4142,true
4,4034,true
333,4200,true
3,4038,true
127,4093,true
433,4200,true
59,4045,true
440,4061,true
298,4516,true
59,4041,true
153,4318,true
402,4242,true
153,4082,true
59,4147,true
3,4564,true
443,5369,true
404,5085,true
362,4766,true
398,4473,true
128,4142,true
415,4056,true
500,4108,true
71,4221,true
433,4096,true
362,4611,true
6,4139,true
348,4506,true
37,4778,true
375,4169,true
11,4053,true
360,4063,true
360,119,true
99,4093,true
489,4071,true
274,6953,true
175,4138,true
406,5118,true
430,4169,true
71,4045,true
413,5139,true
179,4350,true
298,4184,true
489,985,true
71,4065,true
325,4450,true
271,6745,true
54,1270,true
333,4497,true
486,4045,true
167,4165,true
430,5247,true
440,4139,true
366,4090,true
167,4047,true
436,4056,true
54,4410,true
517,4758,true
415,5218,true
37,4566,true
152,5095,true
430,4883,true
333,4126,true
57,4043,true
3,4548,true
373,4051,true
127,4964,true
375,4865,true
406,4050,true
380,4939,true
153,5686,true
16,4800,true
423,4390,true
489,4279,true
11,4110,true
50,4156,true
443,4165,true
54,4706,true
398,4735,true
406,5105,true
4,4047,true
59,4059,true
398,4087,true
127,4123,true
35,4122,true
421,4474,true
325,4313,true
436,4053,true
325,4088,true
2,4027,true
486,4192,true
298,985,true
430,4053,true
54,4037,true
413,5174,true
298,4514,true
192,4723,true
440,5300,true
395,4053,true
430,5255,true
430,5242,true
423,5053,true
37,4320,true
152,4074,true
59,4093,true
4,4469,true
436,6745,true
380,4488,true
179,7070,true
398,4066,true
11,4472,true
167,5335,true
517,4123,true
333,4066,true
99,4435,true
398,4475,true
298,4526,true
127,4047,true
402,4051,true
366,4450,true
366,4093,true
380,4189,true
366,1011,true
443,4330,true
433,119,true
16,4310,true
433,4162,true
440,4897,true
153,4079,true
362,7075,true
192,4049,true
4,4074,true
333,4715,true
398,6954,true
415,4537,true
325,4293,true
298,4031,true
2,4057,true
110,4034,true
413,4515,true
500,4124,true
322,4155,true
380,4139,true
11,4944,true
404,4048,true
167,5100,true
325,4501,true
290,7027,true
3,4037,true
333,4139,true
362,4747,true
153,4040,true
366,4824,true
322,4551,true
413,4242,true
2,4169,true
433,1197,true
360,4045,true
322,4525,true
489,4239,true
360,4065,true
517,4139,true
8,4542,false
32,4027,false
32,4045,false
32,4144,false
402,5069,true
362,4063,true
298,6579,true
375,4877,true
348,4251,true
366,4035,true
167,4421,true
35,4055,true
489,4367,true
380,4048,true
375,4038,true
35,4083,true
413,5191,true
398,4168,true
99,4089,true
153,4167,true
99,4043,true
380,4909,true
120,4128,true
423,4033,true
517,4789,true
517,4279,true
415,4242,true
373,4834,true
152,4040,true
127,4050,true
176,4034,true
380,4037,true
430,4035,true
500,4503,true
421,4095,true
54,4191,true
152,5085,true
402,5073,true
50,4474,true
433,4221,true
325,6486,true
430,1202,true
128,4488,true
167,4145,true
395,4237,true
167,4366,true
366,4795,true
333,4661,true
443,4347,true
398,4774,true
152,6740,true
430,4095,true
153,4443,true
392,6745,true
298,4186,true
423,4110,true
392,4709,true
415,4041,true
404,4060,true
375,4812,true
325,4255,true
430,4144,true
433,6833,true
398,5055,true
322,4032,true
517,5742,true
398,5051,true
404,4243,true
500,4122,true
59,4125,true
423,4719,true
375,4856,true
230,4044,true
50,4062,true
380,4904,true
380,933,true
392,4595,true
362,4783,true
35,4377,true
2,4038,true
430,4630,true
402,4074,true
3,4585,true
433,4170,true
402,5072,true
360,4027,true
99,4102,true
443,5111,true
167,4239,true
375,4058,true
59,4053,true
392,4601,true
128,4058,true
322,4037,true
325,4625,true
402,4271,true
436,5279,true
35,4054,true
421,4853,true
167,4264,true
298,4190,true
99,4655,true
440,4874,true
421,4859,true
298,4143,true
430,4091,true
54,4216,true
54,5115,true
413,6745,true
127,4038,true
153,4093,true
333,4695,true
380,4984,true
392,5029,true
443,5364,true
127,4049,true
71,4041,true
392,4473,true
298,4295,true
395,5045,true
375,4860,true
415,4858,true
402,4046,true
127,4963,true
362,4242,true
443,4170,true
298,4532,true
380,4061,true
360,7027,true
443,4250,true
152,4063,true
333,4711,true
375,4390,true
375,4031,true
298,4211,true
35,4063,true
392,5030,true
430,4974,true
517,4541,true
440,4860,true
413,119,true
375,4054,true
362,4074,true
430,4276,true
32,4055,true
443,4062,true
380,4038,true
360,6381,true
37,4478,true
298,4452,true
366,5798,true
322,4565,true
99,4049,true
54,5108,true
513,4797,true
392,4238,true
8,4896,false
32,4051,false
32,4056,false
373,4048,true
3,4563,true
436,5296,true
298,4518,true
50,4054,true
179,4027,true
440,751,true
421,750,true
402,4686,true
402,4041,true
298,4040,true
99,4501,true
443,4110,true
57,4046,true
11,4321,true
99,4082,true
415,4769,true
423,5229,true
362,4768,true
127,4421,true
35,4444,true
127,4061,true
57,4667,true
298,4243,true
443,4234,true
380,4968,true
500,4078,true
153,4053,true
423,4758,true
415,4049,true
500,4168,true
54,4172,true
298,4472,true
59,4376,true
398,4092,true
99,4673,true
259,6381,true
35,4313,true
443,5363,true
37,4541,true
421,4697,true
16,4812,true
413,5164,true
167,5119,true
366,4687,true
167,4063,true
406,5125,true
167,4147,true
298,4470,true
406,4045,true
167,4185,true
16,4690,true
333,7075,true
373,4844,true
517,5748,true
380,4279,true
128,4070,true
433,4063,true
35,4436,true
71,7027,true
440,4033,true
406,5103,true
360,4038,true
360,4271,true
127,4902,true
500,4379,true
440,4165,true
500,5716,true
322,4176,true
413,5198,true
54,4031,true
423,4060,true
4,4055,true
230,4066,true
406,5111,true
325,4650,true
430,4897,true
398,6481,true
167,4617,true
298,4490,true
127,4054,true
398,4541,true
167,4351,true
4,4156,true
366,4057,true
110,4043,true
398,4185,true
113,4043,true
110,4063,true
153,5007,true
35,4459,true
517,4511,true
50,4042,true
298,4468,true
413,5132,true
192,4728,true
517,4063,true
37,4165,true
37,6833,true
59,4255,true
517,1270,true
443,4392,true
430,4097,true
489,7066,true
430,4878,true
415,4243,true
110,4089,true
375,4566,true
6,5220,true
99,4062,true
375,4870,true
513,5737,true
113,4049,true
167,4041,true
392,4244,true
395,4047,true
500,6953,true
413,4502,true
258,6833,true
489,5190,true
440,4040,true
348,4740,true
3,7110,true
362,1270,true
71,4030,true
421,4241,true
120,4152,true
127,4427,true
440,4758,true
153,1011,true
153,5720,true
298,4196,true
486,1011,true
362,4041,true
37,4061,true
298,7066,true
11,6833,true
153,4066,true
325,4628,true
362,4257,true
440,5157,true
325,4627,true
413,5157,true
413,4031,true
333,4101,true
443,5335,true
395,4031,true
413,4870,true
322,4562,true
443,4537,true
110,4033,true
6,4054,true
11,4033,true
8,4040,false
32,4855,false
99,4266,true
153,4051,true
443,4145,true
430,4872,true
395,4239,true
421,4240,true
443,5354,true
298,4204,true
298,4499,true
192,4047,true
230,4240,true
54,5118,true
380,4065,true
380,4910,true
153,4992,true
433,4860,true
175,1270,true
99,4320,true
360,4274,true
167,4071,true
3,737,true
380,4252,true
513,4238,true
362,4753,true
402,5068,true
440,4156,true
167,4450,true
266,6813,true
110,4041,true
366,4799,true
443,5116,true
50,4299,true
392,4055,true
517,4464,true
4,4271,true
266,6993,true
402,4243,true
298,4049,true
375,4199,true
398,4236,true
398,4314,true
167,4108,true
128,3915,true
430,4139,true
35,4039,true
167,4060,true
436,5283,true
404,5090,true
375,7070,true
6,5222,true
423,4043,true
50,4097,true
413,4896,true
362,4048,true
322,4561,true
430,4237,true
37,4287,true
443,5120,true
57,5743,true
6,4046,true
380,6954,true
50,1270,true
423,4862,true
4,5062,true
54,4185,true
486,5575,true
192,4040,true
322,4576,true
298,4507,true
404,4041,true
325,4358,true
167,5122,true
443,5329,true
153,4316,true
366,4791,true
421,4849,true
500,4123,true
35,4234,true
325,4595,true
230,4197,true
392,4149,true
443,4345,true
404,5094,true
54,4261,true
110,4365,true
325,4592,true
411,4043,true
54,4207,true
59,6869,true
440,4144,true
398,4160,true
298,4039,true
413,4239,true
489,4247,true
113,4119,true
362,4301,true
421,4851,true
373,4686,true
167,4367,true
398,4427,true
362,4199,true
128,6953,true
333,4097,true
16,4042,true
2,4881,true
513,4690,true
373,4836,true
421,4065,true
413,5143,true
436,6833,true
50,4150,true
325,4316,true
298,4201,true
59,751,true
489,4371,true
360,1270,true
360,4221,true
443,4194,true
110,4051,true
127,4139,true
500,4696,true
415,4043,true
373,4314,true
398,6955,true
392,4031,true
375,4075,true
298,4477,true
325,4122,true
362,4299,true
2,4276,true
413,5207,true
392,5028,true
360,4056,true
99,4041,true
411,4040,true
440,4697,true
54,5120,true
392,5031,true
298,4292,true
430,4366,true
152,4056,true
175,4200,true
333,4313,true
423,5233,true
430,4321,true
179,4045,true
421,4868,true
375,4154,true
430,4578,true
8,5296,false
32,4870,false
32,4868,false
32,4880,false
32,4037,false
375,4636,true
413,5217,true
17,4060,true
59,4263,true
99,4674,true
179,4034,true
513,4060,true
500,4453,true
489,4392,true
3,4027,true
517,4051,true
375,4033,true
517,4050,true
37,4185,true
128,4033,true
175,4225,true
298,4074,true
398,4432,true
517,4690,true
322,4571,true
430,4098,true
35,4033,true
392,4221,true
513,4051,true
443,5121,true
415,4897,true
486,5633,true
176,4027,true
153,4852,true
176,6486,true
298,4118,true
423,4090,true
127,4488,true
380,4204,true
433,4076,true
127,6954,true
366,4367,true
298,4453,true
443,5372,true
380,4251,true
380,4091,true
489,4635,true
500,4160,true
380,4953,true
152,5083,true
16,6833,true
380,4988,true
298,4374,true
35,4426,true
406,6954,true
57,4784,true
322,4162,true
50,4034,true
325,4530,true
298,4483,true
392,4365,true
2,4199,true
366,4793,true
380,4168,true
436,4236,true
362,4759,true
348,4737,true
57,4541,true
50,4255,true
35,4448,true
430,5187,true
35,985,true
440,4852,true
440,4076,true
489,4175,true
436,5295,true
362,4765,true
175,4059,true
127,4157,true
110,1011,true
430,4150,true
50,4668,true
380,4985,true
436,5269,true
153,6745,true
298,4038,true
333,4708,true
153,6833,true
423,4918,true
373,4057,true
436,4063,true
421,4236,true
415,4059,true
35,4278,true
99,4160,true
99,4703,true
298,4321,true
348,4038,true
99,4074,true
380,6916,true
380,6745,true
167,4373,true
373,4840,true
167,6813,true
433,4283,true
57,4054,true
54,4055,true
230,4093,true
322,4051,true
500,4086,true
500,5723,true
167,4037,true
500,4167,true
366,4049,true
333,749,true
443,5351,true
443,5370,true
375,4073,true
167,5103,true
413,4366,true
517,4243,true
373,4047,true
423,5029,true
398,4694,true
59,4214,true
489,4073,true
500,4279,true
443,5376,true
362,4043,true
167,4365,true
179,4347,true
406,4242,true
375,4896,true
375,4160,true
392,4239,true
325,4648,true
298,4504,true
175,4045,true
489,5645,true
322,4038,true
398,325,true
375,4898,true
413,4277,true
298,5652,true
35,4357,true
176,7027,true
325,4635,true
50,4072,true
430,5133,true
433,4061,true
413,4669,true
440,4091,true
17,4051,true
421,4059,true
489,4060,true
404,4285,true
99,4078,true
110,4366,true
421,4848,true
32,4390,false
57,4758,true
167,4160,true
398,4049,true
433,4058,true
348,4062,true
298,4512,true
120,4046,true
99,4488,true
167,4034,true
440,4237,true
4,5067,true
362,4058,true
517,4047,true
54,6953,true
402,4090,true
413,4063,true
489,4133,true
366,4221,true
395,4038,true
128,4200,true
366,4789,true
57,4045,true
423,4050,true
380,4234,true
380,4520,true
333,4319,true
395,4366,true
436,4027,true
398,4476,true
362,3857,true
443,5349,true
230,7027,true
398,4063,true
291,6953,true
500,4237,true
392,4063,true
500,4317,true
380,4922,true
333,4488,true
110,4064,true
430,4868,true
423,4464,true
402,4487,true
373,4198,true
404,4525,true
325,4464,true
413,5160,true
17,4815,true
362,4088,true
275,6833,true
167,5310,true
375,4871,true
325,4623,true
443,4174,true
175,4108,true
500,1270,true
71,4042,true
50,4032,true
17,4053,true
362,4062,true
99,4142,true
175,4090,true
99,4528,true
3,4047,true
333,4264,true
2,4095,true
322,4034,true
152,4034,true
325,4374,true
17,4697,true
433,4042,true
443,5313,true
443,4203,true
517,4508,true
298,4126,true
375,4762,true
333,4315,true
500,5019,true
415,4034,true
430,4160,true
402,933,true
360,4042,true
153,4077,true
513,4819,true
489,4241,true
392,4236,true
413,4591,true
375,4878,true
153,4058,true
298,4122,true
153,4176,true
433,4027,true
413,5130,true
333,4542,true
348,4367,true
430,5203,true
406,4057,true
128,4899,true
167,5351,true
362,4097,true
489,5649,true
517,5743,true
406,5106,true
54,7027,true
513,4794,true
421,4061,true
443,5316,true
37,4167,true
325,4280,true
398,985,true
298,4365,true
322,4563,true
402,5066,true
167,5113,true
2,4047,true
430,5206,true
375,4864,true
436,5287,true
513,4185,true
35,4060,true
517,4810,true
298,4090,true
127,4242,true
415,4240,true
110,4053,true
113,4053,true
375,4064,true
127,4043,true
2,4865,true
325,4639,true
406,5115,true
398,4038,true
176,4040,true
167,4143,true
2,4697,true
489,4321,true
375,4422,true
440,4075,true
333,4094,true
128,4108,true
167,4207,true
415,4063,true
2,4054,true
230,4242,true
395,4243,true
11,4051,true
192,4727,true
50,4320,true
398,4040,true
362,4302,true
110,4058,true
333,4722,true
17,4786,true
153,4236,true
8,6833,false
333,4531,true
513,1270,true
272,6212,true
500,5717,true
275,6486,true
430,4049,true
489,5635,true
366,4042,true
59,5644,true
167,4139,true
436,4501,true
489,4221,true
35,4359,true
513,5735,true
120,4057,true
50,4185,true
430,4670,true
421,119,true
167,5316,true
489,6953,true
290,6486,true
380,4930,true
436,5286,true
430,4847,true
423,4410,true
423,4133,true
404,5087,true
423,5037,true
413,1197,true
380,4264,true
298,4508,true
110,4035,true
333,4116,true
380,4653,true
489,4172,true
413,4056,true
380,4191,true
362,4750,true
362,4142,true
298,6869,true
413,4588,true
413,4074,true
325,4401,true
430,5246,true
2,5145,true
421,4051,true
380,4443,true
404,6740,true
322,4158,true
127,7102,true
430,4061,true
443,4152,true
2,4883,true
118,6209,true
509,4066,true
509,4079,true
509,4097,true
422,4160,true
422,4168,true
509,4200,true
509,4221,true
509,4321,true
422,4584,true
422,4585,true
337,7070,true
99,7070,true
421,4160,true
421,4168,true
421,4585,true
421,4584,true
237,1829,true
237,1848,true
237,1838,true
237,1815,true
454,4108,true
454,4123,true
306,4236,true
306,4237,true
306,4238,true
306,4239,true
306,4240,true
306,4241,true
306,4242,true
306,4243,true
362,7070,true
451,4251,true
451,4252,true
451,4508,true
451,4509,true
451,4510,true
451,4512,true
451,4515,true
451,4967,true
451,4974,true
451,5082,true
451,5084,true
451,5597,true
451,5650,true
451,7148,true
451,7157,true
451,7158,true
327,1833,true
422,4035,true
451,4035,true
422,4048,true
422,4050,true
422,4060,true
451,4060,true
327,4130,true
422,4139,true
422,4142,true
327,4152,true
327,4174,true
327,4213,true
422,4520,true
422,7159,true
421,4139,true
421,4142,true
421,4060,true
421,4035,true
421,7159,true
421,4050,true
421,4048,true
421,4520,true
306,4251,true
306,4252,true
306,4508,true
306,4510,true
306,4512,true
306,4808,true
306,4966,true
306,4967,true
306,4972,true
306,4974,true
306,4979,true
306,5082,true
306,5084,true
306,5597,true
306,7088,true
306,7162,true
306,7163,true
306,7164,true
306,7165,true
306,7166,true
306,7167,true
306,7168,true
306,7169,true
306,7170,true
306,7171,true
306,7172,true
306,7173,true
306,7174,true
306,7175,true
306,7176,true
446,7177,true
446,7178,true
491,208,true
510,985,true
454,1852,true
510,4032,true
466,4033,true
471,4033,true
466,4054,true
471,4054,true
380,4057,true
507,4057,true
507,4059,true
507,4079,true
507,4090,true
454,4091,true
471,4108,true
466,4108,true
507,4110,true
507,4118,true
507,4119,true
507,4122,true
507,4125,true
507,4126,true
454,4126,true
491,4138,true
462,4160,true
462,4168,true
510,4168,true
454,4172,true
454,4177,true
507,4199,true
507,4200,true
491,4216,true
471,4219,true
491,4222,true
510,4234,true
454,4236,true
407,4236,true
510,4236,true
381,4237,true
454,4237,true
407,4237,true
510,4237,true
381,4238,true
454,4238,true
407,4238,true
510,4238,true
454,4239,true
407,4239,true
510,4239,true
381,4240,true
462,4240,true
454,4240,true
407,4240,true
510,4240,true
454,4241,true
407,4241,true
510,4241,true
454,4242,true
407,4242,true
510,4242,true
381,4243,true
454,4243,true
407,4243,true
510,4243,true
507,4250,true
407,4251,true
502,4251,true
381,4251,true
462,4251,true
396,4251,true
454,4251,true
510,4251,true
407,4252,true
502,4252,true
381,4252,true
462,4252,true
396,4252,true
454,4252,true
510,4252,true
306,4279,true
380,4293,true
507,4309,true
462,4312,true
325,4388,true
507,4389,true
507,4393,true
337,4434,true
407,4508,true
502,4508,true
381,4508,true
462,4508,true
396,4508,true
454,4508,true
510,4508,true
407,4510,true
502,4510,true
381,4510,true
462,4510,true
396,4510,true
454,4510,true
510,4510,true
407,4512,true
301,4512,true
502,4512,true
381,4512,true
462,4512,true
396,4512,true
454,4512,true
510,4512,true
407,4515,true
462,4520,true
491,4600,true
337,4691,true
507,4699,true
408,4809,true
407,4809,true
407,4967,true
301,4967,true
502,4967,true
507,4967,true
462,4967,true
396,4967,true
454,4967,true
502,4968,true
381,4968,true
381,4970,true
407,4972,true
301,4972,true
462,4972,true
502,4972,true
507,4972,true
396,4972,true
454,4972,true
510,4972,true
407,4974,true
301,4974,true
502,4974,true
507,4974,true
462,4974,true
396,4974,true
454,4974,true
381,4976,true
462,4976,true
454,4976,true
510,4976,true
381,4977,true
462,4977,true
502,4979,true
381,4979,true
454,4979,true
407,5082,true
502,5082,true
407,5084,true
502,5084,true
507,5092,true
454,5092,true
396,5181,true
407,5377,true
466,5497,true
510,5594,true
510,5597,true
407,5650,true
325,5666,true
507,5811,true
507,5812,true
462,5832,true
407,5950,true
502,5958,true
407,5958,true
454,5958,true
407,5963,true
471,6833,true
466,6833,true
507,6953,true
471,7070,true
502,7082,true
381,7082,true
502,7084,true
381,7084,true
381,7085,true
381,7087,true
510,7145,true
407,7147,true
407,7150,true
407,7152,true
396,7165,true
510,7181,true
396,7184,true
396,7185,true
408,7186,true
407,7186,true
407,7187,true
407,7188,true
454,7199,true
491,7200,true
491,7201,true
510,7202,true
507,7203,true
510,7204,true
510,7205,true
502,7206,true
510,7207,true
510,7208,true
507,7209,true
407,1833,true
66,1833,true
507,3915,true
462,4032,true
299,4035,true
299,4060,true
502,4091,true
510,4125,true
510,4126,true
502,4425,true
502,4433,true
183,4454,true
496,4613,true
383,4916,true
299,4980,true
183,4980,true
407,5108,true
407,5121,true
66,5655,true
407,6869,true
502,6954,true
492,7210,true
66,7210,true
496,7211,true
408,4321,true
396,4509,true
301,4697,true
301,4709,true
301,4808,true
301,4809,true
301,7001,true
301,7119,true
396,7176,true
301,7206,true
301,7209,true
301,7212,true
301,7213,true
301,7214,true
301,7215,true
301,7216,true
301,7217,true
396,7218,true
159,6385,true
159,6388,true
159,6389,true
159,6391,true
159,6634,true
301,208,true
301,4160,true
301,4168,true
301,4204,true
301,4267,true
301,4425,true
301,4432,true
301,4433,true
301,4481,true
301,4482,true
301,4501,true
503,4761,true
301,4880,true
301,4980,true
301,6981,true
301,7066,true
343,7070,true
503,7219,true
333,7070,true
298,4880,true
298,4168,true
298,4980,true
298,4267,true
326,4221,true
326,4258,true
334,7070,true
312,4033,true
312,4054,true
312,4057,true
312,4108,true
312,6833,true
47,3849,true
40,5847,true
40,7112,true
42,3914,true
47,7112,true
42,4841,true
47,751,true
42,4023,true
40,5889,true
42,3570,true
40,3993,true
47,4841,true
40,4841,true
40,3914,true
40,5860,true
42,4848,true
47,4023,true
40,7110,true
47,3993,true
47,5847,true
47,3914,true
40,4025,true
47,5922,true
47,5889,true
40,3570,true
47,4848,true
42,5922,true
40,4848,true
40,5922,true
40,3849,true
40,4023,true
47,3570,true
42,7110,true
47,7110,true
42,5746,true
47,4025,true
47,3856,true
42,7112,true
42,5837,true
100,7220,true
60,4056,true
72,4204,true
139,4168,true
9,4046,true
9,4686,true
66,4212,true
9,4899,true
139,4144,true
9,4903,true
454,4186,true
72,6916,true
160,4035,true
160,4427,true
454,4097,true
64,4240,true
64,4516,true
60,4445,true
160,6833,true
9,4432,true
72,4049,true
66,751,true
51,4477,true
9,4930,true
64,4059,true
160,4037,true
9,4901,true
160,4491,true
60,4201,true
455,4464,true
160,4439,true
139,4093,true
9,4410,true
60,6953,true
160,4410,true
455,5058,true
9,4427,true
160,4091,true
60,7075,true
51,4038,true
160,4490,true
9,4942,true
51,4047,true
9,4055,true
60,4059,true
64,4043,true
9,4091,true
160,4184,true
60,4448,true
72,4942,true
72,4050,true
64,4239,true
60,4496,true
64,4478,true
9,4031,true
43,4027,true
72,4063,true
454,4181,true
60,4263,true
9,4038,true
72,4088,true
72,4035,true
60,4447,true
9,4935,true
72,4939,true
139,4047,true
72,4687,true
160,4489,true
60,4316,true
179,4156,true
64,4031,true
72,4932,true
51,4526,true
43,4063,true
64,4040,true
72,4961,true
160,4263,true
9,4236,true
9,4906,true
160,4047,true
9,4433,true
455,4240,true
139,6869,true
160,4093,true
9,4074,true
454,4073,true
43,4045,true
60,6833,true
9,4204,true
139,4031,true
51,4049,true
9,4918,true
139,4045,true
72,4174,true
9,4986,true
72,4221,true
9,4938,true
9,4043,true
9,4174,true
60,1270,true
72,4941,true
9,4097,true
9,4047,true
60,4200,true
454,4426,true
64,4047,true
9,6981,true
72,6833,true
60,4242,true
60,4033,true
64,4042,true
9,4168,true
455,5071,true
160,4435,true
160,4033,true
72,4185,true
9,4430,true
43,4462,true
139,1270,true
60,4264,true
179,4241,true
454,4062,true
9,4237,true
179,4033,true
43,4059,true
9,4160,true
72,4241,true
9,4922,true
160,4264,true
160,1011,true
9,4063,true
455,5064,true
139,4034,true
72,4034,true
455,1197,true
9,4926,true
9,4243,true
43,4504,true
160,4535,true
51,4061,true
72,4928,true
9,4511,true
43,4461,true
9,4239,true
60,4446,true
72,4960,true
139,751,true
160,4442,true
160,4437,true
51,4040,true
160,4063,true
72,4053,true
454,4023,true
72,4031,true
72,4042,true
72,4877,true
60,4189,true
454,4196,true
64,4051,true
43,4053,true
72,4093,true
64,4055,true
9,4984,true
72,4038,true
51,4034,true
9,4979,true
51,4461,true
160,4185,true
160,4142,true
160,4421,true
43,4046,true
455,5063,true
60,4045,true
60,1011,true
160,4083,true
9,4242,true
60,4243,true
160,4053,true
66,4160,true
179,6486,true
9,4936,true
160,4056,true
64,4513,true
454,4183,true
60,4241,true
72,1270,true
60,4497,true
43,4033,true
51,4063,true
9,4962,true
66,1202,true
179,4054,true
60,4236,true
72,4760,true
9,4102,true
60,4031,true
9,4934,true
60,4321,true
64,4034,true
60,4054,true
43,7070,true
139,4046,true
9,4982,true
60,4527,true
60,4357,true
160,4528,true
9,4719,true
72,4431,true
9,4931,true
139,4132,true
9,4904,true
179,4047,true
9,4431,true
72,4933,true
9,4045,true
9,4912,true
51,4045,true
43,4460,true
72,4142,true
9,4913,true
139,4130,true
454,4421,true
51,4056,true
60,4319,true
160,4450,true
9,4718,true
9,4488,true
72,4061,true
72,4926,true
72,4923,true
64,4510,true
72,4425,true
72,4940,true
60,4393,true
139,4043,true
60,4055,true
60,4061,true
9,4977,true
51,4481,true
160,4426,true
455,5070,true
9,4037,true
51,4460,true
51,4043,true
9,4093,true
160,4043,true
9,4054,true
60,6745,true
9,4251,true
9,4902,true
160,4493,true
9,4537,true
454,4082,true
9,4083,true
60,4426,true
72,4083,true
139,4027,true
60,4317,true
160,4042,true
51,4046,true
43,4056,true
9,4033,true
160,4055,true
51,4033,true
43,6833,true
9,4078,true
72,4041,true
454,4264,true
179,4243,true
139,4040,true
9,4929,true
43,4054,true
72,4102,true
9,4937,true
9,4508,true
72,4410,true
9,4040,true
139,4256,true
9,6745,true
9,4123,true
179,4236,true
179,6212,true
51,4123,true
160,4492,true
454,4234,true
160,4441,true
9,4051,true
160,4027,true
9,4970,true
9,4915,true
9,4060,true
9,4959,true
60,4315,true
454,4180,true
454,4178,true
9,6954,true
60,4384,true
9,4609,true
72,4946,true
160,4110,true
9,4987,true
60,4449,true
51,6833,true
72,4059,true
160,4498,true
9,4221,true
66,985,true
139,4097,true
9,325,true
72,4238,true
9,4924,true
454,4179,true
455,4237,true
72,4027,true
72,4159,true
64,4061,true
72,4925,true
455,5069,true
454,4428,true
9,4905,true
160,4059,true
51,4031,true
43,4031,true
9,4088,true
60,4123,true
139,4049,true
139,4259,true
9,4142,true
179,4242,true
9,4956,true
64,4252,true
160,4045,true
60,4374,true
43,4505,true
60,4367,true
9,4900,true
160,4038,true
9,4909,true
160,4448,true
179,6833,true
9,4252,true
160,4438,true
455,5059,true
9,4933,true
60,4063,true
60,4073,true
9,4687,true
9,4964,true
454,4124,true
179,4207,true
160,4126,true
60,4074,true
43,4049,true
9,4061,true
72,4048,true
72,4139,true
139,4038,true
51,4055,true
51,4450,true
179,4042,true
9,4917,true
51,4057,true
64,4038,true
454,4190,true
455,5062,true
60,4366,true
64,4464,true
66,4129,true
64,4041,true
60,4221,true
139,4042,true
43,4040,true
9,4238,true
179,1270,true
60,4237,true
9,4717,true
160,325,true
9,4056,true
9,4049,true
9,4450,true
72,4944,true
72,4043,true
9,4050,true
139,4061,true
72,4243,true
9,4041,true
66,4595,true
64,4046,true
66,4130,true
60,6954,true
72,4686,true
60,4053,true
455,5060,true
160,4430,true
9,4027,true
64,4090,true
43,4034,true
60,4040,true
9,4920,true
160,4494,true
9,4139,true
160,4054,true
66,4149,true
72,4033,true
9,6833,true
51,4027,true
64,4508,true
60,4261,true
9,4908,true
9,4034,true
160,4293,true
60,4359,true
72,4432,true
43,4038,true
160,4447,true
9,4985,true
179,4240,true
72,4172,true
139,4063,true
455,4243,true
179,4239,true
60,4041,true
9,4932,true
454,4176,true
60,4240,true
60,4313,true
66,4039,true
72,4056,true
9,4980,true
51,4482,true
72,4930,true
72,4046,true
72,4931,true
9,4957,true
60,4191,true
72,4037,true
160,4436,true
60,4038,true
9,4923,true
51,4292,true
72,4047,true
455,5076,true
9,4425,true
51,4054,true
9,4042,true
9,4510,true
64,4251,true
160,4428,true
64,4027,true
60,4239,true
60,4049,true
9,4241,true
72,1011,true
139,4620,true
60,889,true
60,6579,true
60,4051,true
72,4062,true
9,4968,true
64,4242,true
160,4443,true
60,4093,true
9,4690,true
60,4450,true
160,1270,true
72,4072,true
60,4042,true
160,4440,true
72,4051,true
179,4237,true
139,4151,true
72,4123,true
72,4239,true
72,4367,true
72,4929,true
9,4910,true
139,4053,true
60,4523,true
179,4166,true
51,4462,true
66,4255,true
160,4060,true
72,4927,true
60,4320,true
139,4128,true
9,4234,true
64,4236,true
72,4433,true
51,4059,true
160,6954,true
160,4536,true
72,4060,true
72,4934,true
9,4954,true
64,4045,true
9,4925,true
72,4937,true
51,4041,true
51,4037,true
72,4242,true
179,4238,true
43,4061,true
51,4053,true
60,4238,true
51,4042,true
9,4928,true
160,4261,true
64,4053,true
139,4041,true
160,4040,true
72,4366,true
60,4034,true
160,4051,true
60,4444,true
72,4947,true
9,4185,true
72,4237,true
64,4514,true
9,4943,true
72,4958,true
43,4292,true
160,4046,true
72,4520,true
9,4048,true
139,4124,true
160,6745,true
72,4935,true
72,4945,true
160,4049,true
454,4182,true
160,4061,true
66,4171,true
64,4122,true
64,4515,true
72,4240,true
160,4041,true
72,4924,true
160,4048,true
60,4428,true
72,4988,true
454,325,true
64,4049,true
9,4921,true
72,4054,true
72,4250,true
9,4509,true
160,4204,true
51,4295,true
139,4056,true
64,4241,true
139,1202,true
160,4050,true
9,4059,true
160,4463,true
455,4238,true
60,4043,true
9,4927,true
9,4053,true
160,4139,true
455,5066,true
43,4041,true
454,4249,true
60,4443,true
139,4149,true
9,4919,true
60,4533,true
9,4907,true
60,4365,true
9,4955,true
64,4037,true
160,4191,true
43,4043,true
9,4911,true
60,4047,true
64,4056,true
72,4938,true
160,4031,true
51,4051,true
60,4046,true
139,4160,true
72,4537,true
9,933,true
72,4365,true
72,4040,true
9,4072,true
60,4037,true
179,4059,true
60,4027,true
51,4377,true
60,4314,true
454,985,true
64,4063,true
9,4035,true
72,4936,true
9,4073,true
72,4055,true
160,4189,true
179,4138,true
43,4377,true
9,4760,true
9,1270,true
9,4240,true
72,4078,true
9,7027,true
60,4318,true
60,4421,true
160,4088,true
72,4045,true
160,4034,true
72,4090,true
72,4236,true
8,5894,false
453,1830,true
453,4037,true
453,4051,true
453,4055,true
382,4718,true
382,4719,true
382,4916,true
382,7104,true
382,7221,true
382,7222,true
382,7223,true
382,7224,true
448,4251,true
417,4251,true
441,4251,true
393,4251,true
448,4252,true
417,4252,true
441,4252,true
393,4252,true
502,4314,true
382,4488,true
382,4501,true
448,4508,true
417,4508,true
441,4508,true
448,4510,true
417,4510,true
441,4510,true
393,4510,true
448,4512,true
417,4512,true
312,4512,true
441,4512,true
393,4512,true
382,4532,true
382,4675,true
382,4735,true
382,4808,true
417,4810,true
441,4886,true
312,4967,true
441,4967,true
393,4967,true
393,4968,true
441,4970,true
448,4970,true
393,4970,true
312,4972,true
441,4972,true
393,4972,true
312,4974,true
441,4974,true
393,4974,true
441,4976,true
441,4977,true
441,4979,true
441,5082,true
441,5084,true
441,5092,true
441,5161,true
441,5162,true
441,5183,true
441,5186,true
448,5186,true
441,5187,true
417,5195,true
441,5202,true
441,5245,true
441,5246,true
393,5248,true
441,5249,true
441,5251,true
441,5253,true
441,5257,true
441,5599,true
448,5645,true
448,5646,true
448,5647,true
448,5649,true
448,5650,true
417,5802,true
441,5807,true
441,5808,true
441,5809,true
441,5811,true
441,5812,true
441,5825,true
448,5950,true
393,5952,true
393,5953,true
381,6745,true
382,7083,true
382,7085,true
382,7087,true
441,7093,true
441,7104,true
441,7106,true
441,7125,true
448,7145,true
448,7147,true
448,7151,true
448,7152,true
393,7165,true
312,7225,true
382,7226,true
382,7227,true
393,7228,true
441,7229,true
393,7229,true
393,7230,true
393,7231,true
393,7232,true
393,7233,true
417,7234,true
417,7235,true
441,7236,true
441,7237,true
441,7238,true
441,7239,true
441,7240,true
448,7241,true
448,7242,true
448,7243,true
448,7244,true
448,7245,true
448,7246,true
446,7247,true
446,7248,true
403,4108,true
327,4236,true
327,4237,true
327,4238,true
327,4239,true
327,4240,true
327,4241,true
327,4242,true
327,4243,true
9,4401,true
402,4108,true
9,4400,true
66,4279,true
503,5016,true
325,3693,true
325,3961,true
325,7249,true
317,4034,true
317,4038,true
317,4043,true
317,4046,true
317,4056,true
317,4061,true
317,4063,true
379,4236,true
379,4237,true
379,4238,true
8,5165,false
8,5275,false
8,5153,false
8,4768,false
8,4093,false
8,4053,false
8,4054,false
8,4046,false
8,4043,false
8,4038,false
8,4033,false
8,4042,false
8,4023,false
443,5650,true
415,4512,true
392,7233,true
392,7229,true
415,4513,true
392,4251,true
443,5649,true
415,4251,true
392,7228,true
443,4510,true
415,4510,true
392,7232,true
392,5254,true
392,7230,true
415,5166,true
415,7234,true
443,4970,true
443,7151,true
415,5804,true
443,7241,true
443,4511,true
415,5802,true
443,5258,true
443,4251,true
443,5647,true
392,5952,true
392,5248,true
392,4968,true
392,4512,true
443,7245,true
392,5605,true
392,7231,true
443,5645,true
392,4972,true
392,7165,true
443,7145,true
443,7242,true
443,4252,true
9,4512,true
443,5646,true
392,4511,true
443,5186,true
415,7235,true
443,7244,true
392,5953,true
392,5609,true
392,4252,true
443,5181,true
443,5609,true
443,5190,true
392,5260,true
443,7147,true
415,5178,true
392,4967,true
415,5803,true
9,7221,true
415,4511,true
392,4510,true
443,7152,true
392,4970,true
392,4974,true
415,5195,true
443,7243,true
415,4810,true
443,7246,true
443,5950,true
415,4252,true
443,4512,true
415,5801,true
443,4508,true
415,4508,true
249,4024,true
379,4239,true
379,4240,true
379,4241,true
379,4242,true
379,4243,true
346,4251,true
357,4251,true
378,4251,true
346,4252,true
357,4252,true
378,4252,true
346,4508,true
378,4508,true
346,4510,true
378,4510,true
346,4512,true
378,4512,true
346,4515,true
346,4516,true
361,4808,true
361,4886,true
346,4967,true
378,4967,true
378,4968,true
378,4970,true
346,4972,true
378,4972,true
346,4974,true
378,4974,true
378,4976,true
378,4977,true
346,5082,true
378,5082,true
346,5084,true
378,5084,true
378,5161,true
378,5162,true
378,5163,true
378,5165,true
378,5166,true
378,5167,true
378,5170,true
378,5174,true
378,5183,true
378,5186,true
378,5187,true
346,5188,true
378,5200,true
378,5202,true
378,5203,true
361,5244,true
378,5245,true
378,5246,true
346,5249,true
378,5249,true
361,5249,true
378,5250,true
378,5251,true
378,5252,true
361,5252,true
378,5253,true
378,5257,true
346,5811,true
378,5811,true
361,5811,true
346,5812,true
378,5812,true
361,5812,true
346,5827,true
378,5950,true
346,5958,true
480,7070,true
8,5836,false
8,1270,false
8,744,false
8,5284,false
8,5295,false
8,5293,false
8,5291,false
8,5289,false
8,5278,false
8,5266,false
8,5277,false
8,5274,false
8,5273,false
8,5270,false
8,5269,false
8,4532,false
8,4401,false
8,4056,false
8,5271,false
362,69,true
299,325,true
362,4030,true
492,4065,true
362,4065,true
362,4166,true
362,4310,true
362,4520,true
383,4675,true
362,5727,true
362,7250,true
362,7251,true
362,7252,true
362,7253,true
378,7229,true
378,7236,true
357,7254,true
361,7255,true
361,7256,true
378,7257,true
378,7258,true
378,7259,true
378,7260,true
378,7261,true
378,7262,true
375,7260,true
375,5253,true
375,5161,true
375,4972,true
375,7262,true
375,5185,true
375,5166,true
333,5609,true
333,5827,true
375,4511,true
375,5186,true
375,5183,true
375,5196,true
375,4974,true
348,7254,true
375,5178,true
375,4976,true
375,5251,true
375,5609,true
375,7259,true
375,5202,true
375,5162,true
375,5203,true
375,4508,true
375,5174,true
375,4510,true
375,5170,true
333,5605,true
375,5812,true
375,4252,true
375,5255,true
375,5811,true
375,5084,true
375,5259,true
375,5252,true
375,5200,true
333,5958,true
375,4967,true
375,5082,true
375,4977,true
375,5257,true
443,5092,true
375,5169,true
375,5243,true
375,5254,true
375,7261,true
375,4251,true
375,5260,true
375,7229,true
375,5256,true
375,5181,true
375,4968,true
375,5187,true
375,5246,true
333,4516,true
375,7258,true
375,5245,true
375,5249,true
375,5167,true
375,5163,true
375,7257,true
375,5250,true
375,7236,true
375,5175,true
375,4970,true
375,4512,true
375,5950,true
375,5165,true
8,6284,false
8,6267,false
8,5294,false
8,5292,false
8,5288,false
8,5286,false
8,5267,false
8,4689,false
8,4041,false
8,4027,false
8,6271,false
8,5987,false
8,6573,false
346,4057,true
378,4864,true
421,4631,true
421,4633,true
421,4632,true
422,4251,true
422,4252,true
422,4508,true
422,4510,true
422,4512,true
422,4808,true
422,4886,true
422,4967,true
422,4968,true
422,4970,true
422,4972,true
422,4974,true
422,4979,true
422,5082,true
422,5084,true
422,5161,true
422,5162,true
422,5163,true
422,5165,true
422,5167,true
422,5170,true
422,5187,true
422,5200,true
422,5202,true
422,5203,true
422,5251,true
422,5252,true
422,5257,true
422,5811,true
422,5812,true
422,5950,true
422,7136,true
422,7257,true
421,4968,true
421,5812,true
421,5200,true
421,5169,true
421,5259,true
421,5082,true
421,5167,true
421,4808,true
421,5202,true
421,7136,true
421,5162,true
421,5187,true
421,5251,true
421,7257,true
421,5252,true
421,4251,true
421,4508,true
421,5185,true
421,4510,true
421,5950,true
421,4512,true
421,5175,true
421,4970,true
421,5257,true
421,5811,true
421,5203,true
421,5161,true
421,4979,true
421,4886,true
421,4972,true
421,4252,true
421,5170,true
421,5256,true
421,5254,true
421,5165,true
421,5163,true
421,4967,true
421,5084,true
421,4974,true
357,7066,true
306,7263,true
306,7264,true
32,4185,false
408,1833,true
343,4035,true
343,4060,true
340,4237,true
340,4238,true
340,4240,true
340,4243,true
135,4236,true
135,4237,true
135,4238,true
135,4239,true
135,4240,true
135,4241,true
135,4242,true
135,4243,true
561,4041,true
555,4156,true
545,4079,true
546,4049,true
548,4046,true
780,4096,true
573,4090,true
595,4091,true
546,4061,true
779,4320,true
573,4046,true
577,4083,true
757,4315,true
556,4181,true
565,4045,true
558,1270,true
549,4040,true
560,4108,true
783,5779,true
591,4034,true
679,4027,true
757,4093,true
545,4069,true
557,4056,true
678,4242,true
573,4055,true
784,4053,true
746,4886,true
582,4049,true
566,4217,true
746,4041,true
548,4123,true
560,7066,true
585,6833,true
558,4040,true
595,4042,true
562,4208,true
758,4061,true
551,4054,true
745,4894,true
545,4033,true
583,4358,true
784,4035,true
563,4049,true
560,4244,true
564,4059,true
595,4033,true
546,4059,true
8,5279,false
8,5268,false
8,4469,false
8,4045,false
8,7075,false
8,4091,false
32,4240,false
32,4852,false
757,7099,true
586,1270,true
582,4057,true
556,4185,true
760,4367,true
575,4053,true
551,4047,true
592,4090,true
546,4052,true
554,4315,true
745,4053,true
565,4063,true
548,4047,true
679,4046,true
577,4043,true
595,4038,true
745,4051,true
562,4040,true
678,4046,true
587,4063,true
575,4045,true
582,4038,true
787,4172,true
703,4038,true
554,4054,true
757,5666,true
554,4170,true
702,4090,true
757,4064,true
591,4045,true
757,4359,true
554,4147,true
553,4045,true
562,4201,true
582,4046,true
551,4046,true
562,4222,true
586,4331,true
564,4070,true
562,4129,true
554,4201,true
571,4054,true
757,3857,true
556,4059,true
678,5022,true
554,4125,true
591,4430,true
585,4040,true
679,4040,true
586,4330,true
757,1844,true
553,4123,true
554,4037,true
558,4420,true
549,4520,true
546,4237,true
780,4153,true
745,5615,true
557,4418,true
678,4243,true
745,69,true
586,1833,true
741,4045,true
780,4269,true
558,4057,true
585,4108,true
554,4172,true
757,4201,true
554,4065,true
678,4049,true
745,4047,true
584,4045,true
566,4189,true
556,4182,true
557,4046,true
741,4042,true
573,4040,true
785,4126,true
554,4399,true
561,4097,true
583,4033,true
550,4056,true
583,4051,true
551,4175,true
554,4317,true
583,6833,true
561,4108,true
758,4034,true
746,4074,true
556,4023,true
556,4082,true
786,5774,true
678,4153,true
545,4683,true
550,4150,true
586,4195,true
556,4245,true
551,4074,true
780,4160,true
561,4168,true
703,4046,true
787,4054,true
746,7110,true
552,4046,true
594,4402,true
758,4097,true
745,4050,true
569,4239,true
745,5614,true
745,4040,true
583,4055,true
580,4061,true
780,4852,true
548,4382,true
556,4230,true
571,4042,true
580,4093,true
786,4053,true
703,7190,true
575,4049,true
555,4075,true
551,4174,true
582,4063,true
550,4151,true
563,4377,true
568,4061,true
566,4031,true
757,4289,true
745,5592,true
591,4262,true
548,4312,true
563,4057,true
595,4142,true
757,4046,true
595,4053,true
551,4033,true
549,4043,true
562,4033,true
545,4121,true
585,7155,true
678,6833,true
745,4478,true
8,5285,false
32,4366,false
32,4842,false
32,4863,false
32,5882,false
32,5165,false
32,4048,false
32,4049,false
32,872,false
564,4238,true
549,4053,true
563,4033,true
567,4043,true
564,4032,true
785,4063,true
551,4279,true
784,4051,true
702,4056,true
786,4415,true
595,4035,true
757,5668,true
565,4038,true
679,4056,true
549,4063,true
586,4327,true
584,4040,true
554,4046,true
746,5888,true
548,1833,true
553,4031,true
577,6336,true
563,4027,true
554,4057,true
785,4061,true
550,4047,true
546,4063,true
555,4168,true
545,4028,true
553,4047,true
563,4056,true
570,1270,true
551,4042,true
546,4071,true
545,4044,true
558,4053,true
577,4031,true
780,4367,true
549,4250,true
589,4368,true
561,4031,true
577,4055,true
562,4027,true
757,4709,true
577,4046,true
545,4040,true
551,1833,true
745,4974,true
783,5757,true
591,4119,true
582,6833,true
558,4031,true
574,4046,true
549,4027,true
784,4063,true
703,4043,true
561,4046,true
549,4118,true
551,4073,true
567,4045,true
591,4172,true
783,4050,true
586,4189,true
703,4040,true
583,4047,true
560,4200,true
567,4251,true
574,4123,true
562,4074,true
703,4056,true
563,4400,true
679,4037,true
546,4029,true
573,4056,true
745,4893,true
757,4255,true
554,4212,true
563,4138,true
583,4317,true
548,4042,true
582,4090,true
564,4043,true
745,5603,true
573,4051,true
678,4054,true
546,4050,true
567,1270,true
550,4055,true
592,4430,true
546,4048,true
780,4393,true
550,4043,true
557,4053,true
757,4652,true
758,4100,true
745,4045,true
562,4148,true
593,4033,true
548,4074,true
785,4182,true
583,4063,true
572,4063,true
564,4277,true
583,4045,true
557,4402,true
757,4142,true
586,4172,true
545,4038,true
785,4062,true
549,4038,true
582,4108,true
570,4035,true
745,4038,true
566,4046,true
570,5405,true
703,4053,true
594,4041,true
592,4049,true
703,4049,true
554,4371,true
570,4043,true
779,4296,true
557,1852,true
573,4031,true
757,4049,true
758,4076,true
779,4040,true
594,4404,true
548,4111,true
575,4091,true
586,4034,true
574,4090,true
584,4027,true
703,7198,true
551,4126,true
592,6833,true
555,4064,true
757,4041,true
757,4859,true
760,4365,true
561,4398,true
562,4037,true
555,4062,true
561,4043,true
573,4047,true
743,4090,true
566,4037,true
678,4031,true
32,4693,false
32,4697,false
760,7110,true
786,4055,true
746,5586,true
551,4150,true
592,4053,true
578,4027,true
563,4108,true
783,4060,true
554,4142,true
678,4056,true
590,4238,true
591,4050,true
554,4375,true
678,4762,true
563,4208,true
702,4063,true
583,4054,true
554,4053,true
780,4320,true
757,4040,true
580,4063,true
760,5673,true
548,4110,true
745,7070,true
746,4061,true
757,4149,true
567,4056,true
545,4094,true
564,4066,true
784,5784,true
567,4054,true
547,4051,true
554,4043,true
555,4158,true
745,4537,true
595,4410,true
577,4035,true
779,4060,true
786,4192,true
745,4890,true
783,4040,true
593,4523,true
552,4042,true
784,5788,true
545,4057,true
548,4316,true
679,4045,true
575,4168,true
678,750,true
594,4405,true
581,4056,true
550,4060,true
745,4967,true
577,4300,true
757,4056,true
581,4123,true
572,4074,true
745,4035,true
555,5962,true
551,4173,true
549,4056,true
577,4056,true
678,4241,true
595,4233,true
577,4050,true
564,4272,true
595,4160,true
741,4037,true
784,5762,true
745,4762,true
757,4168,true
562,4199,true
594,4063,true
757,7097,true
593,1833,true
556,4160,true
746,4055,true
581,4189,true
559,4038,true
595,4047,true
558,4041,true
678,5018,true
574,4043,true
779,4199,true
546,4062,true
568,4054,true
574,4042,true
562,4202,true
574,4041,true
593,4056,true
575,6833,true
550,6833,true
746,4139,true
743,4041,true
555,4056,true
745,4886,true
743,4038,true
550,4259,true
570,4061,true
591,1833,true
586,4249,true
593,4041,true
558,4122,true
786,4419,true
566,4246,true
545,4034,true
549,4060,true
702,4049,true
548,4266,true
581,4305,true
745,4126,true
587,7070,true
584,4049,true
760,4047,true
758,4855,true
746,5592,true
575,4410,true
743,4046,true
745,4428,true
741,4035,true
779,4611,true
550,4128,true
591,4063,true
562,4051,true
594,4038,true
591,4053,true
556,4049,true
741,4031,true
757,4129,true
569,4238,true
741,4034,true
594,4043,true
564,4239,true
561,4355,true
553,1844,true
779,4426,true
549,4031,true
678,4888,true
786,4230,true
679,4595,true
594,4042,true
741,4418,true
679,4059,true
553,4135,true
587,4346,true
548,4071,true
571,4124,true
746,4027,true
741,1011,true
591,4074,true
593,4358,true
586,4063,true
582,4059,true
574,4055,true
757,4888,true
32,4778,false
32,4854,false
32,4872,false
32,5202,false
32,4035,false
32,4043,false
32,6833,false
565,4049,true
565,4123,true
586,4250,true
757,4095,true
551,1202,true
785,4370,true
586,4047,true
786,4050,true
585,4240,true
743,4043,true
587,4344,true
568,4045,true
560,4053,true
584,4041,true
581,4034,true
702,4038,true
566,4194,true
678,4525,true
703,7192,true
549,4049,true
741,1852,true
757,4030,true
585,4034,true
555,4041,true
548,4073,true
554,4175,true
745,4037,true
678,5093,true
757,4450,true
757,4144,true
583,4393,true
780,4032,true
580,4046,true
758,4155,true
548,4117,true
588,4241,true
741,5585,true
595,4046,true
551,6869,true
554,4281,true
703,6953,true
757,4038,true
572,4041,true
564,4276,true
577,4078,true
587,4110,true
545,4063,true
757,4606,true
594,4049,true
757,5663,true
757,4367,true
679,4055,true
784,5763,true
553,4046,true
574,4045,true
678,4055,true
745,4236,true
745,5092,true
593,4046,true
558,6088,true
786,4235,true
556,4233,true
553,4027,true
746,5631,true
577,3857,true
553,4040,true
746,4884,true
743,4031,true
592,4027,true
551,4213,true
745,5007,true
557,4406,true
784,5792,true
595,4191,true
552,4122,true
586,4118,true
785,4031,true
561,4178,true
786,4185,true
679,4038,true
575,4402,true
757,4076,true
546,4363,true
745,4142,true
566,4038,true
746,5006,true
559,4055,true
552,4123,true
679,4054,true
745,4082,true
547,4027,true
560,4041,true
592,4038,true
548,4139,true
551,4132,true
545,4120,true
547,4061,true
757,4599,true
758,4062,true
679,4176,true
703,7191,true
555,744,true
758,4096,true
545,4088,true
564,4065,true
745,4264,true
566,4172,true
780,4850,true
571,4090,true
571,4040,true
741,5583,true
555,4153,true
545,6381,true
745,5600,true
546,206,true
745,5598,true
580,4205,true
758,4169,true
584,4061,true
594,4031,true
545,4072,true
703,4027,true
594,4061,true
758,4098,true
551,4152,true
549,4034,true
780,4167,true
568,4046,true
564,4274,true
757,4055,true
743,4049,true
582,4202,true
586,4045,true
564,4093,true
547,4037,true
548,4242,true
572,4034,true
780,4061,true
556,4040,true
574,4063,true
784,5770,true
560,4227,true
554,4138,true
745,4237,true
563,4205,true
757,4288,true
567,4073,true
745,7110,true
558,4033,true
783,1833,true
32,4853,false
757,4221,true
745,5594,true
564,4046,true
549,4108,true
548,4034,true
745,5187,true
549,4090,true
780,4046,true
552,4045,true
561,4047,true
556,1830,true
548,4241,true
556,4056,true
678,4042,true
678,4886,true
562,4055,true
553,4061,true
783,5776,true
678,4998,true
571,4043,true
592,4045,true
553,4063,true
586,4337,true
549,4046,true
554,1270,true
570,4040,true
758,5962,true
746,4892,true
784,4038,true
784,4045,true
787,4040,true
559,4053,true
678,4999,true
575,4040,true
586,4055,true
560,4225,true
702,4034,true
548,6579,true
587,4031,true
569,4236,true
757,5671,true
550,4090,true
583,4314,true
591,4057,true
757,4141,true
583,4061,true
745,4139,true
545,4089,true
584,4042,true
555,4049,true
567,4033,true
577,186,true
595,4054,true
571,4189,true
572,4059,true
758,4853,true
548,4060,true
551,4203,true
546,4047,true
561,4033,true
574,4031,true
577,4045,true
560,4063,true
554,4320,true
559,4063,true
757,7100,true
552,4124,true
595,4407,true
570,4031,true
593,4037,true
578,4038,true
746,4047,true
746,4043,true
550,4137,true
549,1270,true
573,6953,true
555,4161,true
787,4125,true
550,1270,true
702,4043,true
679,4047,true
570,4027,true
551,4128,true
548,4053,true
745,5249,true
551,4091,true
546,4198,true
550,4119,true
547,4055,true
784,4048,true
550,4311,true
595,4061,true
679,6745,true
571,4034,true
557,4043,true
553,4038,true
586,4191,true
578,4239,true
546,4243,true
780,4866,true
574,4038,true
780,4100,true
566,4043,true
548,4112,true
741,4033,true
556,4091,true
741,4063,true
572,4122,true
564,4063,true
560,4045,true
548,4055,true
572,4056,true
557,4156,true
746,4170,true
553,4051,true
783,4027,true
783,4034,true
546,4045,true
554,4055,true
573,4054,true
551,4264,true
548,4037,true
551,4053,true
760,4049,true
678,7070,true
564,4049,true
546,4025,true
786,4027,true
571,4046,true
551,4060,true
574,4037,true
581,4033,true
780,1202,true
577,5877,true
593,4043,true
559,4056,true
561,4194,true
757,4223,true
545,4101,true
741,5582,true
570,4053,true
592,4057,true
741,5584,true
570,4034,true
560,4057,true
560,6212,true
757,5665,true
548,4105,true
779,4061,true
567,4035,true
548,4383,true
550,4023,true
593,4316,true
786,4233,true
545,4039,true
566,4186,true
32,4869,false
32,4095,false
595,4056,true
548,4107,true
590,4041,true
579,4236,true
577,1554,true
757,4166,true
760,5675,true
554,4316,true
757,4296,true
780,4221,true
786,5775,true
560,4055,true
786,4033,true
546,4265,true
554,4374,true
583,4073,true
573,4122,true
561,4056,true
577,4220,true
678,6981,true
578,4238,true
580,6833,true
562,4097,true
786,4189,true
679,4060,true
678,4239,true
575,4035,true
547,4045,true
679,4063,true
556,4032,true
757,4600,true
746,4045,true
575,7077,true
569,4242,true
593,4065,true
757,5670,true
757,4153,true
758,4042,true
758,4154,true
780,4857,true
586,4335,true
563,4046,true
569,4243,true
561,4034,true
548,4051,true
584,4034,true
757,4074,true
758,4027,true
554,4140,true
780,4042,true
595,4139,true
745,4424,true
561,4038,true
548,4041,true
571,4061,true
757,4868,true
550,4123,true
757,4200,true
554,4093,true
779,4097,true
595,4185,true
577,4027,true
780,4043,true
593,4097,true
556,4063,true
567,4091,true
557,5381,true
581,4041,true
570,4160,true
551,4133,true
553,4053,true
702,4061,true
552,4063,true
560,4043,true
594,4037,true
556,4228,true
567,4042,true
577,4051,true
558,4108,true
745,6981,true
583,4041,true
561,4352,true
564,4057,true
679,4034,true
786,4407,true
574,4047,true
577,4139,true
574,4061,true
550,4054,true
591,4046,true
572,4038,true
745,6526,true
556,4189,true
757,4058,true
745,4241,true
572,4118,true
553,751,true
575,5574,true
786,4049,true
549,4059,true
556,4172,true
745,5617,true
757,4160,true
786,4043,true
549,4074,true
783,5781,true
578,4243,true
562,4200,true
545,4035,true
585,4236,true
585,4239,true
575,4185,true
760,4041,true
585,4389,true
746,6833,true
585,4027,true
553,6833,true
551,6745,true
779,4034,true
556,4232,true
593,4049,true
573,4049,true
758,4223,true
757,119,true
758,4162,true
703,4063,true
746,4890,true
745,5596,true
582,4123,true
545,4053,true
757,4591,true
593,4061,true
549,4035,true
557,4038,true
758,4064,true
548,4114,true
594,4027,true
549,6833,true
583,4318,true
567,4031,true
678,5019,true
545,4080,true
565,4027,true
757,4303,true
566,4183,true
569,4241,true
593,6579,true
678,4053,true
746,4040,true
757,4304,true
568,4063,true
779,4056,true
741,4189,true
758,4221,true
551,4255,true
32,4873,false
32,3466,true
32,4065,false
554,4373,true
786,4051,true
582,4061,true
545,4032,true
556,4192,true
548,4062,true
592,4249,true
567,1011,true
546,4046,true
551,4035,true
554,4033,true
577,4286,true
551,4157,true
575,7078,true
757,4063,true
558,6833,true
557,4041,true
545,119,true
565,4090,true
745,4422,true
784,5767,true
546,4060,true
555,4034,true
545,4046,true
551,4045,true
582,4208,true
551,4171,true
741,4060,true
548,4056,true
552,4047,true
568,4090,true
779,4093,true
566,4034,true
557,1270,true
583,4034,true
780,4063,true
577,4292,true
550,4048,true
545,4036,true
746,4035,true
573,4389,true
586,4397,true
571,4027,true
562,6869,true
548,4090,true
557,4040,true
580,4051,true
554,4058,true
758,4041,true
580,4138,true
571,4051,true
551,7089,true
741,4079,true
587,4055,true
586,4031,true
551,4034,true
582,4205,true
786,4059,true
760,4031,true
570,4056,true
678,5004,true
545,1202,true
571,4056,true
758,4095,true
562,3915,true
554,6993,true
554,4031,true
787,4033,true
578,4241,true
743,4034,true
786,4219,true
546,4038,true
572,4045,true
575,5500,true
565,4047,true
569,4237,true
757,4297,true
560,4047,true
564,4060,true
546,1270,true
585,4238,true
562,4256,true
757,4365,true
757,4161,true
555,4061,true
561,4353,true
587,4349,true
741,4405,true
741,4191,true
745,4887,true
593,4050,true
555,4040,true
678,5006,true
554,4129,true
557,4061,true
548,6955,true
580,4042,true
780,5656,true
757,4295,true
679,4050,true
556,4037,true
575,4413,true
587,4037,true
548,4088,true
548,4054,true
757,4588,true
783,5756,true
546,4031,true
757,4748,true
577,4054,true
545,4048,true
745,4059,true
549,4407,true
757,4069,true
567,4038,true
566,4182,true
561,4040,true
779,4160,true
577,4298,true
575,4061,true
593,6954,true
554,4108,true
585,1270,true
545,4077,true
546,4041,true
758,4040,true
577,4297,true
556,6833,true
779,4063,true
757,5001,true
741,4049,true
552,4056,true
564,4044,true
757,4033,true
563,4034,true
546,4074,true
587,4351,true
758,1202,true
745,4631,true
703,4073,true
564,4053,true
554,4132,true
566,4045,true
783,4056,true
780,4069,true
545,4052,true
678,5013,true
554,4209,true
587,4051,true
586,4038,true
547,4038,true
564,4267,true
595,4418,true
678,5888,true
32,5907,false
32,4238,false
32,4034,false
32,4046,false
32,4093,false
745,5593,true
743,4027,true
548,4221,true
757,4047,true
563,4047,true
760,5130,true
586,4342,true
586,4329,true
745,5181,true
786,4409,true
557,4027,true
757,4022,true
586,4042,true
561,4195,true
581,4027,true
554,6813,true
757,6833,true
745,4046,true
562,4250,true
595,4414,true
577,4040,true
545,4293,true
779,4042,true
582,4074,true
553,4037,true
570,4038,true
594,4403,true
561,4027,true
745,4450,true
779,4045,true
679,4033,true
779,4041,true
567,4061,true
555,4159,true
585,4118,true
558,4226,true
585,4054,true
779,4367,true
783,5777,true
577,4053,true
570,4063,true
745,4049,true
580,4056,true
679,4035,true
590,4040,true
562,6953,true
559,4090,true
548,4364,true
745,4512,true
545,4029,true
548,4115,true
757,123,true
546,4054,true
585,4043,true
545,4065,true
577,4061,true
564,7027,true
551,4129,true
757,5661,true
577,4296,true
575,4048,true
565,4042,true
548,4243,true
546,4390,true
586,4041,true
741,4192,true
545,4060,true
552,4041,true
568,1270,true
564,4042,true
757,4060,true
550,6869,true
678,4893,true
746,5632,true
786,4142,true
780,5235,true
741,6833,true
577,4097,true
590,4237,true
558,4090,true
784,5756,true
545,4078,true
546,6486,true
545,4087,true
780,1844,true
546,4033,true
551,4160,true
590,4031,true
745,5609,true
757,4291,true
557,4091,true
571,4125,true
551,4040,true
548,4063,true
545,4054,true
550,4031,true
584,4063,true
746,4049,true
561,4217,true
581,4040,true
560,4090,true
595,4408,true
784,5786,true
551,4050,true
745,4055,true
780,4162,true
745,5610,true
702,4040,true
678,4108,true
563,6486,true
546,4240,true
678,7075,true
548,6153,true
758,4859,true
758,1197,true
546,4037,true
560,4027,true
585,4046,true
678,4061,true
745,6833,true
559,4040,true
556,4229,true
745,4242,true
741,5580,true
564,4270,true
550,4034,true
562,4221,true
563,4037,true
586,4395,true
594,4045,true
556,4218,true
745,5606,true
595,4048,true
593,4058,true
570,4413,true
562,4093,true
746,4762,true
551,4172,true
595,4027,true
546,4035,true
564,4045,true
780,4041,true
703,7195,true
580,4049,true
581,4308,true
560,4074,true
741,4231,true
746,4059,true
549,4219,true
563,6953,true
552,4037,true
553,4034,true
32,4042,false
32,4038,false
549,4172,true
591,4027,true
784,4040,true
575,4043,true
746,4056,true
572,4053,true
567,4040,true
780,4762,true
548,4239,true
702,4046,true
745,4892,true
582,4093,true
556,4235,true
780,4365,true
566,4063,true
786,4416,true
566,4245,true
703,4126,true
784,4062,true
548,4122,true
591,4048,true
784,1833,true
592,4041,true
585,4063,true
678,4997,true
550,4124,true
779,4366,true
585,4041,true
591,4041,true
585,4241,true
551,4168,true
757,4850,true
745,4108,true
786,6833,true
741,4059,true
678,5015,true
573,4057,true
553,4059,true
583,4042,true
568,4034,true
784,4050,true
593,4083,true
758,5672,true
780,4853,true
779,4038,true
554,4034,true
586,4040,true
746,4888,true
784,5794,true
784,4055,true
554,4224,true
757,4867,true
545,4083,true
558,6486,true
574,4049,true
577,1270,true
561,4172,true
555,4166,true
575,4046,true
783,5778,true
551,1830,true
780,5668,true
587,7076,true
758,4199,true
562,4073,true
561,4023,true
546,4135,true
558,4027,true
590,4027,true
554,4280,true
678,4062,true
746,4887,true
546,4150,true
571,4049,true
554,4361,true
582,4138,true
551,1270,true
678,4240,true
545,4042,true
556,4231,true
779,4031,true
780,4073,true
785,4040,true
566,4248,true
549,7179,true
741,4402,true
575,4060,true
554,4090,true
745,5587,true
561,4032,true
557,4405,true
562,4031,true
545,4030,true
678,5007,true
558,4045,true
545,4104,true
564,4275,true
550,4033,true
746,4290,true
591,4043,true
592,4033,true
580,4040,true
568,4043,true
563,4401,true
586,4340,true
551,4131,true
679,6833,true
780,4093,true
746,4033,true
582,4037,true
678,4176,true
556,4055,true
745,4033,true
786,4413,true
556,4045,true
547,4041,true
575,4059,true
563,4043,true
746,4037,true
561,4234,true
780,4297,true
545,4058,true
757,5660,true
563,4042,true
780,4855,true
678,4047,true
545,4367,true
554,4063,true
593,6833,true
757,4045,true
545,4056,true
594,4034,true
548,4039,true
760,4027,true
555,4031,true
554,7027,true
786,4063,true
746,4126,true
553,1270,true
575,4192,true
552,4049,true
546,4068,true
546,4197,true
786,4228,true
571,4033,true
572,4031,true
743,4063,true
545,4117,true
583,4376,true
561,4219,true
563,6833,true
578,4041,true
575,4142,true
561,4059,true
545,4092,true
2,6118,false
568,4031,true
583,4374,true
757,4143,true
568,4053,true
779,4073,true
760,4040,true
575,4055,true
562,4063,true
678,5010,true
585,4057,true
780,4366,true
745,4060,true
573,4043,true
558,4059,true
580,4027,true
560,4093,true
577,4290,true
575,4418,true
578,4063,true
554,1202,true
595,4402,true
780,4074,true
595,4228,true
554,4041,true
554,1833,true
586,4061,true
557,4034,true
779,4762,true
571,4263,true
577,7075,true
595,4051,true
583,1270,true
566,4191,true
548,4061,true
595,4049,true
558,4225,true
556,1011,true
571,4041,true
703,7189,true
787,4027,true
551,4027,true
567,6833,true
574,4122,true
745,4891,true
678,5021,true
560,4034,true
545,4103,true
563,4041,true
551,4261,true
546,4058,true
573,4061,true
548,4049,true
678,1833,true
565,4034,true
758,4566,true
745,5624,true
550,7001,true
564,4067,true
780,4286,true
554,4042,true
745,5627,true
556,4041,true
573,4041,true
584,4038,true
784,5785,true
679,4031,true
757,4886,true
561,4191,true
556,4196,true
558,4133,true
572,1270,true
581,4046,true
594,4053,true
546,6945,true
546,4320,true
548,4118,true
779,4168,true
743,4061,true
587,4061,true
561,4356,true
784,5765,true
577,4156,true
587,4045,true
575,4056,true
784,5769,true
562,4053,true
741,4139,true
758,4056,true
678,4290,true
588,4236,true
757,4269,true
554,4038,true
545,6481,true
593,4221,true
702,4027,true
577,4295,true
554,4253,true
745,5608,true
557,7183,true
548,4045,true
571,4037,true
783,4041,true
746,6526,true
568,4041,true
564,4050,true
785,4091,true
558,4054,true
758,4058,true
745,5620,true
556,4027,true
562,4042,true
678,5005,true
779,4161,true
551,4048,true
556,7161,true
561,4218,true
560,4377,true
571,4063,true
566,325,true
786,4091,true
595,4055,true
786,4037,true
578,4237,true
746,5587,true
787,4059,true
568,4037,true
595,4419,true
582,4051,true
549,4045,true
591,4031,true
678,5003,true
574,4027,true
678,4238,true
757,4031,true
591,4061,true
785,4045,true
583,4074,true
554,4139,true
745,5612,true
780,4149,true
551,4149,true
760,4043,true
572,4108,true
779,4298,true
785,4049,true
585,4031,true
702,4041,true
757,4366,true
546,6833,true
581,4045,true
745,4885,true
757,5016,true
784,4043,true
545,4082,true
679,4049,true
556,4246,true
2,6131,false
757,4377,true
780,1830,true
548,4065,true
563,4040,true
741,4054,true
556,4050,true
745,5601,true
585,4049,true
546,4066,true
562,4047,true
745,4279,true
570,4168,true
566,4061,true
553,7027,true
780,119,true
554,4061,true
760,4885,true
566,4219,true
779,4051,true
556,4178,true
575,4034,true
591,1270,true
745,5597,true
548,4309,true
780,4097,true
554,4040,true
593,4319,true
786,4035,true
572,4060,true
746,4063,true
560,4208,true
554,4213,true
785,4041,true
573,4027,true
743,4040,true
571,1833,true
746,4422,true
757,5664,true
564,4242,true
545,4074,true
780,4059,true
580,4043,true
586,4338,true
577,6833,true
554,751,true
558,4227,true
582,4042,true
556,4060,true
703,7193,true
745,5888,true
577,4285,true
548,4108,true
757,4050,true
784,4056,true
548,4236,true
572,6833,true
570,4041,true
550,4258,true
784,5761,true
779,4365,true
786,4061,true
554,4319,true
560,4033,true
546,4269,true
556,4187,true
780,4154,true
548,4113,true
577,4299,true
566,4040,true
562,4059,true
583,4037,true
548,4106,true
745,5605,true
565,4061,true
758,4071,true
550,4149,true
757,4222,true
561,325,true
757,4361,true
757,4034,true
757,5667,true
556,4051,true
783,5754,true
780,4108,true
678,5092,true
552,6953,true
582,4053,true
556,4190,true
566,4184,true
743,4056,true
585,4520,true
745,4061,true
741,5378,true
564,4243,true
571,4038,true
779,4053,true
679,4048,true
563,4063,true
586,4049,true
559,4031,true
577,4047,true
679,4051,true
545,4096,true
758,1844,true
779,1270,true
760,4108,true
703,4031,true
548,4311,true
593,4060,true
678,4166,true
586,4027,true
757,186,true
758,4108,true
555,4169,true
703,4033,true
547,4063,true
567,4063,true
741,4142,true
590,4239,true
561,4063,true
580,4047,true
585,4237,true
548,4079,true
784,5790,true
551,4125,true
545,1011,true
595,4034,true
595,4411,true
564,1270,true
786,4160,true
780,4150,true
546,4199,true
550,4255,true
590,4045,true
556,4043,true
760,5676,true
758,4049,true
582,4034,true
745,5611,true
786,4042,true
564,4197,true
550,4045,true
746,4891,true
746,6740,true
678,5017,true
785,4027,true
562,4220,true
581,4191,true
548,4058,true
581,4061,true
573,4053,true
558,4051,true
783,4035,true
757,4290,true
562,1202,true
548,4109,true
588,4242,true
746,4885,true
546,4093,true
554,4321,true
575,5453,true
579,4239,true
557,4059,true
592,4059,true
548,4374,true
566,4181,true
678,4761,true
556,4073,true
592,4034,true
551,4056,true
780,4868,true
586,4323,true
741,4047,true
703,4030,true
757,4302,true
579,4241,true
558,4093,true
567,4053,true
678,4889,true
554,437,true
572,4049,true
561,4189,true
556,4180,true
557,4031,true
592,4031,true
779,4221,true
552,4034,true
745,5006,true
575,4027,true
558,4205,true
758,4055,true
583,4027,true
779,4037,true
745,5623,true
585,4059,true
758,744,true
757,4298,true
757,7075,true
745,5022,true
554,4367,true
547,4034,true
548,4027,true
595,4189,true
779,186,true
592,4046,true
555,4038,true
577,4303,true
745,4063,true
746,4142,true
561,4061,true
549,4079,true
757,4866,true
552,4038,true
746,4034,true
551,985,true
563,4059,true
546,4238,true
585,6953,true
548,4030,true
593,4031,true
581,4090,true
780,4033,true
545,4086,true
745,4238,true
557,5380,true
746,4038,true
564,4033,true
784,4060,true
757,5657,true
779,4167,true
561,1011,true
577,4284,true
783,4062,true
562,4132,true
780,4095,true
780,4255,true
564,4100,true
581,4031,true
780,4256,true
741,4051,true
575,1011,true
583,4221,true
563,7066,true
558,4202,true
592,4063,true
780,4301,true
590,4043,true
586,4336,true
593,4315,true
571,4191,true
546,4241,true
785,4125,true
572,4430,true
780,4199,true
780,4064,true
556,4234,true
745,5599,true
593,4053,true
779,4043,true
560,6486,true
757,4139,true
786,4402,true
678,4852,true
550,6745,true
585,4430,true
586,4385,true
780,4076,true
678,5008,true
564,1011,true
564,4034,true
563,4022,true
595,4031,true
757,4061,true
760,4061,true
678,4996,true
757,5819,true
548,4083,true
785,4034,true
548,4318,true
593,4034,true
558,4389,true
556,4061,true
703,7197,true
746,5001,true
566,4042,true
580,4057,true
561,4186,true
745,4191,true
594,4406,true
757,4286,true
757,4059,true
757,4097,true
757,5656,true
582,4041,true
553,4055,true
554,4174,true
585,4038,true
745,4027,true
780,5658,true
548,4378,true
779,4049,true
703,4061,true
587,4347,true
757,4167,true
563,4045,true
590,4243,true
558,4038,true
741,5379,true
548,4032,true
679,4992,true
554,4214,true
581,4038,true
780,1197,true
577,4033,true
554,4202,true
545,4099,true
594,4051,true
552,4031,true
554,4141,true
786,5516,true
589,4200,true
555,4157,true
678,5011,true
783,1011,true
551,4043,true
566,4125,true
566,4051,true
553,4074,true
570,4046,true
581,4063,true
550,4042,true
571,4059,true
757,4781,true
745,6740,true
757,4220,true
581,4051,true
779,5658,true
575,4412,true
554,4035,true
757,4043,true
561,4055,true
575,4160,true
548,4038,true
545,4102,true
572,4046,true
547,4031,true
582,4056,true
545,4075,true
582,4033,true
780,4161,true
572,4061,true
564,4064,true
779,4055,true
745,4042,true
758,4031,true
546,4044,true
745,4633,true
567,4034,true
548,4380,true
595,4041,true
545,4366,true
573,4042,true
587,4345,true
575,4063,true
784,5766,true
556,4126,true
741,4480,true
577,4042,true
564,4241,true
546,4055,true
591,6833,true
592,4043,true
678,5014,true
568,4038,true
582,6953,true
548,6953,true
548,4237,true
780,5962,true
556,4194,true
591,4126,true
550,4063,true
554,4216,true
589,4366,true
745,5618,true
552,4043,true
745,4170,true
590,4056,true
585,7154,true
549,4054,true
549,4125,true
583,4059,true
545,4059,true
757,4849,true
567,4047,true
575,4042,true
587,4343,true
558,4138,true
561,4196,true
586,4333,true
565,4040,true
577,4291,true
565,4043,true
779,4850,true
577,4142,true
586,4324,true
575,4041,true
779,4156,true
786,4060,true
566,4250,true
780,6833,true
583,4365,true
562,4049,true
587,4038,true
784,5772,true
553,4041,true
779,4046,true
780,4058,true
546,751,true
757,751,true
757,4035,true
586,4051,true
551,4372,true
562,4043,true
593,4074,true
577,4060,true
678,4076,true
780,4035,true
581,4133,true
546,4067,true
746,4994,true
746,4289,true
554,4144,true
554,4051,true
582,6486,true
548,6481,true
572,4035,true
741,4056,true
757,1270,true
561,4051,true
559,4037,true
678,4993,true
586,4079,true
561,1830,true
745,5616,true
555,4063,true
548,4059,true
551,4038,true
780,4144,true
784,4061,true
758,1270,true
580,4037,true
547,4062,true
593,4038,true
745,5001,true
583,4367,true
678,5023,true
546,4027,true
548,4119,true
784,5783,true
555,4165,true
564,6381,true
678,5020,true
679,4061,true
786,4040,true
545,4055,true
562,4046,true
586,4396,true
560,4038,true
585,4090,true
564,4047,true
583,4320,true
757,4320,true
780,4038,true
565,4037,true
593,4048,true
745,4074,true
564,119,true
760,1270,true
757,4091,true
552,4055,true
546,4040,true
586,4334,true
550,4256,true
545,4365,true
585,4053,true
554,4027,true
757,4053,true
589,4365,true
568,4027,true
757,4073,true
551,4063,true
592,4061,true
746,4172,true
757,4762,true
583,4201,true
555,4076,true
577,4041,true
583,6954,true
546,4242,true
786,4034,true
745,5586,true
566,4027,true
745,4290,true
550,4257,true
745,5012,true
551,4057,true
582,4031,true
779,4144,true
780,4049,true
554,4173,true
780,4037,true
564,4061,true
545,4090,true
594,4156,true
550,4200,true
757,4589,true
577,4153,true
741,5581,true
562,4065,true
550,4050,true
779,3857,true
583,4208,true
780,4053,true
555,7075,true
591,4090,true
575,4139,true
567,4059,true
590,4236,true
583,4384,true
757,4048,true
565,4051,true
548,4035,true
550,4244,true
595,4413,true
571,4247,true
746,4167,true
554,6954,true
574,4053,true
567,4049,true
757,7098,true
550,4061,true
586,4322,true
573,6833,true
678,4037,true
554,4145,true
783,5758,true
757,4889,true
545,4037,true
590,4049,true
745,4889,true
556,4191,true
590,4242,true
757,5659,true
577,4167,true
570,4177,true
563,7027,true
757,7066,true
557,4049,true
787,4031,true
593,6953,true
745,4421,true
571,4047,true
577,4283,true
595,4192,true
590,4042,true
581,4053,true
746,5023,true
592,4054,true
583,4315,true
741,4055,true
785,5430,true
568,4040,true
587,4056,true
556,5498,true
786,4046,true
581,4306,true
586,4126,true
548,4142,true
577,4293,true
561,4054,true
559,4034,true
758,4065,true
745,4511,true
552,4133,true
745,4289,true
590,4047,true
583,4321,true
583,4065,true
577,4304,true
553,1830,true
548,4031,true
554,4222,true
573,4063,true
586,4218,true
551,4041,true
745,5602,true
591,4040,true
551,4130,true
593,4051,true
552,4053,true
587,4027,true
590,4240,true
579,4242,true
553,4054,true
566,4126,true
554,6745,true
563,4093,true
784,4049,true
593,4059,true
554,4045,true
757,4301,true
567,4027,true
551,4058,true
563,4074,true
559,4027,true
745,4076,true
593,4088,true
575,6945,true
780,4748,true
545,4081,true
548,1011,true
545,4064,true
595,4417,true
555,4073,true
558,4022,true
784,5768,true
573,4038,true
545,4095,true
578,4236,true
595,4037,true
584,4043,true
760,4090,true
550,4129,true
564,4236,true
784,4037,true
783,5755,true
746,4054,true
581,4037,true
582,4040,true
678,6526,true
546,4098,true
757,4208,true
786,4403,true
549,4033,true
703,7194,true
554,985,true
580,4108,true
554,4215,true
580,4034,true
780,4040,true
678,4038,true
571,4262,true
561,4176,true
561,4045,true
578,4045,true
741,4160,true
556,4097,true
745,5613,true
572,4043,true
745,4041,true
745,4031,true
758,4038,true
583,4313,true
554,4203,true
560,4138,true
757,4027,true
585,4061,true
562,4061,true
780,4155,true
593,1270,true
678,4063,true
554,4365,true
745,4888,true
746,7070,true
678,4995,true
548,4379,true
745,5590,true
786,4048,true
779,4264,true
570,985,true
545,4045,true
580,4038,true
757,4148,true
547,4042,true
586,4125,true
679,4042,true
741,4040,true
585,4045,true
595,4040,true
784,6981,true
584,4031,true
550,4136,true
548,4279,true
558,4061,true
564,4056,true
590,4061,true
758,4046,true
746,5590,true
783,4038,true
554,4097,true
595,4168,true
570,4049,true
548,4057,true
757,4318,true
560,4049,true
589,4367,true
571,4126,true
567,4097,true
546,4034,true
587,4046,true
571,4108,true
786,4417,true
583,4143,true
554,4152,true
745,5015,true
586,4326,true
745,5619,true
745,5607,true
678,5001,true
556,4195,true
745,5595,true
745,5014,true
580,4200,true
746,4889,true
545,4076,true
591,4038,true
574,4056,true
557,4045,true
551,4144,true
590,4241,true
780,4169,true
587,4049,true
703,4041,true
741,4027,true
746,4051,true
783,4031,true
558,4055,true
545,4091,true
746,4042,true
559,4046,true
562,4056,true
593,1011,true
547,4046,true
745,5023,true
757,4096,true
551,4049,true
555,4154,true
548,4050,true
577,4088,true
555,4046,true
560,4031,true
581,4054,true
556,4139,true
564,4054,true
556,4033,true
575,4188,true
745,5589,true
757,6745,true
577,4038,true
678,4992,true
573,4033,true
580,4053,true
783,4045,true
563,4053,true
555,4163,true
574,4051,true
560,1011,true
582,4200,true
784,4041,true
585,4033,true
566,4047,true
595,4188,true
585,4243,true
550,4131,true
583,4056,true
678,4045,true
741,4043,true
562,4223,true
757,4042,true
679,4041,true
780,4050,true
678,1270,true
760,4046,true
678,4051,true
787,4043,true
554,4030,true
760,4056,true
561,4181,true
786,4191,true
550,4160,true
550,4027,true
550,4041,true
564,4041,true
745,4240,true
555,119,true
757,4065,true
549,4041,true
757,4541,true
595,4045,true
570,4219,true
745,5625,true
786,1011,true
678,5016,true
786,4031,true
556,4188,true
550,4127,true
564,4135,true
550,4053,true
757,4169,true
550,4199,true
746,4062,true
757,4037,true
561,4180,true
779,4050,true
547,4090,true
587,4053,true
550,4059,true
566,4176,true
554,4392,true
785,325,true
575,4051,true
556,4184,true
574,4034,true
555,1197,true
545,4062,true
558,4034,true
745,4252,true
561,4182,true
587,4348,true
554,4049,true
577,4289,true
550,4130,true
546,6381,true
580,4059,true
570,4059,true
568,4051,true
554,6833,true
757,4313,true
784,5759,true
784,5787,true
594,4188,true
567,4050,true
581,4043,true
582,4045,true
745,6742,true
551,6954,true
760,4045,true
564,4038,true
741,4168,true
780,4168,true
745,4972,true
678,5012,true
564,4237,true
586,4043,true
741,4038,true
745,4167,true
592,1270,true
575,4050,true
785,4038,true
546,4391,true
570,4176,true
785,4176,true
561,4049,true
566,4049,true
745,4056,true
780,3857,true
745,4239,true
584,4046,true
546,749,true
786,4139,true
556,4031,true
741,4050,true
741,4041,true
745,4426,true
746,5589,true
550,4133,true
746,4812,true
760,4053,true
552,4027,true
555,4162,true
547,4040,true
564,4074,true
564,4091,true
583,6953,true
757,4071,true
545,4084,true
568,4056,true
549,4057,true
577,4185,true
780,4071,true
555,4167,true
564,4048,true
580,4055,true
703,4054,true
547,4047,true
545,4050,true
780,186,true
553,4033,true
591,4056,true
564,4035,true
564,4027,true
583,4046,true
555,4155,true
779,1202,true
545,4093,true
757,7096,true
550,4049,true
783,4061,true
757,7211,true
550,4168,true
551,4151,true
553,4093,true
783,4413,true
787,4126,true
548,4310,true
548,4033,true
560,4037,true
758,6745,true
585,4079,true
572,4249,true
547,4043,true
592,4079,true
703,3915,true
550,4046,true
561,4183,true
786,4188,true
703,4045,true
572,4054,true
557,5382,true
746,5630,true
546,6745,true
586,4325,true
550,4122,true
546,4065,true
560,4040,true
556,4042,true
583,4202,true
779,4048,true
554,4047,true
556,325,true
703,7196,true
548,4381,true
757,4199,true
586,4037,true
757,1202,true
586,4341,true
584,4056,true
586,325,true
554,4073,true
562,6833,true
564,4039,true
548,4315,true
554,4366,true
575,4033,true
546,4102,true
565,4055,true
556,4370,true
566,4023,true
587,4040,true
786,5773,true
577,4161,true
554,4278,true
555,4160,true
559,4061,true
545,4116,true
585,4310,true
703,6833,true
551,4170,true
550,4035,true
746,4893,true
584,4047,true
784,5791,true
787,6833,true
558,4049,true
678,4040,true
586,4247,true
583,4123,true
568,4049,true
560,4056,true
746,4076,true
779,4035,true
566,4180,true
678,4279,true
566,4249,true
583,6579,true
571,6833,true
745,4172,true
786,4047,true
549,4061,true
545,4073,true
554,4056,true
746,4894,true
550,4073,true
577,4287,true
758,119,true
757,4321,true
554,7074,true
548,4043,true
555,4043,true
785,4043,true
545,4097,true
570,4060,true
546,4051,true
779,4170,true
565,4046,true
583,4040,true
559,4043,true
595,4416,true
556,4038,true
560,4042,true
745,4508,true
556,4183,true
583,4031,true
745,4062,true
678,1844,true
548,4238,true
595,4333,true
558,4043,true
757,4853,true
593,4040,true
551,1844,true
784,5793,true
554,4210,true
757,4051,true
551,4093,true
583,4043,true
556,4046,true
546,4069,true
566,4247,true
572,4126,true
551,7001,true
546,4053,true
746,1270,true
570,6833,true
783,4063,true
553,6486,true
745,4243,true
545,4066,true
591,4054,true
554,4148,true
571,4031,true
678,5009,true
586,4339,true
561,4160,true
589,4369,true
580,4208,true
582,4043,true
583,4093,true
780,4051,true
554,4071,true
545,4049,true
545,4051,true
583,4366,true
591,4108,true
586,4394,true
551,751,true
554,6953,true
594,4056,true
560,4123,true
585,4242,true
784,5758,true
745,4510,true
553,4056,true
758,4043,true
577,4093,true
556,4047,true
757,5662,true
745,4034,true
555,4027,true
580,4045,true
595,4219,true
783,4043,true
779,4047,true
758,4073,true
560,6833,true
559,4051,true
678,4167,true
554,4146,true
557,5379,true
586,4387,true
554,4200,true
783,5780,true
552,4090,true
745,5604,true
545,4031,true
546,4239,true
757,4317,true
745,4043,true
557,4160,true
577,4282,true
552,4051,true
578,4049,true
565,4031,true
784,5789,true
745,5626,true
563,4038,true
545,4670,true
757,5658,true
559,4041,true
583,6745,true
564,4240,true
545,4047,true
581,4055,true
745,5010,true
548,4048,true
580,6953,true
780,7075,true
703,4059,true
568,985,true
567,4041,true
561,4037,true
758,4037,true
779,7075,true
757,4611,true
595,4063,true
554,4059,true
786,4045,true
745,4812,true
558,6953,true
780,4054,true
784,4034,true
575,4219,true
577,4059,true
566,4056,true
783,5751,true
757,4300,true
786,4054,true
757,4156,true
560,4206,true
548,4097,true
554,4211,true
575,4047,true
741,4061,true
745,5588,true
582,7027,true
779,4428,true
595,1011,true
583,4053,true
587,4034,true
571,4053,true
745,4054,true
780,4034,true
741,4188,true
551,4031,true
548,358,true
760,4042,true
562,1270,true
784,5795,true
591,4035,true
557,7180,true
553,4049,true
760,4366,true
552,4061,true
779,4421,true
569,4240,true
760,5674,true
567,4252,true
745,4251,true
758,4047,true
550,4038,true
787,4249,true
554,4254,true
556,4108,true
746,5007,true
583,4038,true
745,5622,true
746,5628,true
786,4410,true
561,4184,true
556,4186,true
566,1011,true
560,4051,true
758,4053,true
561,4354,true
783,4049,true
575,4038,true
593,4079,true
563,4061,true
556,4168,true
591,4059,true
573,4388,true
593,4035,true
556,4142,true
574,4040,true
588,4239,true
554,4126,true
545,4043,true
554,4060,true
758,4045,true
779,4027,true
586,4328,true
580,4031,true
545,4041,true
546,4042,true
571,4261,true
560,4061,true
745,4994,true
577,4302,true
586,4046,true
567,1833,true
678,4289,true
780,4062,true
780,4302,true
758,4063,true
780,4027,true
554,4074,true
586,4056,true
702,4045,true
780,4156,true
580,4033,true
577,4034,true
575,4031,true
743,4045,true
784,4031,true
565,4041,true
551,4059,true
573,4034,true
746,69,true
593,4357,true
745,4720,true
745,4632,true
678,4236,true
562,4045,true
561,4126,true
556,4176,true
566,4195,true
593,4055,true
780,4055,true
573,4037,true
580,4123,true
577,4301,true
575,4054,true
546,4362,true
551,4061,true
591,4049,true
780,4045,true
553,4043,true
591,6953,true
578,4034,true
561,4179,true
558,4388,true
586,4332,true
592,4056,true
592,4040,true
551,208,true
786,4041,true
703,4172,true
678,6742,true
546,4070,true
784,5782,true
572,4040,true
550,1202,true
678,4043,true
545,6833,true
757,749,true
564,6833,true
757,5669,true
565,4056,true
545,208,true
702,4031,true
550,4040,true
548,4052,true
785,4056,true
554,4359,true
678,751,true
558,4037,true
594,4047,true
553,4134,true
787,4045,true
595,6833,true
546,4056,true
545,4611,true
572,4027,true
585,4056,true
779,4062,true
546,4043,true
575,4037,true
678,4887,true
547,4056,true
783,5752,true
678,4041,true
587,4350,true
558,4063,true
566,4179,true
577,4049,true
758,4559,true
567,4060,true
563,4051,true
561,4188,true
780,4296,true
577,4037,true
545,4098,true
568,4055,true
546,4101,true
780,4298,true
780,1270,true
548,4040,true
757,4480,true
560,4059,true
678,4237,true
566,4041,true
555,4045,true
577,4144,true
568,4133,true
679,4043,true
546,4236,true
757,4054,true
757,4150,true
562,4034,true
780,4056,true
558,4056,true
780,4060,true
572,4057,true
563,4031,true
556,4054,true
780,4859,true
586,4386,true
746,4053,true
571,4055,true
583,4319,true
557,4168,true
550,4312,true
550,4058,true
780,4047,true
678,7112,true
595,4043,true
574,4124,true
586,4262,true
564,4271,true
678,4027,true
678,4172,true
745,5025,true
757,4256,true
556,4177,true
581,4049,true
577,4294,true
746,5629,true
784,4027,true
581,4307,true
758,4393,true
548,1270,true
679,4058,true
563,4090,true
570,7070,true
745,5621,true
564,4273,true
560,4046,true
783,5753,true
567,4241,true
587,4043,true
556,4179,true
573,4123,true
556,4193,true
557,4063,true
562,4041,true
582,4027,true
587,4041,true
548,6833,true
564,4031,true
583,4097,true
580,4041,true
785,4181,true
591,4033,true
548,4023,true
741,5382,true
552,4040,true
787,4062,true
572,4033,true
784,5771,true
556,4034,true
594,4055,true
545,4071,true
575,5576,true
550,4037,true
545,4085,true
573,4045,true
595,4415,true
595,4060,true
586,4090,true
595,4059,true
594,4040,true
577,4288,true
564,4221,true
758,4868,true
757,4062,true
562,4038,true
593,4045,true
550,4032,true
758,4051,true
559,4049,true
746,4031,true
577,4072,true
757,4203,true
678,4034,true
550,4097,true
678,6540,true
561,4042,true
678,4126,true
554,6869,true
546,7027,true
745,1270,true
560,6953,true
757,4613,true
746,4060,true
560,4207,true
564,4040,true
780,4048,true
703,4314,true
550,4082,true
678,6740,true
571,4045,true
780,4031,true
560,4205,true
545,4027,true
745,74,true
583,4222,true
554,4130,true
757,4642,true
581,4047,true
558,4042,true
678,74,true
547,4049,true
561,6833,true
577,4063,true
566,4188,true
559,4045,true
741,4046,true
786,4056,true
593,4374,true
581,4042,true
570,5473,true
563,4123,true
593,4027,true
570,4045,true
584,4090,true
678,4994,true
703,4034,true
555,4164,true
583,4200,true
550,4260,true
545,4100,true
545,1270,true
562,4144,true
558,4046,true
558,4047,true
550,4051,true
546,1011,true
591,4060,true
583,4049,true
583,4316,true
549,4126,true
582,4055,true
593,4318,true
558,4208,true
786,4038,true
556,4035,true
583,7075,true
555,1202,true
678,5000,true
784,5764,true
779,4269,true
593,4054,true
554,4143,true
784,5760,true
582,4047,true
563,4055,true
551,6833,true
577,4221,true
595,4409,true
566,4055,true
745,5591,true
553,4042,true
595,4050,true
551,4127,true
757,4393,true
593,4063,true
595,4412,true
545,4061,true
545,6953,true
744,5165,true
744,4841,true
744,1844,true
744,5967,true
744,5860,true
744,3849,true
322,5847,true
744,5847,true
744,5968,true
744,3993,true
744,5914,true
744,5853,true
744,3878,true
744,5837,true
744,7112,true
744,5961,true
744,5965,true
322,5882,true
744,7110,true
744,4848,true
744,5888,true
744,3856,true
744,751,true
744,5882,true
744,5843,true
744,4058,true
744,5868,true
744,3466,true
744,5920,true
744,4024,true
744,4023,true
744,5889,true
744,3409,true
744,5746,true
744,5258,true
744,5905,true
656,69,true
617,119,true
656,186,true
628,208,true
597,325,true
617,737,true
604,889,true
901,985,true
597,985,true
604,1011,true
906,1011,true
628,1011,true
837,1011,true
656,1011,true
617,1197,true
737,1270,true
628,1270,true
801,1270,true
656,1270,true
597,1270,true
835,1270,true
604,1270,true
903,1270,true
880,1270,true
901,1270,true
836,1270,true
916,1270,true
735,1270,true
837,1270,true
835,1833,true
735,1833,true
837,1833,true
737,1852,true
801,1852,true
671,4027,true
737,4027,true
628,4027,true
736,4027,true
801,4027,true
656,4027,true
597,4027,true
835,4027,true
617,4027,true
604,4027,true
747,4027,true
903,4027,true
880,4027,true
901,4027,true
836,4027,true
339,4027,true
916,4027,true
906,4027,true
735,4027,true
837,4027,true
628,4029,true
628,4030,true
656,4030,true
671,4031,true
737,4031,true
628,4031,true
736,4031,true
801,4031,true
656,4031,true
597,4031,true
835,4031,true
617,4031,true
604,4031,true
747,4031,true
903,4031,true
880,4031,true
901,4031,true
836,4031,true
339,4031,true
916,4031,true
906,4031,true
735,4031,true
837,4031,true
617,4032,true
628,4032,true
737,4033,true
628,4033,true
656,4033,true
597,4033,true
835,4033,true
604,4033,true
903,4033,true
880,4033,true
836,4033,true
916,4033,true
906,4033,true
735,4033,true
837,4033,true
671,4034,true
737,4034,true
628,4034,true
736,4034,true
801,4034,true
656,4034,true
597,4034,true
835,4034,true
617,4034,true
604,4034,true
747,4034,true
903,4034,true
880,4034,true
901,4034,true
836,4034,true
339,4034,true
916,4034,true
906,4034,true
735,4034,true
837,4034,true
835,4035,true
903,4035,true
880,4035,true
901,4035,true
503,5680,false
501,5680,false
503,5682,false
501,5682,false
339,4035,true
906,4035,true
628,4035,true
837,4035,true
597,4035,true
628,4037,true
597,4037,true
617,4037,true
604,4037,true
339,4037,true
906,4037,true
837,4037,true
671,4038,true
737,4038,true
628,4038,true
736,4038,true
801,4038,true
656,4038,true
597,4038,true
835,4038,true
617,4038,true
604,4038,true
747,4038,true
903,4038,true
880,4038,true
901,4038,true
836,4038,true
339,4038,true
916,4038,true
906,4038,true
735,4038,true
837,4038,true
628,4039,true
671,4040,true
737,4040,true
628,4040,true
736,4040,true
801,4040,true
656,4040,true
597,4040,true
835,4040,true
617,4040,true
604,4040,true
747,4040,true
903,4040,true
880,4040,true
901,4040,true
836,4040,true
339,4040,true
916,4040,true
906,4040,true
735,4040,true
837,4040,true
671,4041,true
737,4041,true
628,4041,true
736,4041,true
801,4041,true
656,4041,true
597,4041,true
835,4041,true
617,4041,true
604,4041,true
747,4041,true
903,4041,true
880,4041,true
901,4041,true
836,4041,true
339,4041,true
916,4041,true
906,4041,true
735,4041,true
837,4041,true
628,4042,true
597,4042,true
617,4042,true
604,4042,true
339,4042,true
906,4042,true
671,4043,true
737,4043,true
628,4043,true
736,4043,true
801,4043,true
656,4043,true
597,4043,true
835,4043,true
617,4043,true
604,4043,true
903,4043,true
880,4043,true
901,4043,true
836,4043,true
339,4043,true
916,4043,true
906,4043,true
735,4043,true
837,4043,true
628,4044,true
671,4045,true
737,4045,true
628,4045,true
736,4045,true
801,4045,true
656,4045,true
597,4045,true
835,4045,true
617,4045,true
604,4045,true
747,4045,true
903,4045,true
880,4045,true
901,4045,true
836,4045,true
339,4045,true
916,4045,true
906,4045,true
735,4045,true
837,4045,true
671,4046,true
737,4046,true
628,4046,true
736,4046,true
801,4046,true
656,4046,true
597,4046,true
835,4046,true
617,4046,true
604,4046,true
747,4046,true
903,4046,true
880,4046,true
901,4046,true
836,4046,true
339,4046,true
916,4046,true
906,4046,true
735,4046,true
837,4046,true
628,4047,true
597,4047,true
617,4047,true
604,4047,true
339,4047,true
906,4047,true
835,4048,true
906,4048,true
628,4048,true
837,4048,true
671,4049,true
737,4049,true
628,4049,true
736,4049,true
801,4049,true
656,4049,true
597,4049,true
835,4049,true
617,4049,true
604,4049,true
747,4049,true
903,4049,true
880,4049,true
901,4049,true
836,4049,true
339,4049,true
916,4049,true
906,4049,true
735,4049,true
837,4049,true
835,4050,true
906,4050,true
628,4050,true
837,4050,true
628,4051,true
656,4051,true
597,4051,true
617,4051,true
604,4051,true
339,4051,true
906,4051,true
837,4051,true
628,4052,true
671,4053,true
737,4053,true
628,4053,true
801,4053,true
656,4053,true
597,4053,true
835,4053,true
604,4053,true
903,4053,true
880,4053,true
901,4053,true
836,4053,true
339,4053,true
916,4053,true
906,4053,true
735,4053,true
837,4053,true
737,4054,true
628,4054,true
656,4054,true
597,4054,true
835,4054,true
604,4054,true
903,4054,true
880,4054,true
836,4054,true
916,4054,true
906,4054,true
735,4054,true
837,4054,true
628,4055,true
656,4055,true
597,4055,true
617,4055,true
604,4055,true
339,4055,true
906,4055,true
837,4055,true
671,4056,true
737,4056,true
628,4056,true
736,4056,true
801,4056,true
656,4056,true
597,4056,true
835,4056,true
617,4056,true
604,4056,true
903,4056,true
880,4056,true
901,4056,true
836,4056,true
339,4056,true
916,4056,true
906,4056,true
735,4056,true
837,4056,true
835,4057,true
671,4057,true
903,4057,true
880,4057,true
836,4057,true
916,4057,true
628,4057,true
628,4058,true
837,4058,true
656,4058,true
671,4059,true
628,4059,true
801,4059,true
656,4059,true
597,4059,true
835,4059,true
604,4059,true
903,4059,true
880,4059,true
901,4059,true
836,4059,true
916,4059,true
906,4059,true
735,4059,true
837,4059,true
835,4060,true
903,4060,true
880,4060,true
901,4060,true
339,4060,true
906,4060,true
628,4060,true
837,4060,true
597,4060,true
671,4061,true
737,4061,true
628,4061,true
736,4061,true
801,4061,true
656,4061,true
597,4061,true
835,4061,true
617,4061,true
604,4061,true
903,4061,true
880,4061,true
901,4061,true
836,4061,true
339,4061,true
916,4061,true
906,4061,true
735,4061,true
837,4061,true
339,4062,true
628,4062,true
597,4062,true
671,4063,true
737,4063,true
628,4063,true
736,4063,true
801,4063,true
656,4063,true
597,4063,true
835,4063,true
617,4063,true
604,4063,true
747,4063,true
903,4063,true
880,4063,true
901,4063,true
836,4063,true
339,4063,true
916,4063,true
906,4063,true
735,4063,true
837,4063,true
617,4064,true
628,4065,true
837,4065,true
656,4065,true
628,4066,true
628,4069,true
656,4072,true
628,4072,true
604,4073,true
628,4073,true
835,4074,true
604,4074,true
671,4074,true
903,4074,true
880,4074,true
837,4074,true
656,4074,true
656,4078,true
628,4078,true
628,4079,true
880,4079,true
837,4079,true
836,4079,true
656,4079,true
597,4079,true
916,4079,true
837,4083,true
628,4083,true
656,4083,true
628,4084,true
837,4088,true
628,4088,true
656,4088,true
835,4090,true
880,4090,true
836,4090,true
339,4090,true
916,4090,true
736,4090,true
597,4090,true
671,4091,true
628,4091,true
735,4091,true
737,4091,true
801,4091,true
906,4091,true
628,4092,true
604,4093,true
656,4093,true
628,4094,true
837,4097,true
628,4098,true
628,4102,true
835,4108,true
735,4108,true
903,4108,true
880,4108,true
737,4108,true
597,4108,true
916,4108,true
628,4116,true
628,4117,true
880,4118,true
597,4118,true
916,4118,true
903,4118,true
835,4119,true
597,4119,true
597,4122,true
903,4122,true
604,4123,true
628,4123,true
597,4124,true
880,4125,true
835,4126,true
735,4126,true
903,4126,true
880,4126,true
597,4126,true
597,4133,true
906,4139,true
597,4139,true
906,4142,true
597,4142,true
656,4149,true
617,4155,true
801,4156,true
671,4160,true
737,4160,true
901,4160,true
906,4160,true
735,4160,true
801,4160,true
617,4162,true
617,4163,true
656,4166,true
671,4168,true
737,4168,true
801,4168,true
901,4168,true
906,4168,true
835,4172,true
735,4172,true
880,4172,true
597,4172,true
617,4176,true
901,4176,true
737,4177,true
901,4177,true
597,4185,true
906,4185,true
906,4188,true
604,4189,true
604,4191,true
597,4191,true
737,4192,true
906,4192,true
656,4199,true
604,4200,true
604,4201,true
671,4204,true
880,4219,true
737,4219,true
901,4219,true
735,4219,true
906,4219,true
604,4221,true
628,4221,true
837,4221,true
656,4221,true
604,4236,true
671,4236,true
919,4236,true
675,4236,true
339,4236,true
916,4236,true
628,4236,true
729,4236,true
656,4236,true
649,4236,true
604,4237,true
671,4237,true
339,4237,true
916,4237,true
628,4237,true
729,4237,true
656,4237,true
649,4237,true
604,4238,true
671,4238,true
339,4238,true
916,4238,true
628,4238,true
729,4238,true
656,4238,true
649,4238,true
604,4239,true
671,4239,true
919,4239,true
675,4239,true
339,4239,true
916,4239,true
628,4239,true
729,4239,true
656,4239,true
649,4239,true
604,4240,true
671,4240,true
339,4240,true
916,4240,true
628,4240,true
656,4240,true
604,4241,true
671,4241,true
919,4241,true
675,4241,true
339,4241,true
916,4241,true
628,4241,true
729,4241,true
656,4241,true
649,4241,true
604,4242,true
671,4242,true
919,4242,true
675,4242,true
339,4242,true
916,4242,true
628,4242,true
729,4242,true
656,4242,true
649,4242,true
604,4243,true
671,4243,true
339,4243,true
916,4243,true
628,4243,true
729,4243,true
656,4243,true
649,4243,true
628,4244,true
597,4249,true
836,4249,true
903,4249,true
880,4250,true
597,4250,true
604,4261,true
835,4262,true
597,4262,true
604,4263,true
604,4264,true
597,4264,true
628,4267,true
656,4282,true
656,4284,true
656,4293,true
671,4293,true
597,4309,true
656,4310,true
916,4310,true
604,4313,true
604,4314,true
604,4315,true
837,4315,true
604,4316,true
837,4316,true
604,4317,true
604,4318,true
837,4318,true
604,4319,true
837,4319,true
604,4320,true
604,4321,true
837,4357,true
604,4357,true
837,4358,true
604,4359,true
604,4361,true
604,4365,true
628,4365,true
604,4366,true
628,4366,true
604,4367,true
628,4367,true
604,4374,true
837,4374,true
604,4384,true
916,4389,true
628,4390,true
604,4393,true
656,4393,true
339,4400,true
339,4401,true
801,4402,true
906,4402,true
801,4405,true
801,4406,true
880,4407,true
597,4410,true
906,4410,true
906,4412,true
901,4413,true
906,4413,true
801,4418,true
906,4418,true
604,4421,true
597,4421,true
671,4425,true
604,4426,true
597,4426,true
604,4428,true
597,4428,true
835,4430,true
604,4430,true
903,4430,true
836,4430,true
916,4430,true
671,4431,true
671,4433,true
604,4443,true
604,4444,true
604,4445,true
604,4446,true
604,4447,true
604,4448,true
604,4449,true
604,4450,true
597,4455,true
597,4456,true
597,4457,true
597,4458,true
339,4488,true
604,4496,true
604,4497,true
339,4501,true
880,4520,true
656,4520,true
597,4520,true
916,4520,true
597,4521,true
604,4523,true
837,4523,true
604,4529,true
339,4531,true
339,4532,true
604,4533,true
617,4546,true
617,4547,true
617,4548,true
617,4549,true
617,4550,true
617,4551,true
617,4553,true
617,4554,true
617,4555,true
617,4556,true
617,4557,true
617,4558,true
617,4559,true
617,4560,true
617,4561,true
617,4562,true
617,4563,true
617,4564,true
617,4565,true
617,4566,true
617,4578,true
617,4584,true
617,4585,true
656,4589,true
628,4611,true
656,4636,true
339,4640,true
628,4653,true
628,4654,true
628,4655,true
628,4656,true
628,4657,true
628,4658,true
628,4662,true
628,4669,true
628,4670,true
628,4671,true
339,4675,true
628,4679,true
628,4680,true
628,4686,true
628,4687,true
628,4692,true
628,4694,true
628,4708,true
628,4710,true
339,4711,true
628,4712,true
628,4925,true
628,4929,true
801,5379,true
801,5380,true
801,5381,true
801,5382,true
735,5398,true
901,5405,true
737,5413,true
906,5453,true
901,5473,true
906,5500,true
906,5574,true
906,5576,true
656,5727,true
617,5982,true
628,6381,true
604,6579,true
837,6579,true
604,6745,true
628,6745,true
737,6833,true
628,6833,true
656,6833,true
597,6833,true
835,6833,true
604,6833,true
903,6833,true
880,6833,true
901,6833,true
836,6833,true
916,6833,true
906,6833,true
735,6833,true
837,6833,true
906,6945,true
835,6953,true
604,6953,true
837,6953,true
916,6953,true
604,6954,true
837,6954,true
339,6954,true
628,6955,true
628,7066,true
617,7070,true
901,7070,true
735,7070,true
656,7070,true
604,7075,true
656,7075,true
906,7077,true
906,7078,true
628,7081,true
617,7110,true
916,7154,true
916,7155,true
880,7179,true
801,7180,true
801,7183,true
656,7250,true
656,7251,true
656,7252,true
656,7253,true
327,4199,true
327,4251,true
327,4252,true
327,4508,true
327,4510,true
327,4512,true
327,4808,true
327,4967,true
327,4968,true
327,4970,true
327,4974,true
327,5082,true
327,5084,true
327,5251,true
327,5253,true
327,5257,true
327,5647,true
327,5649,true
327,5713,true
327,5805,true
327,5811,true
327,5812,true
327,5823,true
327,5954,true
327,7118,true
327,7121,true
327,7241,true
327,7242,true
327,7243,true
327,7244,true
327,7265,true
327,7266,true
327,7267,true
327,7268,true
327,7269,true
327,7270,true
327,7271,true
472,4195,true
327,4828,true
51,7070,true
385,4062,true
340,4090,true
385,4090,true
628,7070,true
548,7070,true
47,5843,true
66,4237,true
66,4238,true
66,4243,true
916,4126,true
916,4172,true
585,4126,true
585,4172,true
100,7272,true
514,4251,true
514,4252,true
514,4508,true
514,4510,true
514,4512,true
514,4515,true
514,4810,true
514,4813,true
514,4974,true
382,5952,true
329,7070,true
514,7116,true
514,7226,true
514,7273,true
513,5803,true
513,7116,true
513,4810,true
513,4252,true
513,4813,true
513,4508,true
513,4251,true
513,4510,true
513,4515,true
513,4512,true
513,5190,true
967,1825,true
232,1829,true
962,1830,true
966,1839,true
967,1830,true
962,1823,true
234,1828,true
962,4022,true
234,1839,true
964,1847,true
232,1839,true
234,1833,true
969,1839,true
962,4020,true
234,1823,true
967,4023,true
962,1839,true
964,1830,true
100,4024,true
964,1839,true
962,1848,true
962,4023,true
962,1831,true
966,4023,true
967,4026,true
962,1844,true
966,4026,true
964,1840,true
962,1835,true
969,1830,true
964,4022,true
964,1833,true
965,1830,true
232,1830,true
234,1830,true
234,4023,true
962,1829,true
964,1828,true
964,4021,true
966,1825,true
967,1839,true
965,1839,true
964,1816,true
964,4023,true
962,1838,true
966,1830,true
243,1839,true
325,3416,true
325,3878,true
60,4022,true
325,5375,true
325,5376,true
325,5915,true
325,7267,true
60,7267,true
60,7274,true
17,5847,true
16,4025,true
16,5847,true
966,325,true
966,933,true
966,1011,true
966,1068,true
966,1270,true
966,3915,true
966,4027,true
966,4030,true
966,4031,true
966,4033,true
966,4034,true
966,4035,true
966,4037,true
966,4038,true
966,4039,true
966,4040,true
966,4041,true
310,4236,true
310,4237,true
310,4238,true
310,4239,true
310,4240,true
310,4241,true
310,4242,true
310,4243,true
696,4509,true
966,4042,true
966,4043,true
966,4045,true
966,4046,true
966,4047,true
966,4048,true
966,4049,true
966,4050,true
966,4051,true
966,4052,true
966,4053,true
966,4054,true
966,4055,true
966,4056,true
966,4058,true
966,4059,true
966,4060,true
966,4061,true
966,4062,true
966,4063,true
966,4065,true
966,4066,true
966,4067,true
966,4071,true
966,4073,true
966,4074,true
966,4087,true
966,4091,true
966,4092,true
966,4093,true
966,4097,true
966,4116,true
966,4123,true
966,4139,true
966,4142,true
966,4160,true
966,4168,true
966,4185,true
966,4197,true
966,4199,true
966,4200,true
966,4204,true
966,4214,true
966,4234,true
966,4236,true
966,4239,true
966,4241,true
966,4242,true
966,4314,true
966,4320,true
966,4365,true
966,4366,true
966,4367,true
966,4393,true
966,4400,true
966,4401,true
966,4425,true
966,4427,true
966,4431,true
966,4432,true
966,4433,true
966,4450,true
966,4471,true
966,4472,true
966,4473,true
966,4474,true
966,4475,true
966,4476,true
966,4488,true
966,4497,true
966,4501,true
966,4517,true
966,4530,true
966,4532,true
966,4538,true
966,4540,true
966,4541,true
966,4542,true
966,4543,true
966,4611,true
966,4640,true
966,4652,true
966,4653,true
966,4667,true
966,4675,true
966,4682,true
966,4686,true
966,4687,true
966,4693,true
966,4694,true
966,4695,true
966,4697,true
966,4713,true
966,4735,true
966,4760,true
966,4863,true
966,5042,true
966,5049,true
966,5050,true
966,5051,true
966,5054,true
966,5056,true
393,5954,true
966,6481,true
966,6833,true
966,6869,true
966,6953,true
966,6954,true
966,6955,true
966,6981,true
966,7027,true
966,7066,true
966,7070,true
100,4191,true
100,4057,true
962,4269,true
235,4063,true
963,4050,true
239,4034,true
239,4037,true
235,4242,true
239,4047,true
963,4267,true
249,4286,true
235,4240,true
242,4050,true
963,4091,true
963,4433,true
962,4040,true
235,4815,true
100,4428,true
242,4361,true
249,4477,true
962,751,true
235,4037,true
246,4040,true
242,4045,true
249,4050,true
239,4093,true
239,4031,true
249,4238,true
239,4073,true
239,4079,true
963,4042,true
109,4267,true
100,4060,false
239,4092,true
246,6833,true
239,6833,true
249,4167,true
235,4048,true
963,4090,true
109,6833,true
962,4066,true
242,4046,true
239,4084,true
249,4255,true
249,4301,true
235,4051,true
239,6381,true
239,4064,true
249,5877,true
962,4170,true
963,4656,true
239,4072,true
963,4662,true
249,4033,true
249,4185,true
962,4242,true
249,4144,true
963,6745,true
109,4031,true
962,4135,true
962,4268,true
239,4043,true
239,4033,true
962,4243,true
963,4056,true
242,4359,true
963,4041,true
239,4029,true
242,1011,true
962,6833,true
100,4097,true
235,4450,true
963,4043,true
109,4048,true
242,4034,true
235,4237,true
249,1270,true
963,4204,true
249,4410,true
239,4058,true
249,4040,true
109,4084,true
239,208,true
249,4170,true
962,4041,true
242,4074,true
249,4239,true
962,4027,true
242,4374,true
963,933,true
238,4045,true
246,4027,true
249,4748,true
963,4027,true
239,4061,true
962,4070,true
249,4236,true
235,4034,true
239,4056,true
962,7027,true
963,4116,true
239,4044,true
963,4059,true
239,4027,true
242,4063,true
249,4753,true
242,4053,true
962,4035,true
963,4040,true
239,4063,true
963,6955,true
239,4054,true
963,4061,true
963,4039,true
249,4059,true
962,4267,true
962,4034,true
963,4049,true
235,4038,true
249,4153,true
249,4061,true
962,4071,true
109,4033,true
246,4045,true
100,4361,true
249,4149,true
249,4759,true
249,4079,true
963,4048,true
249,4161,true
249,4093,true
239,4038,true
235,4053,true
962,206,true
962,1011,true
249,3857,true
100,4071,true
246,4043,true
242,4060,true
249,4045,true
109,4041,true
242,4240,true
962,4046,true
242,4031,true
962,6381,true
249,4038,true
963,4366,true
109,4059,true
963,4029,true
962,4197,true
235,4796,true
963,4102,true
249,6833,true
962,1270,true
963,4097,true
239,4069,true
100,4264,true
109,4040,true
963,4084,true
249,4031,true
963,4037,true
235,4464,true
963,4093,true
239,1270,true
249,4049,true
100,4310,true
963,4669,true
962,4059,true
109,4057,true
235,4243,true
100,4065,false
100,4074,false
100,4088,false
100,4250,false
100,4266,false
100,4430,false
100,1270,false
100,6953,false
100,6579,false
100,4040,false
100,4038,false
100,7075,false
235,4060,false
235,4786,false
235,4787,false
235,4804,false
235,4043,false
963,4047,true
963,4066,true
962,4390,true
962,4241,true
963,4123,true
100,4117,true
238,4027,true
109,4043,true
239,4089,true
249,4142,true
242,4237,true
249,4035,true
242,4523,true
235,4819,true
249,4269,true
242,4126,true
249,7075,true
249,4221,true
962,4042,true
249,4762,true
962,4056,true
963,4045,true
963,4657,true
109,4052,true
100,4048,true
249,4063,true
100,4119,true
235,4410,true
109,4027,true
249,4296,true
249,4690,true
249,4056,true
246,4056,true
239,4083,true
249,4242,true
239,4045,true
100,4421,true
963,6953,true
249,4220,true
249,4282,true
100,6954,true
100,4426,true
963,4038,true
249,4243,true
239,4104,true
962,4061,true
238,4049,true
242,4313,true
242,4238,true
249,186,true
249,4139,true
239,4121,true
239,4086,true
962,4320,true
963,4062,true
235,4236,true
963,4034,true
100,4090,true
249,4295,true
246,4061,true
109,4032,true
242,4065,true
242,4061,true
239,4049,true
249,4043,true
962,4044,true
962,4065,true
246,4524,true
239,4055,true
100,4053,true
249,4287,true
100,4357,true
100,4320,true
239,1011,true
242,4319,true
249,4156,true
109,4030,true
235,4821,true
962,4047,true
100,4240,true
249,4284,true
239,4065,true
239,4060,true
249,4054,true
249,4757,true
962,4237,true
235,4801,true
246,4090,true
963,4073,true
963,4063,true
100,4039,true
242,4073,true
962,4098,true
963,4427,true
963,4425,true
962,4199,true
962,4062,true
100,6481,true
242,4315,true
962,6486,true
249,4292,true
962,4045,true
239,4052,true
242,4043,true
235,4238,true
249,4298,true
249,4073,true
109,4657,true
963,4060,true
100,6955,true
100,4444,true
239,4040,true
963,4221,true
242,6579,true
242,4041,true
239,4048,true
100,985,true
962,4363,true
963,4658,true
249,4041,true
962,4102,true
239,4103,true
109,4056,true
242,4049,true
242,4040,true
100,5713,true
100,5717,true
100,4189,true
249,4034,true
962,4069,true
239,4081,true
100,4077,false
100,4093,false
100,4082,false
100,4142,false
100,4160,false
100,4293,false
100,4319,false
100,4313,false
100,4528,false
100,6833,false
100,4042,false
100,4045,false
100,4035,false
100,4668,false
235,7027,false
235,4049,false
235,4056,false
235,4059,false
235,4061,false
235,4769,false
235,4027,false
235,4040,false
235,4045,false
235,4055,true
239,4091,true
242,4242,true
242,4093,true
963,4051,true
239,4032,true
235,4667,true
239,4035,true
235,4239,true
109,4050,true
249,4027,true
962,4029,true
249,4240,true
962,4058,true
962,4025,true
963,4058,true
249,4053,true
963,6833,true
963,4654,true
239,4046,true
962,4052,true
239,4088,true
963,1270,true
100,4052,true
962,749,true
235,5742,true
962,4055,true
246,4049,true
239,4074,true
963,4431,true
235,4800,true
962,4068,true
235,4133,true
239,6953,true
962,4093,true
235,5740,true
963,4160,true
239,4051,true
962,4050,true
239,4066,true
962,4054,true
100,4263,true
962,4391,true
242,4236,true
963,4053,true
242,4042,true
235,4541,true
235,4820,true
242,4243,true
239,4076,true
249,4042,true
239,4057,true
242,1270,true
246,4047,true
963,4087,true
109,4221,true
963,4710,true
109,4045,true
235,4863,true
963,4139,true
963,1011,true
963,4031,true
963,4054,true
235,5741,true
242,4241,true
963,4365,true
963,4044,true
963,4057,true
963,4033,true
963,4117,true
963,4092,true
963,4234,true
235,4791,true
963,4676,true
100,4238,true
962,4101,true
962,4067,true
100,4243,true
249,4237,true
242,4384,true
100,4318,true
963,4074,true
963,4046,true
239,4120,true
963,4065,true
249,4083,true
962,4033,true
239,4039,true
249,325,true
963,4367,true
239,4075,true
962,4053,true
239,4053,true
249,4097,true
249,4048,true
242,4239,true
962,4037,true
100,4358,true
109,6955,true
249,4747,true
242,4047,true
962,4063,true
239,4059,true
239,4042,true
100,4527,true
962,4043,true
963,4652,true
962,4238,true
235,4050,true
962,4060,true
962,4265,true
962,4236,true
962,4031,true
963,4055,true
249,4060,true
109,4053,true
239,4094,true
239,4028,true
239,4030,true
239,4036,true
249,4047,true
100,4055,false
100,4059,false
100,4062,false
100,4063,false
100,4066,false
100,4073,false
100,4083,false
100,4126,false
100,4185,false
100,4241,false
100,4242,false
100,4315,false
100,4384,false
100,889,false
100,4041,false
100,4037,false
100,4034,false
100,4033,false
100,4031,false
100,4030,false
235,4054,false
235,4057,false
235,4139,false
235,4690,false
235,4785,false
235,4805,false
235,4047,false
235,4031,false
235,4033,false
235,4042,false
235,6833,false
235,6945,false
242,4056,true
963,325,true
963,4032,true
962,6945,true
962,4048,true
235,4789,true
109,4035,true
100,4237,true
100,4261,true
246,4033,true
239,4050,true
235,4185,true
963,4052,true
109,4049,true
246,4042,true
100,4311,true
242,4027,true
249,4297,true
100,4314,true
963,4168,true
962,4150,true
242,6953,true
962,4038,true
249,749,true
235,1011,true
963,4899,true
242,4318,true
963,4432,true
963,4142,true
242,4038,true
109,4047,true
249,4241,true
963,4030,true
962,4049,true
100,4032,true
239,4078,true
239,4041,true
242,4035,true
242,4317,true
962,4240,true
239,119,true
249,4302,true
962,4362,true
963,4655,true
249,4032,true
109,4061,true
109,4054,true
109,4060,true
962,4198,true
239,4062,true
235,4241,true
100,4374,true
109,4058,true
963,4035,true
100,4359,true
242,4030,true
238,4041,true
109,4042,true
962,4266,true
962,4239,true
242,4316,true
246,4041,true
239,4080,true
239,4085,true
246,4133,true
239,4077,true
249,4199,true
962,6745,true
235,4520,true
962,4074,true
962,4051,true
249,4046,true
100,4046,false
100,4054,false
100,4139,false
100,4239,false
100,4317,false
100,4236,false
100,4043,false
100,4047,false
100,4523,false
100,4316,true
100,1011,false
235,4046,false
235,4079,false
235,4142,false
235,4806,false
235,4310,false
235,4035,false
235,4041,false
100,4049,false
100,4056,false
100,4061,false
100,4058,false
102,6474,true
102,6724,true
675,1064,true
326,1830,true
675,4027,true
675,4031,true
675,4033,true
675,4040,true
675,4041,true
675,4042,true
675,4043,true
675,4045,true
675,4047,true
675,4049,true
675,4053,true
675,4054,true
675,4056,true
675,4059,true
675,4061,true
675,4126,true
675,4139,true
675,4142,true
675,4172,true
675,4247,true
675,4250,true
675,4686,true
675,4687,true
675,4960,true
675,4961,true
675,6833,true
675,6916,true
328,7070,true
314,7070,true
326,7089,true
326,7090,true
427,4029,true
427,4033,true
427,4035,true
427,4048,true
427,4050,true
427,4054,true
427,4060,true
139,7070,true
100,4050,false
100,4221,false
100,6745,false
100,4027,false
100,4051,false
100,4079,false
235,5190,false
235,4803,false
235,4784,false
550,208,true
550,7070,true
492,4030,false
341,4030,false
446,4030,false
399,4030,false
305,4030,false
327,4030,false
66,4030,false
340,4030,false
509,4030,false
266,4030,false
502,4030,false
505,4030,false
408,4030,false
361,4030,false
334,4030,false
258,4030,false
447,4030,false
336,4030,false
344,4030,false
345,4030,false
448,4030,false
335,4030,false
496,4030,false
363,4032,false
261,4032,false
470,4032,false
328,4032,false
277,4032,false
437,4032,false
326,4032,false
438,4032,false
512,4032,false
361,4032,false
365,4032,false
334,4032,false
364,4032,false
258,4032,false
475,4032,false
336,4032,false
323,4032,false
337,4032,false
335,4032,false
272,4033,false
484,4033,false
310,4033,false
461,4033,false
407,4033,false
340,4033,false
437,4033,false
467,4033,false
507,4033,false
451,4033,false
346,4033,false
365,4033,false
447,4033,false
449,4033,false
416,4033,false
493,4033,false
470,4033,false
452,4033,false
300,4033,false
504,4033,false
485,4033,false
514,4033,false
12,4033,false
291,4033,false
243,4033,false
503,4033,false
335,4033,false
491,4033,false
303,4033,false
301,4033,false
315,4033,false
281,4033,false
275,4033,false
434,4033,false
305,4033,false
66,4033,false
321,4033,false
378,4033,false
266,4033,false
502,4033,false
408,4033,false
424,4033,false
530,4033,false
282,4033,false
364,4033,false
393,4033,false
265,4033,false
381,4033,false
290,4033,false
299,4033,false
414,4033,false
515,4033,false
501,4033,false
329,4033,false
516,4033,false
446,4033,false
368,4033,false
399,4033,false
435,4033,false
370,4033,false
343,4033,false
382,4033,false
456,4033,false
288,4033,false
385,4033,false
469,4033,false
488,4033,false
453,4033,false
459,4033,false
422,4033,false
334,4033,false
475,4033,false
468,4033,false
463,4033,false
341,4033,false
363,4033,false
261,4033,false
302,4033,false
309,4033,false
327,4033,false
506,4033,false
417,4033,false
314,4033,false
330,4033,false
376,4033,false
425,4033,false
361,4033,false
331,4033,false
313,4033,false
394,4033,false
306,4033,false
337,4033,false
450,4033,false
492,4033,false
269,4033,false
277,4033,false
326,4033,false
438,4033,false
442,4033,false
263,4033,false
505,4033,false
441,4033,false
494,4033,false
258,4033,false
274,4033,false
379,4033,false
478,4033,false
472,4033,false
401,4033,false
426,4033,false
439,4033,false
403,4033,false
328,4033,false
369,4033,false
419,4033,false
457,4033,false
476,4033,false
372,4033,false
342,4033,false
432,4033,false
367,4033,false
444,4033,false
259,4033,false
371,4033,false
336,4033,false
344,4033,false
474,4033,false
384,4033,false
271,4033,false
510,4033,false
304,4033,false
410,4033,false
285,4033,false
519,4033,false
307,4033,false
462,4033,false
396,4033,false
345,4033,false
448,4033,false
477,4033,false
496,4033,false
272,4034,false
484,4034,false
310,4034,false
461,4034,false
383,4034,false
407,4034,false
527,4034,false
340,4034,false
437,4034,false
467,4034,false
400,4034,false
507,4034,false
451,4034,false
497,4034,false
420,4034,false
471,4034,false
349,4034,false
447,4034,false
449,4034,false
528,4034,false
416,4034,false
480,4034,false
508,4034,false
493,4034,false
470,4034,false
452,4034,false
300,4034,false
504,4034,false
485,4034,false
405,4034,false
514,4034,false
12,4034,false
291,4034,false
293,4034,false
243,4034,false
503,4034,false
335,4034,false
491,4034,false
303,4034,false
301,4034,false
315,4034,false
281,4034,false
275,4034,false
305,4034,false
66,4034,false
321,4034,false
354,4034,false
378,4034,false
266,4034,false
502,4034,false
135,4034,false
408,4034,false
424,4034,false
282,4034,false
364,4034,false
393,4034,false
265,4034,false
381,4034,false
290,4034,false
473,4034,false
299,4034,false
323,4034,false
414,4034,false
515,4034,false
501,4034,false
329,4034,false
516,4034,false
446,4034,false
368,4034,false
399,4034,false
435,4034,false
260,4034,false
370,4034,false
343,4034,false
382,4034,false
456,4034,false
288,4034,false
385,4034,false
445,4034,false
469,4034,false
488,4034,false
453,4034,false
459,4034,false
422,4034,false
334,4034,false
332,4034,false
475,4034,false
338,4034,false
318,4034,false
468,4034,false
463,4034,false
341,4034,false
363,4034,false
261,4034,false
302,4034,false
264,4034,false
309,4034,false
327,4034,false
506,4034,false
417,4034,false
509,4034,false
314,4034,false
330,4034,false
376,4034,false
425,4034,false
355,4034,false
361,4034,false
331,4034,false
313,4034,false
394,4034,false
306,4034,false
337,4034,false
450,4034,false
492,4034,false
466,4034,false
269,4034,false
277,4034,false
326,4034,false
438,4034,false
442,4034,false
263,4034,false
505,4034,false
512,4034,false
441,4034,false
258,4034,false
479,4034,false
526,4034,false
274,4034,false
379,4034,false
478,4034,false
472,4034,false
401,4034,false
426,4034,false
439,4034,false
403,4034,false
328,4034,false
369,4034,false
419,4034,false
457,4034,false
460,4034,false
476,4034,false
372,4034,false
342,4034,false
367,4034,false
444,4034,false
259,4034,false
521,4034,false
336,4034,false
344,4034,false
474,4034,false
511,4034,false
316,4034,false
384,4034,false
271,4034,false
312,4034,false
510,4034,false
304,4034,false
410,4034,false
285,4034,false
465,4034,false
519,4034,false
307,4034,false
462,4034,false
41,4034,false
464,4034,false
396,4034,false
448,4034,false
418,4034,false
458,4034,false
477,4034,false
496,4034,false
272,4037,false
484,4037,false
310,4037,false
461,4037,false
383,4037,false
407,4037,false
527,4037,false
340,4037,false
437,4037,false
467,4037,false
507,4037,false
451,4037,false
497,4037,false
471,4037,false
447,4037,false
449,4037,false
480,4037,false
508,4037,false
493,4037,false
470,4037,false
452,4037,false
300,4037,false
504,4037,false
485,4037,false
514,4037,false
12,4037,false
291,4037,false
293,4037,false
503,4037,false
335,4037,false
491,4037,false
303,4037,false
374,4037,false
301,4037,false
315,4037,false
281,4037,false
275,4037,false
305,4037,false
66,4037,false
321,4037,false
378,4037,false
266,4037,false
502,4037,false
135,4037,false
408,4037,false
282,4037,false
364,4037,false
393,4037,false
265,4037,false
381,4037,false
290,4037,false
473,4037,false
299,4037,false
323,4037,false
414,4037,false
515,4037,false
501,4037,false
329,4037,false
516,4037,false
446,4037,false
399,4037,false
435,4037,false
260,4037,false
370,4037,false
343,4037,false
382,4037,false
456,4037,false
288,4037,false
385,4037,false
445,4037,false
469,4037,false
488,4037,false
459,4037,false
422,4037,false
334,4037,false
332,4037,false
475,4037,false
338,4037,false
318,4037,false
468,4037,false
463,4037,false
363,4037,false
261,4037,false
302,4037,false
264,4037,false
309,4037,false
327,4037,false
506,4037,false
417,4037,false
330,4037,false
361,4037,false
331,4037,false
313,4037,false
394,4037,false
306,4037,false
337,4037,false
450,4037,false
492,4037,false
466,4037,false
269,4037,false
326,4037,false
505,4037,false
512,4037,false
258,4037,false
479,4037,false
274,4037,false
478,4037,false
472,4037,false
403,4037,false
328,4037,false
369,4037,false
419,4037,false
457,4037,false
460,4037,false
476,4037,false
367,4037,false
444,4037,false
259,4037,false
521,4037,false
336,4037,false
474,4037,false
511,4037,false
316,4037,false
384,4037,false
312,4037,false
510,4037,false
304,4037,false
410,4037,false
285,4037,false
465,4037,false
519,4037,false
307,4037,false
462,4037,false
41,4037,false
464,4037,false
396,4037,false
448,4037,false
458,4037,false
477,4037,false
496,4037,false
272,4038,false
484,4038,false
310,4038,false
461,4038,false
383,4038,false
407,4038,false
527,4038,false
340,4038,false
437,4038,false
467,4038,false
400,4038,false
507,4038,false
451,4038,false
497,4038,false
420,4038,false
471,4038,false
349,4038,false
447,4038,false
449,4038,false
528,4038,false
416,4038,false
480,4038,false
508,4038,false
493,4038,false
470,4038,false
452,4038,false
300,4038,false
504,4038,false
485,4038,false
405,4038,false
514,4038,false
12,4038,false
291,4038,false
293,4038,false
243,4038,false
503,4038,false
335,4038,false
491,4038,false
303,4038,false
301,4038,false
315,4038,false
281,4038,false
275,4038,false
305,4038,false
66,4038,false
321,4038,false
354,4038,false
378,4038,false
266,4038,false
502,4038,false
135,4038,false
408,4038,false
424,4038,false
282,4038,false
364,4038,false
393,4038,false
265,4038,false
381,4038,false
290,4038,false
473,4038,false
299,4038,false
323,4038,false
414,4038,false
515,4038,false
501,4038,false
329,4038,false
516,4038,false
446,4038,false
368,4038,false
399,4038,false
435,4038,false
260,4038,false
370,4038,false
343,4038,false
382,4038,false
456,4038,false
288,4038,false
385,4038,false
445,4038,false
469,4038,false
488,4038,false
453,4038,false
459,4038,false
422,4038,false
334,4038,false
332,4038,false
475,4038,false
338,4038,false
318,4038,false
468,4038,false
463,4038,false
341,4038,false
363,4038,false
261,4038,false
302,4038,false
264,4038,false
309,4038,false
327,4038,false
506,4038,false
417,4038,false
509,4038,false
314,4038,false
330,4038,false
376,4038,false
425,4038,false
355,4038,false
361,4038,false
331,4038,false
313,4038,false
394,4038,false
306,4038,false
337,4038,false
450,4038,false
492,4038,false
466,4038,false
269,4038,false
277,4038,false
326,4038,false
438,4038,false
442,4038,false
263,4038,false
505,4038,false
512,4038,false
441,4038,false
258,4038,false
479,4038,false
526,4038,false
274,4038,false
379,4038,false
478,4038,false
472,4038,false
401,4038,false
426,4038,false
439,4038,false
403,4038,false
328,4038,false
369,4038,false
419,4038,false
457,4038,false
460,4038,false
476,4038,false
372,4038,false
342,4038,false
367,4038,false
444,4038,false
259,4038,false
521,4038,false
336,4038,false
344,4038,false
474,4038,false
511,4038,false
316,4038,false
384,4038,false
271,4038,false
312,4038,false
510,4038,false
304,4038,false
410,4038,false
285,4038,false
465,4038,false
519,4038,false
307,4038,false
462,4038,false
41,4038,false
464,4038,false
396,4038,false
448,4038,false
418,4038,false
458,4038,false
477,4038,false
496,4038,false
461,4041,false
383,4041,false
407,4041,false
527,4041,false
400,4041,false
346,4041,false
471,4041,false
365,4041,false
447,4041,false
449,4041,false
416,4041,false
480,4041,false
493,4041,false
452,4041,false
504,4041,false
405,4041,false
12,4041,false
291,4041,false
350,4041,false
491,4041,false
303,4041,false
301,4041,false
315,4041,false
275,4041,false
434,4041,false
305,4041,false
66,4041,false
321,4041,false
378,4041,false
266,4041,false
502,4041,false
487,4041,false
282,4041,false
364,4041,false
393,4041,false
290,4041,false
299,4041,false
323,4041,false
414,4041,false
515,4041,false
501,4041,false
329,4041,false
446,4041,false
351,4041,false
260,4041,false
370,4041,false
343,4041,false
382,4041,false
456,4041,false
288,4041,false
385,4041,false
445,4041,false
459,4041,false
422,4041,false
334,4041,false
332,4041,false
475,4041,false
338,4041,false
318,4041,false
463,4041,false
261,4041,false
264,4041,false
377,4041,false
327,4041,false
509,4041,false
355,4041,false
361,4041,false
331,4041,false
412,4041,false
313,4041,false
306,4041,false
337,4041,false
492,4041,false
466,4041,false
269,4041,false
277,4041,false
326,4041,false
512,4041,false
429,4041,false
479,4041,false
274,4041,false
379,4041,false
403,4041,false
328,4041,false
428,4041,false
419,4041,false
457,4041,false
460,4041,false
342,4041,false
367,4041,false
444,4041,false
259,4041,false
371,4041,false
521,4041,false
336,4041,false
344,4041,false
511,4041,false
324,4041,false
316,4041,false
384,4041,false
427,4041,false
510,4041,false
410,4041,false
285,4041,false
465,4041,false
519,4041,false
307,4041,false
462,4041,false
345,4041,false
448,4041,false
458,4041,false
477,4041,false
524,4041,false
272,4041,false
484,4041,false
310,4041,false
340,4041,false
437,4041,false
467,4041,false
507,4041,false
451,4041,false
497,4041,false
420,4041,false
349,4041,false
528,4041,false
508,4041,false
470,4041,false
300,4041,false
485,4041,false
514,4041,false
293,4041,false
243,4041,false
295,4041,false
503,4041,false
335,4041,false
374,4041,false
281,4041,false
354,4041,false
135,4041,false
408,4041,false
352,4041,false
424,4041,false
386,4041,false
265,4041,false
381,4041,false
473,4041,false
516,4041,false
368,4041,false
399,4041,false
435,4041,false
311,4041,false
357,4041,false
469,4041,false
488,4041,false
453,4041,false
468,4041,false
341,4041,false
363,4041,false
302,4041,false
309,4041,false
506,4041,false
417,4041,false
314,4041,false
330,4041,false
376,4041,false
425,4041,false
317,4041,false
394,4041,false
450,4041,false
438,4041,false
442,4041,false
263,4041,false
505,4041,false
441,4041,false
494,4041,false
258,4041,false
526,4041,false
478,4041,false
472,4041,false
401,4041,false
426,4041,false
439,4041,false
369,4041,false
388,4041,false
476,4041,false
372,4041,false
432,4041,false
474,4041,false
271,4041,false
312,4041,false
304,4041,false
308,4041,false
41,4041,false
464,4041,false
396,4041,false
418,4041,false
496,4041,false
461,4042,false
383,4042,false
407,4042,false
400,4042,false
346,4042,false
471,4042,false
365,4042,false
447,4042,false
449,4042,false
416,4042,false
493,4042,false
452,4042,false
504,4042,false
405,4042,false
12,4042,false
291,4042,false
350,4042,false
491,4042,false
303,4042,false
301,4042,false
315,4042,false
275,4042,false
434,4042,false
305,4042,false
66,4042,false
321,4042,false
378,4042,false
266,4042,false
502,4042,false
487,4042,false
282,4042,false
364,4042,false
393,4042,false
290,4042,false
299,4042,false
323,4042,false
414,4042,false
515,4042,false
501,4042,false
329,4042,false
446,4042,false
351,4042,false
260,4042,false
370,4042,false
343,4042,false
382,4042,false
456,4042,false
288,4042,false
385,4042,false
445,4042,false
459,4042,false
422,4042,false
334,4042,false
332,4042,false
475,4042,false
338,4042,false
463,4042,false
261,4042,false
264,4042,false
327,4042,false
509,4042,false
355,4042,false
361,4042,false
331,4042,false
313,4042,false
306,4042,false
337,4042,false
492,4042,false
466,4042,false
269,4042,false
277,4042,false
326,4042,false
512,4042,false
429,4042,false
479,4042,false
274,4042,false
403,4042,false
328,4042,false
428,4042,false
419,4042,false
457,4042,false
460,4042,false
342,4042,false
367,4042,false
444,4042,false
259,4042,false
371,4042,false
521,4042,false
336,4042,false
511,4042,false
324,4042,false
316,4042,false
384,4042,false
427,4042,false
510,4042,false
410,4042,false
285,4042,false
465,4042,false
519,4042,false
307,4042,false
462,4042,false
345,4042,false
448,4042,false
458,4042,false
477,4042,false
272,4042,false
484,4042,false
310,4042,false
340,4042,false
437,4042,false
467,4042,false
507,4042,false
451,4042,false
497,4042,false
420,4042,false
349,4042,false
508,4042,false
470,4042,false
300,4042,false
485,4042,false
514,4042,false
243,4042,false
295,4042,false
503,4042,false
335,4042,false
374,4042,false
281,4042,false
135,4042,false
408,4042,false
352,4042,false
424,4042,false
265,4042,false
381,4042,false
473,4042,false
516,4042,false
368,4042,false
399,4042,false
435,4042,false
311,4042,false
469,4042,false
488,4042,false
453,4042,false
468,4042,false
363,4042,false
302,4042,false
309,4042,false
506,4042,false
417,4042,false
314,4042,false
330,4042,false
376,4042,false
425,4042,false
394,4042,false
450,4042,false
438,4042,false
442,4042,false
263,4042,false
505,4042,false
441,4042,false
494,4042,false
258,4042,false
478,4042,false
472,4042,false
401,4042,false
426,4042,false
439,4042,false
369,4042,false
388,4042,false
476,4042,false
372,4042,false
432,4042,false
271,4042,false
312,4042,false
304,4042,false
308,4042,false
41,4042,false
464,4042,false
396,4042,false
418,4042,false
496,4042,false
461,4043,false
383,4043,false
407,4043,false
527,4043,false
400,4043,false
346,4043,false
471,4043,false
365,4043,false
447,4043,false
449,4043,false
416,4043,false
493,4043,false
452,4043,false
504,4043,false
405,4043,false
12,4043,false
291,4043,false
350,4043,false
491,4043,false
303,4043,false
301,4043,false
315,4043,false
275,4043,false
434,4043,false
305,4043,false
66,4043,false
321,4043,false
378,4043,false
266,4043,false
502,4043,false
487,4043,false
530,4043,false
282,4043,false
364,4043,false
393,4043,false
290,4043,false
299,4043,false
323,4043,false
414,4043,false
515,4043,false
501,4043,false
329,4043,false
446,4043,false
351,4043,false
260,4043,false
370,4043,false
343,4043,false
382,4043,false
456,4043,false
288,4043,false
385,4043,false
445,4043,false
459,4043,false
422,4043,false
334,4043,false
332,4043,false
475,4043,false
338,4043,false
318,4043,false
463,4043,false
261,4043,false
264,4043,false
327,4043,false
509,4043,false
355,4043,false
361,4043,false
331,4043,false
412,4043,false
313,4043,false
306,4043,false
337,4043,false
492,4043,false
466,4043,false
269,4043,false
277,4043,false
326,4043,false
512,4043,false
429,4043,false
479,4043,false
274,4043,false
379,4043,false
403,4043,false
328,4043,false
428,4043,false
419,4043,false
457,4043,false
460,4043,false
342,4043,false
367,4043,false
444,4043,false
259,4043,false
371,4043,false
521,4043,false
336,4043,false
344,4043,false
511,4043,false
324,4043,false
316,4043,false
384,4043,false
427,4043,false
510,4043,false
410,4043,false
285,4043,false
465,4043,false
519,4043,false
307,4043,false
462,4043,false
345,4043,false
448,4043,false
458,4043,false
477,4043,false
524,4043,false
272,4043,false
484,4043,false
310,4043,false
340,4043,false
437,4043,false
467,4043,false
507,4043,false
451,4043,false
497,4043,false
420,4043,false
349,4043,false
528,4043,false
508,4043,false
470,4043,false
300,4043,false
485,4043,false
514,4043,false
293,4043,false
243,4043,false
295,4043,false
503,4043,false
335,4043,false
374,4043,false
281,4043,false
135,4043,false
408,4043,false
352,4043,false
424,4043,false
386,4043,false
265,4043,false
381,4043,false
473,4043,false
516,4043,false
368,4043,false
399,4043,false
435,4043,false
311,4043,false
357,4043,false
469,4043,false
488,4043,false
453,4043,false
468,4043,false
341,4043,false
363,4043,false
302,4043,false
309,4043,false
506,4043,false
417,4043,false
314,4043,false
330,4043,false
376,4043,false
425,4043,false
394,4043,false
450,4043,false
438,4043,false
442,4043,false
263,4043,false
505,4043,false
441,4043,false
494,4043,false
258,4043,false
526,4043,false
478,4043,false
472,4043,false
401,4043,false
426,4043,false
439,4043,false
369,4043,false
388,4043,false
476,4043,false
372,4043,false
432,4043,false
474,4043,false
271,4043,false
312,4043,false
304,4043,false
308,4043,false
41,4043,false
464,4043,false
396,4043,false
418,4043,false
496,4043,false
272,4046,false
484,4046,false
310,4046,false
461,4046,false
383,4046,false
407,4046,false
340,4046,false
437,4046,false
467,4046,false
400,4046,false
507,4046,false
451,4046,false
497,4046,false
420,4046,false
471,4046,false
447,4046,false
449,4046,false
416,4046,false
480,4046,false
508,4046,false
493,4046,false
470,4046,false
452,4046,false
300,4046,false
504,4046,false
405,4046,false
514,4046,false
12,4046,false
291,4046,false
293,4046,false
243,4046,false
503,4046,false
335,4046,false
491,4046,false
303,4046,false
301,4046,false
315,4046,false
281,4046,false
275,4046,false
434,4046,false
305,4046,false
66,4046,false
321,4046,false
354,4046,false
378,4046,false
266,4046,false
502,4046,false
135,4046,false
408,4046,false
282,4046,false
364,4046,false
393,4046,false
265,4046,false
381,4046,false
290,4046,false
473,4046,false
299,4046,false
323,4046,false
414,4046,false
515,4046,false
501,4046,false
329,4046,false
516,4046,false
446,4046,false
368,4046,false
399,4046,false
435,4046,false
260,4046,false
370,4046,false
343,4046,false
382,4046,false
456,4046,false
288,4046,false
385,4046,false
357,4046,false
445,4046,false
469,4046,false
488,4046,false
453,4046,false
459,4046,false
422,4046,false
334,4046,false
332,4046,false
475,4046,false
338,4046,false
318,4046,false
468,4046,false
463,4046,false
341,4046,false
363,4046,false
261,4046,false
302,4046,false
264,4046,false
309,4046,false
327,4046,false
506,4046,false
417,4046,false
509,4046,false
314,4046,false
330,4046,false
376,4046,false
361,4046,false
331,4046,false
313,4046,false
394,4046,false
306,4046,false
337,4046,false
450,4046,false
492,4046,false
466,4046,false
269,4046,false
277,4046,false
326,4046,false
438,4046,false
442,4046,false
263,4046,false
505,4046,false
512,4046,false
441,4046,false
494,4046,false
258,4046,false
479,4046,false
274,4046,false
379,4046,false
478,4046,false
472,4046,false
401,4046,false
439,4046,false
403,4046,false
328,4046,false
369,4046,false
419,4046,false
457,4046,false
460,4046,false
476,4046,false
372,4046,false
342,4046,false
367,4046,false
444,4046,false
259,4046,false
521,4046,false
336,4046,false
344,4046,false
474,4046,false
511,4046,false
324,4046,false
316,4046,false
384,4046,false
312,4046,false
510,4046,false
304,4046,false
410,4046,false
285,4046,false
465,4046,false
519,4046,false
307,4046,false
462,4046,false
308,4046,false
41,4046,false
464,4046,false
396,4046,false
345,4046,false
448,4046,false
418,4046,false
458,4046,false
477,4046,false
496,4046,false
461,4047,false
383,4047,false
407,4047,false
400,4047,false
346,4047,false
471,4047,false
365,4047,false
447,4047,false
449,4047,false
416,4047,false
493,4047,false
452,4047,false
504,4047,false
405,4047,false
12,4047,false
291,4047,false
350,4047,false
491,4047,false
303,4047,false
301,4047,false
315,4047,false
275,4047,false
434,4047,false
305,4047,false
66,4047,false
321,4047,false
378,4047,false
266,4047,false
502,4047,false
487,4047,false
282,4047,false
364,4047,false
393,4047,false
290,4047,false
299,4047,false
323,4047,false
414,4047,false
515,4047,false
501,4047,false
329,4047,false
446,4047,false
351,4047,false
260,4047,false
370,4047,false
343,4047,false
382,4047,false
456,4047,false
288,4047,false
385,4047,false
445,4047,false
459,4047,false
422,4047,false
334,4047,false
332,4047,false
475,4047,false
338,4047,false
463,4047,false
261,4047,false
264,4047,false
327,4047,false
509,4047,false
355,4047,false
361,4047,false
331,4047,false
313,4047,false
306,4047,false
337,4047,false
492,4047,false
466,4047,false
269,4047,false
277,4047,false
326,4047,false
512,4047,false
429,4047,false
479,4047,false
274,4047,false
403,4047,false
328,4047,false
428,4047,false
419,4047,false
457,4047,false
460,4047,false
342,4047,false
367,4047,false
444,4047,false
259,4047,false
371,4047,false
521,4047,false
336,4047,false
511,4047,false
324,4047,false
316,4047,false
384,4047,false
427,4047,false
510,4047,false
410,4047,false
285,4047,false
465,4047,false
519,4047,false
307,4047,false
462,4047,false
345,4047,false
448,4047,false
458,4047,false
477,4047,false
272,4047,false
484,4047,false
310,4047,false
340,4047,false
437,4047,false
467,4047,false
507,4047,false
451,4047,false
497,4047,false
420,4047,false
349,4047,false
508,4047,false
470,4047,false
300,4047,false
485,4047,false
514,4047,false
243,4047,false
295,4047,false
503,4047,false
335,4047,false
374,4047,false
281,4047,false
135,4047,false
408,4047,false
352,4047,false
424,4047,false
265,4047,false
381,4047,false
473,4047,false
516,4047,false
368,4047,false
399,4047,false
435,4047,false
311,4047,false
469,4047,false
488,4047,false
453,4047,false
468,4047,false
363,4047,false
302,4047,false
309,4047,false
506,4047,false
417,4047,false
314,4047,false
330,4047,false
376,4047,false
425,4047,false
394,4047,false
450,4047,false
438,4047,false
442,4047,false
263,4047,false
505,4047,false
441,4047,false
494,4047,false
258,4047,false
478,4047,false
472,4047,false
401,4047,false
426,4047,false
439,4047,false
369,4047,false
388,4047,false
476,4047,false
372,4047,false
432,4047,false
271,4047,false
312,4047,false
304,4047,false
308,4047,false
41,4047,false
464,4047,false
396,4047,false
418,4047,false
496,4047,false
461,4049,false
383,4049,false
407,4049,false
527,4049,false
400,4049,false
471,4049,false
365,4049,false
447,4049,false
449,4049,false
416,4049,false
480,4049,false
493,4049,false
452,4049,false
504,4049,false
405,4049,false
12,4049,false
291,4049,false
350,4049,false
491,4049,false
303,4049,false
301,4049,false
315,4049,false
275,4049,false
434,4049,false
305,4049,false
66,4049,false
321,4049,false
378,4049,false
266,4049,false
502,4049,false
487,4049,false
282,4049,false
364,4049,false
393,4049,false
290,4049,false
299,4049,false
323,4049,false
414,4049,false
515,4049,false
501,4049,false
329,4049,false
446,4049,false
351,4049,false
260,4049,false
370,4049,false
343,4049,false
382,4049,false
456,4049,false
288,4049,false
385,4049,false
445,4049,false
459,4049,false
422,4049,false
334,4049,false
332,4049,false
475,4049,false
338,4049,false
318,4049,false
463,4049,false
261,4049,false
264,4049,false
377,4049,false
327,4049,false
509,4049,false
355,4049,false
361,4049,false
331,4049,false
412,4049,false
313,4049,false
306,4049,false
337,4049,false
492,4049,false
466,4049,false
269,4049,false
277,4049,false
326,4049,false
512,4049,false
429,4049,false
479,4049,false
274,4049,false
379,4049,false
403,4049,false
328,4049,false
428,4049,false
419,4049,false
457,4049,false
460,4049,false
367,4049,false
444,4049,false
259,4049,false
371,4049,false
521,4049,false
336,4049,false
344,4049,false
511,4049,false
324,4049,false
316,4049,false
384,4049,false
427,4049,false
510,4049,false
410,4049,false
285,4049,false
465,4049,false
519,4049,false
307,4049,false
462,4049,false
345,4049,false
448,4049,false
458,4049,false
477,4049,false
272,4049,false
484,4049,false
310,4049,false
340,4049,false
437,4049,false
467,4049,false
507,4049,false
451,4049,false
497,4049,false
420,4049,false
349,4049,false
528,4049,false
508,4049,false
470,4049,false
300,4049,false
485,4049,false
514,4049,false
293,4049,false
243,4049,false
295,4049,false
503,4049,false
335,4049,false
374,4049,false
281,4049,false
354,4049,false
135,4049,false
408,4049,false
352,4049,false
424,4049,false
386,4049,false
265,4049,false
381,4049,false
473,4049,false
516,4049,false
368,4049,false
399,4049,false
435,4049,false
311,4049,false
357,4049,false
469,4049,false
488,4049,false
453,4049,false
468,4049,false
341,4049,false
363,4049,false
302,4049,false
309,4049,false
506,4049,false
417,4049,false
314,4049,false
330,4049,false
376,4049,false
425,4049,false
317,4049,false
394,4049,false
450,4049,false
438,4049,false
442,4049,false
263,4049,false
505,4049,false
441,4049,false
494,4049,false
258,4049,false
526,4049,false
478,4049,false
472,4049,false
401,4049,false
426,4049,false
439,4049,false
369,4049,false
388,4049,false
476,4049,false
372,4049,false
474,4049,false
271,4049,false
312,4049,false
304,4049,false
308,4049,false
41,4049,false
464,4049,false
396,4049,false
418,4049,false
496,4049,false
272,4051,false
484,4051,false
310,4051,false
461,4051,false
383,4051,false
407,4051,false
527,4051,false
340,4051,false
437,4051,false
467,4051,false
507,4051,false
451,4051,false
497,4051,false
471,4051,false
447,4051,false
449,4051,false
480,4051,false
508,4051,false
493,4051,false
470,4051,false
452,4051,false
300,4051,false
504,4051,false
485,4051,false
514,4051,false
12,4051,false
291,4051,false
293,4051,false
503,4051,false
335,4051,false
491,4051,false
303,4051,false
374,4051,false
301,4051,false
315,4051,false
281,4051,false
275,4051,false
305,4051,false
66,4051,false
321,4051,false
378,4051,false
266,4051,false
502,4051,false
135,4051,false
408,4051,false
282,4051,false
364,4051,false
393,4051,false
265,4051,false
381,4051,false
290,4051,false
473,4051,false
299,4051,false
323,4051,false
515,4051,false
501,4051,false
329,4051,false
516,4051,false
446,4051,false
399,4051,false
435,4051,false
260,4051,false
370,4051,false
343,4051,false
382,4051,false
456,4051,false
288,4051,false
385,4051,false
445,4051,false
469,4051,false
488,4051,false
459,4051,false
422,4051,false
334,4051,false
332,4051,false
475,4051,false
338,4051,false
318,4051,false
468,4051,false
463,4051,false
363,4051,false
261,4051,false
302,4051,false
264,4051,false
309,4051,false
327,4051,false
506,4051,false
417,4051,false
330,4051,false
361,4051,false
331,4051,false
313,4051,false
394,4051,false
306,4051,false
337,4051,false
450,4051,false
492,4051,false
466,4051,false
269,4051,false
326,4051,false
505,4051,false
512,4051,false
258,4051,false
479,4051,false
274,4051,false
478,4051,false
472,4051,false
403,4051,false
328,4051,false
369,4051,false
419,4051,false
457,4051,false
460,4051,false
476,4051,false
367,4051,false
444,4051,false
259,4051,false
521,4051,false
336,4051,false
474,4051,false
511,4051,false
316,4051,false
384,4051,false
312,4051,false
510,4051,false
304,4051,false
410,4051,false
285,4051,false
465,4051,false
519,4051,false
307,4051,false
462,4051,false
41,4051,false
464,4051,false
396,4051,false
448,4051,false
458,4051,false
477,4051,false
496,4051,false
261,4052,false
399,4052,false
259,4052,false
334,4052,false
258,4052,false
336,4052,false
344,4052,false
345,4052,false
337,4052,false
335,4052,false
524,4053,false
272,4053,false
484,4053,false
310,4053,false
461,4053,false
383,4053,false
407,4053,false
527,4053,false
340,4053,false
507,4053,false
451,4053,false
497,4053,false
346,4053,false
420,4053,false
471,4053,false
365,4053,false
447,4053,false
449,4053,false
416,4053,false
480,4053,false
508,4053,false
493,4053,false
470,4053,false
452,4053,false
300,4053,false
504,4053,false
485,4053,false
405,4053,false
514,4053,false
12,4053,false
291,4053,false
293,4053,false
243,4053,false
503,4053,false
335,4053,false
491,4053,false
303,4053,false
374,4053,false
301,4053,false
281,4053,false
275,4053,false
305,4053,false
66,4053,false
321,4053,false
378,4053,false
266,4053,false
502,4053,false
135,4053,false
408,4053,false
487,4053,false
424,4053,false
386,4053,false
282,4053,false
364,4053,false
393,4053,false
265,4053,false
381,4053,false
290,4053,false
473,4053,false
299,4053,false
515,4053,false
501,4053,false
329,4053,false
516,4053,false
446,4053,false
399,4053,false
435,4053,false
343,4053,false
382,4053,false
456,4053,false
288,4053,false
311,4053,false
385,4053,false
445,4053,false
469,4053,false
488,4053,false
453,4053,false
459,4053,false
422,4053,false
334,4053,false
332,4053,false
318,4053,false
468,4053,false
463,4053,false
341,4053,false
363,4053,false
261,4053,false
302,4053,false
264,4053,false
309,4053,false
327,4053,false
506,4053,false
417,4053,false
509,4053,false
314,4053,false
330,4053,false
376,4053,false
425,4053,false
361,4053,false
331,4053,false
313,4053,false
394,4053,false
306,4053,false
337,4053,false
450,4053,false
492,4053,false
466,4053,false
269,4053,false
277,4053,false
326,4053,false
442,4053,false
263,4053,false
505,4053,false
512,4053,false
441,4053,false
494,4053,false
258,4053,false
479,4053,false
274,4053,false
379,4053,false
478,4053,false
472,4053,false
401,4053,false
439,4053,false
403,4053,false
328,4053,false
428,4053,false
369,4053,false
419,4053,false
457,4053,false
460,4053,false
388,4053,false
476,4053,false
342,4053,false
444,4053,false
259,4053,false
371,4053,false
521,4053,false
336,4053,false
344,4053,false
474,4053,false
316,4053,false
384,4053,false
271,4053,false
312,4053,false
510,4053,false
304,4053,false
410,4053,false
285,4053,false
465,4053,false
519,4053,false
307,4053,false
308,4053,false
41,4053,false
464,4053,false
396,4053,false
448,4053,false
458,4053,false
477,4053,false
496,4053,false
484,4054,false
310,4054,false
461,4054,false
407,4054,false
340,4054,false
437,4054,false
467,4054,false
507,4054,false
451,4054,false
346,4054,false
365,4054,false
447,4054,false
449,4054,false
416,4054,false
493,4054,false
470,4054,false
452,4054,false
300,4054,false
504,4054,false
485,4054,false
405,4054,false
514,4054,false
12,4054,false
291,4054,false
243,4054,false
503,4054,false
335,4054,false
491,4054,false
303,4054,false
301,4054,false
315,4054,false
281,4054,false
434,4054,false
305,4054,false
66,4054,false
321,4054,false
378,4054,false
266,4054,false
502,4054,false
408,4054,false
424,4054,false
530,4054,false
282,4054,false
364,4054,false
393,4054,false
265,4054,false
381,4054,false
299,4054,false
414,4054,false
515,4054,false
501,4054,false
329,4054,false
516,4054,false
446,4054,false
368,4054,false
399,4054,false
435,4054,false
370,4054,false
343,4054,false
382,4054,false
456,4054,false
385,4054,false
469,4054,false
488,4054,false
453,4054,false
459,4054,false
422,4054,false
334,4054,false
475,4054,false
468,4054,false
463,4054,false
341,4054,false
363,4054,false
261,4054,false
302,4054,false
309,4054,false
327,4054,false
506,4054,false
314,4054,false
330,4054,false
376,4054,false
425,4054,false
361,4054,false
331,4054,false
313,4054,false
394,4054,false
306,4054,false
337,4054,false
450,4054,false
492,4054,false
269,4054,false
277,4054,false
326,4054,false
438,4054,false
442,4054,false
263,4054,false
505,4054,false
441,4054,false
494,4054,false
258,4054,false
379,4054,false
478,4054,false
472,4054,false
401,4054,false
426,4054,false
439,4054,false
403,4054,false
328,4054,false
369,4054,false
419,4054,false
457,4054,false
476,4054,false
372,4054,false
342,4054,false
367,4054,false
444,4054,false
259,4054,false
371,4054,false
336,4054,false
344,4054,false
474,4054,false
384,4054,false
271,4054,false
510,4054,false
304,4054,false
410,4054,false
285,4054,false
519,4054,false
307,4054,false
462,4054,false
396,4054,false
345,4054,false
448,4054,false
477,4054,false
496,4054,false
272,4055,false
484,4055,false
310,4055,false
461,4055,false
383,4055,false
407,4055,false
527,4055,false
340,4055,false
437,4055,false
467,4055,false
507,4055,false
451,4055,false
497,4055,false
471,4055,false
447,4055,false
449,4055,false
480,4055,false
508,4055,false
493,4055,false
470,4055,false
452,4055,false
300,4055,false
504,4055,false
485,4055,false
514,4055,false
12,4055,false
291,4055,false
293,4055,false
503,4055,false
335,4055,false
491,4055,false
303,4055,false
374,4055,false
301,4055,false
315,4055,false
281,4055,false
275,4055,false
305,4055,false
66,4055,false
321,4055,false
378,4055,false
266,4055,false
502,4055,false
135,4055,false
408,4055,false
282,4055,false
364,4055,false
393,4055,false
265,4055,false
381,4055,false
290,4055,false
473,4055,false
299,4055,false
323,4055,false
515,4055,false
501,4055,false
329,4055,false
516,4055,false
446,4055,false
399,4055,false
435,4055,false
260,4055,false
370,4055,false
343,4055,false
382,4055,false
456,4055,false
288,4055,false
385,4055,false
445,4055,false
469,4055,false
488,4055,false
459,4055,false
422,4055,false
334,4055,false
332,4055,false
475,4055,false
338,4055,false
318,4055,false
468,4055,false
463,4055,false
363,4055,false
261,4055,false
302,4055,false
264,4055,false
309,4055,false
327,4055,false
506,4055,false
417,4055,false
330,4055,false
361,4055,false
331,4055,false
313,4055,false
394,4055,false
306,4055,false
337,4055,false
450,4055,false
492,4055,false
466,4055,false
269,4055,false
326,4055,false
505,4055,false
512,4055,false
258,4055,false
479,4055,false
274,4055,false
478,4055,false
472,4055,false
403,4055,false
328,4055,false
369,4055,false
419,4055,false
457,4055,false
460,4055,false
476,4055,false
367,4055,false
444,4055,false
259,4055,false
521,4055,false
336,4055,false
474,4055,false
511,4055,false
316,4055,false
384,4055,false
312,4055,false
510,4055,false
304,4055,false
410,4055,false
285,4055,false
465,4055,false
519,4055,false
307,4055,false
462,4055,false
41,4055,false
464,4055,false
396,4055,false
448,4055,false
458,4055,false
477,4055,false
496,4055,false
461,4056,false
383,4056,false
407,4056,false
527,4056,false
400,4056,false
346,4056,false
471,4056,false
365,4056,false
447,4056,false
449,4056,false
416,4056,false
493,4056,false
452,4056,false
504,4056,false
405,4056,false
12,4056,false
291,4056,false
350,4056,false
491,4056,false
303,4056,false
301,4056,false
315,4056,false
275,4056,false
434,4056,false
305,4056,false
66,4056,false
321,4056,false
378,4056,false
266,4056,false
502,4056,false
487,4056,false
282,4056,false
364,4056,false
393,4056,false
290,4056,false
299,4056,false
323,4056,false
414,4056,false
515,4056,false
501,4056,false
329,4056,false
446,4056,false
351,4056,false
260,4056,false
370,4056,false
343,4056,false
382,4056,false
456,4056,false
288,4056,false
385,4056,false
445,4056,false
459,4056,false
422,4056,false
334,4056,false
332,4056,false
475,4056,false
338,4056,false
463,4056,false
261,4056,false
264,4056,false
327,4056,false
509,4056,false
355,4056,false
361,4056,false
331,4056,false
313,4056,false
306,4056,false
337,4056,false
492,4056,false
466,4056,false
269,4056,false
277,4056,false
326,4056,false
512,4056,false
429,4056,false
479,4056,false
274,4056,false
379,4056,false
403,4056,false
328,4056,false
428,4056,false
419,4056,false
457,4056,false
460,4056,false
342,4056,false
367,4056,false
444,4056,false
259,4056,false
371,4056,false
521,4056,false
336,4056,false
344,4056,false
511,4056,false
324,4056,false
316,4056,false
384,4056,false
427,4056,false
510,4056,false
410,4056,false
285,4056,false
465,4056,false
519,4056,false
307,4056,false
462,4056,false
345,4056,false
448,4056,false
458,4056,false
477,4056,false
272,4056,false
484,4056,false
310,4056,false
340,4056,false
437,4056,false
467,4056,false
507,4056,false
451,4056,false
497,4056,false
420,4056,false
349,4056,false
528,4056,false
508,4056,false
470,4056,false
300,4056,false
485,4056,false
514,4056,false
293,4056,false
243,4056,false
295,4056,false
503,4056,false
335,4056,false
374,4056,false
281,4056,false
135,4056,false
408,4056,false
352,4056,false
424,4056,false
265,4056,false
381,4056,false
473,4056,false
516,4056,false
368,4056,false
399,4056,false
435,4056,false
311,4056,false
469,4056,false
488,4056,false
453,4056,false
468,4056,false
341,4056,false
363,4056,false
302,4056,false
309,4056,false
506,4056,false
417,4056,false
314,4056,false
330,4056,false
376,4056,false
425,4056,false
394,4056,false
450,4056,false
438,4056,false
442,4056,false
263,4056,false
505,4056,false
441,4056,false
494,4056,false
258,4056,false
526,4056,false
478,4056,false
472,4056,false
401,4056,false
426,4056,false
439,4056,false
369,4056,false
388,4056,false
476,4056,false
372,4056,false
432,4056,false
474,4056,false
271,4056,false
312,4056,false
304,4056,false
308,4056,false
41,4056,false
464,4056,false
396,4056,false
418,4056,false
496,4056,false
272,4059,false
484,4059,false
310,4059,false
461,4059,false
383,4059,false
407,4059,false
340,4059,false
437,4059,false
467,4059,false
451,4059,false
346,4059,false
471,4059,false
365,4059,false
447,4059,false
449,4059,false
416,4059,false
493,4059,false
470,4059,false
452,4059,false
300,4059,false
485,4059,false
514,4059,false
12,4059,false
291,4059,false
243,4059,false
503,4059,false
335,4059,false
491,4059,false
303,4059,false
374,4059,false
301,4059,false
315,4059,false
281,4059,false
275,4059,false
434,4059,false
305,4059,false
66,4059,false
321,4059,false
378,4059,false
266,4059,false
502,4059,false
408,4059,false
487,4059,false
424,4059,false
530,4059,false
364,4059,false
393,4059,false
265,4059,false
381,4059,false
290,4059,false
473,4059,false
299,4059,false
515,4059,false
501,4059,false
329,4059,false
516,4059,false
446,4059,false
368,4059,false
399,4059,false
435,4059,false
370,4059,false
343,4059,false
382,4059,false
456,4059,false
288,4059,false
385,4059,false
469,4059,false
488,4059,false
453,4059,false
459,4059,false
422,4059,false
334,4059,false
332,4059,false
475,4059,false
468,4059,false
463,4059,false
341,4059,false
363,4059,false
261,4059,false
302,4059,false
327,4059,false
506,4059,false
314,4059,false
330,4059,false
376,4059,false
361,4059,false
331,4059,false
313,4059,false
394,4059,false
306,4059,false
337,4059,false
450,4059,false
492,4059,false
269,4059,false
277,4059,false
326,4059,false
438,4059,false
442,4059,false
263,4059,false
505,4059,false
441,4059,false
494,4059,false
258,4059,false
479,4059,false
274,4059,false
472,4059,false
401,4059,false
426,4059,false
439,4059,false
403,4059,false
328,4059,false
369,4059,false
419,4059,false
457,4059,false
476,4059,false
372,4059,false
342,4059,false
367,4059,false
444,4059,false
259,4059,false
371,4059,false
336,4059,false
344,4059,false
474,4059,false
384,4059,false
271,4059,false
312,4059,false
510,4059,false
304,4059,false
410,4059,false
285,4059,false
519,4059,false
307,4059,false
462,4059,false
396,4059,false
345,4059,false
448,4059,false
477,4059,false
496,4059,false
272,4063,false
484,4063,false
310,4063,false
461,4063,false
383,4063,false
407,4063,false
527,4063,false
340,4063,false
437,4063,false
467,4063,false
400,4063,false
507,4063,false
451,4063,false
497,4063,false
420,4063,false
471,4063,false
349,4063,false
447,4063,false
449,4063,false
528,4063,false
416,4063,false
480,4063,false
508,4063,false
493,4063,false
470,4063,false
452,4063,false
300,4063,false
504,4063,false
485,4063,false
405,4063,false
514,4063,false
12,4063,false
291,4063,false
293,4063,false
243,4063,false
503,4063,false
335,4063,false
491,4063,false
303,4063,false
301,4063,false
315,4063,false
281,4063,false
275,4063,false
305,4063,false
66,4063,false
321,4063,false
354,4063,false
378,4063,false
266,4063,false
502,4063,false
135,4063,false
408,4063,false
424,4063,false
282,4063,false
364,4063,false
393,4063,false
265,4063,false
381,4063,false
290,4063,false
473,4063,false
299,4063,false
323,4063,false
414,4063,false
515,4063,false
501,4063,false
329,4063,false
516,4063,false
446,4063,false
368,4063,false
399,4063,false
435,4063,false
260,4063,false
370,4063,false
343,4063,false
382,4063,false
456,4063,false
288,4063,false
385,4063,false
445,4063,false
469,4063,false
488,4063,false
453,4063,false
459,4063,false
422,4063,false
334,4063,false
332,4063,false
475,4063,false
338,4063,false
318,4063,false
468,4063,false
463,4063,false
341,4063,false
363,4063,false
261,4063,false
302,4063,false
264,4063,false
309,4063,false
327,4063,false
506,4063,false
417,4063,false
509,4063,false
314,4063,false
330,4063,false
376,4063,false
425,4063,false
355,4063,false
361,4063,false
331,4063,false
313,4063,false
394,4063,false
306,4063,false
337,4063,false
450,4063,false
492,4063,false
466,4063,false
269,4063,false
277,4063,false
326,4063,false
438,4063,false
442,4063,false
263,4063,false
505,4063,false
512,4063,false
441,4063,false
258,4063,false
479,4063,false
526,4063,false
274,4063,false
379,4063,false
478,4063,false
472,4063,false
401,4063,false
426,4063,false
439,4063,false
403,4063,false
328,4063,false
369,4063,false
419,4063,false
457,4063,false
460,4063,false
476,4063,false
372,4063,false
342,4063,false
367,4063,false
444,4063,false
259,4063,false
521,4063,false
336,4063,false
344,4063,false
474,4063,false
511,4063,false
316,4063,false
384,4063,false
271,4063,false
312,4063,false
510,4063,false
304,4063,false
410,4063,false
285,4063,false
465,4063,false
519,4063,false
307,4063,false
462,4063,false
41,4063,false
464,4063,false
396,4063,false
448,4063,false
418,4063,false
458,4063,false
477,4063,false
496,4063,false
426,4064,false
341,4064,false
277,4064,false
442,4064,false
497,4064,false
376,4064,false
243,4064,false
361,4064,false
441,4064,false
258,4064,false
323,4064,false
337,4064,false
379,4064,false
414,4064,false
335,4064,false
496,4064,false
261,4065,false
327,4065,false
340,4065,false
509,4065,false
378,4065,false
400,4065,false
266,4065,false
502,4065,false
432,4065,false
497,4065,false
376,4065,false
361,4065,false
259,4065,false
336,4065,false
344,4065,false
414,4065,false
399,4065,false
504,4065,false
277,4065,false
291,4065,false
385,4065,false
505,4065,false
243,4065,false
422,4065,false
441,4065,false
334,4065,false
258,4065,false
345,4065,false
274,4065,false
379,4065,false
335,4065,false
491,4065,false
496,4065,false
272,4074,false
341,4074,false
363,4074,false
261,4074,false
484,4074,false
407,4074,false
327,4074,false
506,4074,false
340,4074,false
509,4074,false
330,4074,false
451,4074,false
346,4074,false
376,4074,false
425,4074,false
361,4074,false
365,4074,false
313,4074,false
394,4074,false
449,4074,false
337,4074,false
450,4074,false
492,4074,false
485,4074,false
277,4074,false
405,4074,false
326,4074,false
442,4074,false
12,4074,false
291,4074,false
263,4074,false
505,4074,false
243,4074,false
441,4074,false
258,4074,false
274,4074,false
335,4074,false
491,4074,false
426,4074,false
403,4074,false
303,4074,false
301,4074,false
275,4074,false
305,4074,false
328,4074,false
66,4074,false
321,4074,false
378,4074,false
266,4074,false
502,4074,false
424,4074,false
444,4074,false
259,4074,false
393,4074,false
265,4074,false
371,4074,false
344,4074,false
381,4074,false
290,4074,false
299,4074,false
414,4074,false
329,4074,false
446,4074,false
399,4074,false
435,4074,false
510,4074,false
343,4074,false
382,4074,false
307,4074,false
453,4074,false
334,4074,false
448,4074,false
463,4074,false
496,4074,false
524,4079,false
363,4079,false
261,4079,false
302,4079,false
301,4079,false
327,4079,false
340,4079,false
372,4079,false
502,4079,false
342,4079,false
346,4079,false
367,4079,false
444,4079,false
336,4079,false
337,4079,false
516,4079,false
368,4079,false
370,4079,false
300,4079,false
514,4079,false
505,4079,false
258,4079,false
338,4079,false
272,4090,false
261,4090,false
302,4090,false
264,4090,false
383,4090,false
407,4090,false
309,4090,false
327,4090,false
506,4090,false
467,4090,false
451,4090,false
346,4090,false
425,4090,false
394,4090,false
449,4090,false
450,4090,false
269,4090,false
300,4090,false
326,4090,false
12,4090,false
429,4090,false
478,4090,false
426,4090,false
403,4090,false
303,4090,false
301,4090,false
315,4090,false
281,4090,false
275,4090,false
428,4090,false
457,4090,false
460,4090,false
266,4090,false
135,4090,false
444,4090,false
282,4090,false
393,4090,false
381,4090,false
290,4090,false
260,4090,false
312,4090,false
382,4090,false
304,4090,false
410,4090,false
311,4090,false
465,4090,false
462,4090,false
308,4090,false
332,4090,false
338,4090,false
345,4090,false
458,4090,false
303,4091,false
301,4091,false
437,4091,false
476,4091,false
376,4091,false
361,4091,false
444,4091,false
471,4091,false
371,4091,false
306,4091,false
336,4091,false
381,4091,false
528,4091,false
474,4091,false
299,4091,false
480,4091,false
470,4091,false
399,4091,false
271,4091,false
277,4091,false
382,4091,false
456,4091,false
442,4091,false
469,4091,false
263,4091,false
512,4091,false
462,4091,false
243,4091,false
459,4091,false
422,4091,false
441,4091,false
258,4091,false
475,4091,false
468,4091,false
379,4091,false
472,4091,false
496,4091,false
399,4092,false
258,4092,false
336,4092,false
272,4093,false
341,4093,false
363,4093,false
407,4093,false
327,4093,false
340,4093,false
437,4093,false
509,4093,false
314,4093,false
330,4093,false
451,4093,false
361,4093,false
331,4093,false
365,4093,false
394,4093,false
447,4093,false
306,4093,false
337,4093,false
492,4093,false
269,4093,false
452,4093,false
277,4093,false
326,4093,false
438,4093,false
442,4093,false
291,4093,false
263,4093,false
505,4093,false
243,4093,false
494,4093,false
258,4093,false
274,4093,false
335,4093,false
491,4093,false
401,4093,false
301,4093,false
275,4093,false
305,4093,false
328,4093,false
66,4093,false
321,4093,false
266,4093,false
502,4093,false
408,4093,false
432,4093,false
444,4093,false
259,4093,false
364,4093,false
265,4093,false
371,4093,false
521,4093,false
381,4093,false
290,4093,false
299,4093,false
414,4093,false
515,4093,false
329,4093,false
446,4093,false
399,4093,false
343,4093,false
382,4093,false
410,4093,false
285,4093,false
288,4093,false
385,4093,false
307,4093,false
453,4093,false
422,4093,false
448,4093,false
496,4093,false
261,4105,false
272,4108,false
261,4108,false
484,4108,false
301,4108,false
281,4108,false
275,4108,false
309,4108,false
305,4108,false
327,4108,false
66,4108,false
506,4108,false
321,4108,false
467,4108,false
266,4108,false
507,4108,false
451,4108,false
497,4108,false
376,4108,false
444,4108,false
449,4108,false
290,4108,false
450,4108,false
316,4108,false
492,4108,false
508,4108,false
493,4108,false
269,4108,false
510,4108,false
300,4108,false
304,4108,false
288,4108,false
469,4108,false
519,4108,false
462,4108,false
243,4108,false
453,4108,false
459,4108,false
464,4108,false
396,4108,false
379,4108,false
448,4108,false
463,4108,false
478,4108,false
507,4109,false
446,4109,false
261,4109,false
407,4109,false
447,4109,false
261,4110,false
303,4110,false
301,4110,false
369,4110,false
445,4110,false
512,4110,false
293,4110,false
425,4110,false
424,4110,false
393,4110,false
306,4110,false
396,4110,false
503,4110,false
316,4110,false
501,4110,false
261,4111,false
261,4113,false
342,4121,false
258,4121,false
337,4121,false
272,4123,false
261,4123,false
310,4123,false
264,4123,false
383,4123,false
309,4123,false
327,4123,false
506,4123,false
340,4123,false
467,4123,false
314,4123,false
507,4123,false
451,4123,false
425,4123,false
420,4123,false
313,4123,false
394,4123,false
416,4123,false
504,4123,false
514,4123,false
326,4123,false
12,4123,false
291,4123,false
478,4123,false
426,4123,false
403,4123,false
303,4123,false
301,4123,false
315,4123,false
275,4123,false
428,4123,false
321,4123,false
342,4123,false
444,4123,false
282,4123,false
393,4123,false
265,4123,false
336,4123,false
381,4123,false
290,4123,false
299,4123,false
515,4123,false
316,4123,false
384,4123,false
427,4123,false
368,4123,false
399,4123,false
343,4123,false
382,4123,false
304,4123,false
288,4123,false
385,4123,false
357,4123,false
307,4123,false
462,4123,false
453,4123,false
308,4123,false
41,4123,false
332,4123,false
396,4123,false
318,4123,false
345,4123,false
418,4123,false
403,4124,false
303,4124,false
301,4124,false
281,4124,false
264,4124,false
300,4124,false
407,4124,false
328,4124,false
326,4124,false
444,4124,false
308,4124,false
511,4124,false
450,4124,false
492,4125,false
466,4125,false
446,4125,false
281,4125,false
407,4125,false
305,4125,false
327,4125,false
66,4125,false
314,4125,false
266,4125,false
263,4125,false
408,4125,false
453,4125,false
487,4125,false
530,4125,false
447,4125,false
528,4125,false
448,4125,false
329,4125,false
491,4125,false
484,4126,false
281,4126,false
305,4126,false
327,4126,false
66,4126,false
340,4126,false
509,4126,false
314,4126,false
266,4126,false
502,4126,false
451,4126,false
530,4126,false
306,4126,false
528,4126,false
473,4126,false
501,4126,false
329,4126,false
492,4126,false
466,4126,false
300,4126,false
485,4126,false
304,4126,false
442,4126,false
263,4126,false
462,4126,false
453,4126,false
503,4126,false
448,4126,false
477,4126,false
491,4126,false
266,4130,false
263,4130,false
331,4130,false
328,4130,false
326,4130,false
330,4130,false
329,4130,false
491,4130,false
265,4134,false
363,4149,false
403,4149,false
327,4149,false
328,4149,false
326,4149,false
12,4149,false
330,4149,false
263,4149,false
425,4149,false
424,4149,false
331,4149,false
365,4149,false
364,4149,false
393,4149,false
464,4149,false
329,4149,false
491,4149,false
496,4149,false
492,4152,false
493,4152,false
305,4152,false
328,4152,false
66,4152,false
326,4152,false
330,4152,false
266,4152,false
263,4152,false
453,4152,false
331,4152,false
448,4152,false
329,4152,false
491,4152,false
403,4166,false
441,4166,false
442,4166,false
378,4166,false
363,4167,false
403,4167,false
484,4167,false
485,4167,false
285,4167,false
442,4167,false
378,4167,false
365,4167,false
441,4167,false
364,4167,false
521,4167,false
503,4167,false
496,4167,false
435,4169,false
437,4169,false
438,4169,false
442,4169,false
378,4169,false
432,4169,false
497,4169,false
376,4169,false
243,4169,false
422,4169,false
441,4169,false
379,4169,false
414,4169,false
496,4169,false
466,4176,false
470,4176,false
301,4176,false
405,4176,false
304,4176,false
12,4176,false
462,4176,false
488,4176,false
487,4176,false
475,4176,false
503,4176,false
528,4176,false
323,4176,false
501,4176,false
462,4178,false
470,4178,false
475,4178,false
304,4178,false
462,4180,false
301,4180,false
304,4180,false
462,4183,false
301,4183,false
304,4183,false
461,4189,false
407,4189,false
309,4189,false
467,4189,false
451,4189,false
471,4189,false
313,4189,false
447,4189,false
306,4189,false
449,4189,false
492,4189,false
466,4189,false
493,4189,false
470,4189,false
452,4189,false
479,4189,false
503,4189,false
478,4189,false
472,4189,false
491,4189,false
303,4189,false
315,4189,false
281,4189,false
305,4189,false
66,4189,false
476,4189,false
408,4189,false
444,4189,false
381,4189,false
473,4189,false
299,4189,false
501,4189,false
384,4189,false
446,4189,false
343,4189,false
304,4189,false
445,4189,false
307,4189,false
462,4189,false
488,4189,false
459,4189,false
475,4189,false
396,4189,false
468,4189,false
448,4189,false
463,4189,false
477,4189,false
462,4190,false
301,4190,false
484,4191,false
461,4191,false
407,4191,false
309,4191,false
467,4191,false
451,4191,false
471,4191,false
447,4191,false
306,4191,false
449,4191,false
492,4191,false
466,4191,false
493,4191,false
470,4191,false
452,4191,false
300,4191,false
405,4191,false
479,4191,false
503,4191,false
478,4191,false
472,4191,false
491,4191,false
303,4191,false
315,4191,false
281,4191,false
305,4191,false
66,4191,false
476,4191,false
408,4191,false
444,4191,false
381,4191,false
473,4191,false
299,4191,false
501,4191,false
384,4191,false
446,4191,false
343,4191,false
304,4191,false
445,4191,false
307,4191,false
462,4191,false
488,4191,false
453,4191,false
459,4191,false
475,4191,false
396,4191,false
468,4191,false
448,4191,false
463,4191,false
477,4191,false
374,4198,false
361,4198,false
259,4198,false
401,4200,false
272,4200,false
303,4200,false
302,4200,false
356,4200,false
301,4200,false
434,4200,false
327,4200,false
66,4200,false
506,4200,false
321,4200,false
340,4200,false
354,4200,false
314,4200,false
266,4200,false
451,4200,false
352,4200,false
355,4200,false
444,4200,false
371,4200,false
394,4200,false
349,4200,false
306,4200,false
290,4200,false
316,4200,false
351,4200,false
399,4200,false
510,4200,false
452,4200,false
353,4200,false
504,4200,false
343,4200,false
326,4200,false
288,4200,false
291,4200,false
359,4200,false
357,4200,false
307,4200,false
243,4200,false
41,4200,false
338,4200,false
350,4200,false
396,4200,false
274,4200,false
496,4200,false
266,4224,false
446,4224,false
453,4224,false
407,4224,false
327,4224,false
448,4224,false
363,4237,false
261,4237,false
484,4237,false
302,4237,false
377,4237,false
506,4237,false
437,4237,false
509,4237,false
330,4237,false
507,4237,false
451,4237,false
376,4237,false
355,4237,false
447,4237,false
337,4237,false
416,4237,false
280,4237,false
277,4237,false
405,4237,false
514,4237,false
326,4237,false
505,4237,false
243,4237,false
441,4237,false
350,4237,false
295,4237,false
403,4237,false
409,4237,false
301,4237,false
321,4237,false
354,4237,false
378,4237,false
502,4237,false
342,4237,false
352,4237,false
444,4237,false
259,4237,false
364,4237,false
393,4237,false
336,4237,false
414,4237,false
446,4237,false
399,4237,false
353,4237,false
382,4237,false
304,4237,false
385,4237,false
357,4237,false
445,4237,false
307,4237,false
462,4237,false
422,4237,false
334,4237,false
338,4237,false
396,4237,false
345,4237,false
448,4237,false
418,4237,false
363,4238,false
261,4238,false
484,4238,false
302,4238,false
377,4238,false
506,4238,false
437,4238,false
509,4238,false
330,4238,false
507,4238,false
451,4238,false
376,4238,false
355,4238,false
447,4238,false
337,4238,false
416,4238,false
280,4238,false
277,4238,false
405,4238,false
514,4238,false
326,4238,false
505,4238,false
243,4238,false
441,4238,false
350,4238,false
295,4238,false
403,4238,false
409,4238,false
301,4238,false
321,4238,false
354,4238,false
378,4238,false
502,4238,false
342,4238,false
352,4238,false
444,4238,false
259,4238,false
364,4238,false
393,4238,false
336,4238,false
414,4238,false
446,4238,false
399,4238,false
353,4238,false
382,4238,false
304,4238,false
385,4238,false
357,4238,false
445,4238,false
307,4238,false
462,4238,false
422,4238,false
334,4238,false
338,4238,false
396,4238,false
345,4238,false
448,4238,false
418,4238,false
341,4239,false
363,4239,false
261,4239,false
484,4239,false
302,4239,false
383,4239,false
377,4239,false
506,4239,false
340,4239,false
437,4239,false
509,4239,false
330,4239,false
507,4239,false
451,4239,false
287,4239,false
346,4239,false
376,4239,false
355,4239,false
365,4239,false
447,4239,false
337,4239,false
416,4239,false
280,4239,false
508,4239,false
277,4239,false
405,4239,false
514,4239,false
326,4239,false
12,4239,false
505,4239,false
243,4239,false
441,4239,false
350,4239,false
295,4239,false
403,4239,false
409,4239,false
301,4239,false
66,4239,false
321,4239,false
354,4239,false
419,4239,false
378,4239,false
502,4239,false
342,4239,false
387,4239,false
352,4239,false
444,4239,false
259,4239,false
364,4239,false
393,4239,false
336,4239,false
381,4239,false
414,4239,false
516,4239,false
446,4239,false
399,4239,false
312,4239,false
353,4239,false
343,4239,false
382,4239,false
304,4239,false
385,4239,false
357,4239,false
445,4239,false
519,4239,false
307,4239,false
462,4239,false
422,4239,false
308,4239,false
334,4239,false
464,4239,false
338,4239,false
396,4239,false
345,4239,false
448,4239,false
418,4239,false
363,4240,false
484,4240,false
383,4240,false
377,4240,false
506,4240,false
437,4240,false
509,4240,false
330,4240,false
507,4240,false
451,4240,false
376,4240,false
447,4240,false
337,4240,false
416,4240,false
280,4240,false
277,4240,false
405,4240,false
326,4240,false
505,4240,false
243,4240,false
441,4240,false
295,4240,false
403,4240,false
409,4240,false
301,4240,false
321,4240,false
354,4240,false
378,4240,false
502,4240,false
342,4240,false
444,4240,false
259,4240,false
364,4240,false
393,4240,false
336,4240,false
414,4240,false
446,4240,false
399,4240,false
312,4240,false
343,4240,false
382,4240,false
304,4240,false
385,4240,false
445,4240,false
519,4240,false
307,4240,false
422,4240,false
464,4240,false
338,4240,false
396,4240,false
345,4240,false
448,4240,false
418,4240,false
341,4242,false
363,4242,false
261,4242,false
484,4242,false
302,4242,false
383,4242,false
377,4242,false
506,4242,false
340,4242,false
437,4242,false
509,4242,false
330,4242,false
507,4242,false
451,4242,false
287,4242,false
376,4242,false
355,4242,false
365,4242,false
447,4242,false
337,4242,false
416,4242,false
280,4242,false
508,4242,false
277,4242,false
405,4242,false
514,4242,false
326,4242,false
12,4242,false
505,4242,false
243,4242,false
441,4242,false
350,4242,false
295,4242,false
403,4242,false
409,4242,false
301,4242,false
66,4242,false
321,4242,false
354,4242,false
419,4242,false
378,4242,false
502,4242,false
342,4242,false
387,4242,false
352,4242,false
444,4242,false
259,4242,false
364,4242,false
393,4242,false
336,4242,false
381,4242,false
414,4242,false
516,4242,false
446,4242,false
399,4242,false
312,4242,false
353,4242,false
343,4242,false
382,4242,false
304,4242,false
385,4242,false
357,4242,false
445,4242,false
307,4242,false
462,4242,false
422,4242,false
308,4242,false
334,4242,false
464,4242,false
338,4242,false
396,4242,false
345,4242,false
448,4242,false
418,4242,false
363,4243,false
261,4243,false
484,4243,false
302,4243,false
377,4243,false
506,4243,false
437,4243,false
509,4243,false
330,4243,false
507,4243,false
451,4243,false
376,4243,false
355,4243,false
447,4243,false
337,4243,false
416,4243,false
280,4243,false
277,4243,false
405,4243,false
514,4243,false
326,4243,false
505,4243,false
243,4243,false
441,4243,false
350,4243,false
295,4243,false
403,4243,false
409,4243,false
301,4243,false
321,4243,false
354,4243,false
378,4243,false
502,4243,false
342,4243,false
352,4243,false
444,4243,false
259,4243,false
364,4243,false
393,4243,false
336,4243,false
414,4243,false
446,4243,false
399,4243,false
353,4243,false
382,4243,false
304,4243,false
385,4243,false
357,4243,false
445,4243,false
307,4243,false
462,4243,false
422,4243,false
334,4243,false
338,4243,false
396,4243,false
345,4243,false
448,4243,false
418,4243,false
462,4246,false
519,4252,false
243,4252,false
484,4252,false
355,4252,false
271,4252,false
312,4252,false
301,4252,false
66,4252,false
382,4252,false
414,4252,false
303,4261,false
281,4261,false
407,4261,false
305,4261,false
66,4261,false
330,4261,false
451,4261,false
408,4261,false
444,4261,false
364,4261,false
447,4261,false
306,4261,false
449,4261,false
381,4261,false
299,4261,false
501,4261,false
384,4261,false
492,4261,false
493,4261,false
446,4261,false
343,4261,false
263,4261,false
307,4261,false
396,4261,false
503,4261,false
448,4261,false
491,4261,false
487,4262,false
281,4262,false
300,4262,false
506,4262,false
492,4263,false
493,4263,false
446,4263,false
303,4263,false
281,4263,false
407,4263,false
343,4263,false
305,4263,false
66,4263,false
451,4263,false
307,4263,false
408,4263,false
444,4263,false
447,4263,false
306,4263,false
396,4263,false
449,4263,false
381,4263,false
503,4263,false
299,4263,false
448,4263,false
501,4263,false
384,4263,false
491,4263,false
303,4264,false
484,4264,false
407,4264,false
305,4264,false
66,4264,false
330,4264,false
451,4264,false
408,4264,false
444,4264,false
313,4264,false
364,4264,false
447,4264,false
521,4264,false
306,4264,false
449,4264,false
381,4264,false
299,4264,false
501,4264,false
384,4264,false
492,4264,false
493,4264,false
446,4264,false
452,4264,false
300,4264,false
343,4264,false
445,4264,false
263,4264,false
307,4264,false
396,4264,false
318,4264,false
503,4264,false
448,4264,false
491,4264,false
403,4271,false
243,4271,false
361,4271,false
424,4271,false
313,4271,false
393,4271,false
428,4271,false
277,4271,false
379,4271,false
12,4271,false
361,4272,false
277,4272,false
361,4273,false
277,4273,false
266,4278,false
305,4278,false
327,4278,false
448,4278,false
492,4279,false
261,4279,false
484,4279,false
301,4279,false
326,4279,false
507,4279,false
519,4279,false
263,4279,false
334,4279,false
41,4279,false
396,4279,false
381,4279,false
503,4279,false
515,4279,false
316,4279,false
329,4279,false
491,4279,false
516,4279,false
363,4284,false
365,4284,false
364,4284,false
285,4284,false
363,4285,false
365,4285,false
364,4285,false
464,4285,false
405,4285,false
285,4285,false
363,4289,false
484,4289,false
364,4289,false
510,4289,false
485,4289,false
285,4289,false
496,4289,false
285,4291,false
363,4294,false
285,4294,false
285,4300,false
363,4301,false
365,4301,false
364,4301,false
285,4301,false
496,4301,false
285,4303,false
401,4314,false
426,4314,false
374,4314,false
301,4314,false
407,4314,false
434,4314,false
506,4314,false
321,4314,false
437,4314,false
408,4314,false
371,4314,false
394,4314,false
447,4314,false
344,4314,false
501,4314,false
446,4314,false
399,4314,false
504,4314,false
343,4314,false
438,4314,false
291,4314,false
307,4314,false
453,4314,false
503,4314,false
345,4314,false
266,4319,false
502,4319,false
505,4319,false
307,4319,false
327,4319,false
340,4319,false
509,4319,false
291,4319,false
266,4359,false
502,4359,false
505,4359,false
307,4359,false
327,4359,false
340,4359,false
509,4359,false
291,4359,false
496,4359,false
259,4362,false
259,4363,false
261,4364,false
261,4378,false
261,4382,false
261,4383,false
259,4391,false
266,4392,false
66,4392,false
448,4392,false
266,4399,false
269,4420,false
303,4421,false
484,4421,false
407,4421,false
305,4421,false
66,4421,false
451,4421,false
408,4421,false
444,4421,false
313,4421,false
447,4421,false
521,4421,false
306,4421,false
449,4421,false
381,4421,false
299,4421,false
501,4421,false
384,4421,false
492,4421,false
493,4421,false
446,4421,false
452,4421,false
300,4421,false
343,4421,false
445,4421,false
307,4421,false
396,4421,false
318,4421,false
503,4421,false
448,4421,false
491,4421,false
299,4423,false
303,4427,false
444,4427,false
399,4427,false
306,4427,false
381,4427,false
382,4427,false
299,4427,false
306,4439,false
306,4442,false
492,4443,false
493,4443,false
446,4443,false
303,4443,false
407,4443,false
343,4443,false
305,4443,false
66,4443,false
445,4443,false
451,4443,false
307,4443,false
408,4443,false
444,4443,false
313,4443,false
447,4443,false
306,4443,false
396,4443,false
503,4443,false
299,4443,false
448,4443,false
501,4443,false
384,4443,false
491,4443,false
307,4444,false
492,4447,false
493,4447,false
446,4447,false
303,4447,false
407,4447,false
343,4447,false
305,4447,false
66,4447,false
445,4447,false
451,4447,false
307,4447,false
408,4447,false
444,4447,false
313,4447,false
447,4447,false
306,4447,false
396,4447,false
503,4447,false
299,4447,false
448,4447,false
501,4447,false
384,4447,false
491,4447,false
492,4448,false
493,4448,false
446,4448,false
303,4448,false
407,4448,false
343,4448,false
305,4448,false
66,4448,false
445,4448,false
451,4448,false
307,4448,false
408,4448,false
444,4448,false
313,4448,false
447,4448,false
306,4448,false
396,4448,false
503,4448,false
299,4448,false
448,4448,false
501,4448,false
384,4448,false
491,4448,false
492,4453,false
381,4453,false
503,4453,false
299,4453,false
491,4453,false
300,4456,false
403,4464,false
446,4464,false
301,4464,false
312,4464,false
407,4464,false
343,4464,false
506,4464,false
417,4464,false
428,4464,false
321,4464,false
419,4464,false
420,4464,false
444,4464,false
313,4464,false
41,4464,false
332,4464,false
396,4464,false
449,4464,false
416,4464,false
316,4464,false
418,4464,false
363,4474,false
399,4474,false
435,4474,false
301,4474,false
343,4474,false
321,4474,false
442,4474,false
378,4474,false
432,4474,false
376,4474,false
243,4474,false
422,4474,false
441,4474,false
393,4474,false
371,4474,false
394,4474,false
414,4474,false
303,4485,false
306,4491,false
306,4493,false
307,4496,false
446,4496,false
407,4496,false
303,4499,false
299,4500,false
301,4504,false
301,4505,false
308,4507,false
312,4513,false
507,4520,false
403,4520,false
367,4520,false
368,4520,false
374,4520,false
471,4520,false
370,4520,false
300,4520,false
12,4520,false
385,4520,false
476,4520,false
300,4521,false
301,4524,false
135,4531,false
301,4531,false
383,4531,false
438,4531,false
323,4556,false
323,4561,false
324,4567,false
324,4580,false
324,4583,false
376,4584,false
323,4584,false
378,4584,false
324,4586,false
326,4594,false
327,4596,false
328,4598,false
326,4608,false
329,4610,false
326,4612,false
329,4612,false
329,4614,false
329,4618,false
328,4620,false
329,4623,false
329,4624,false
66,4628,false
326,4628,false
329,4628,false
363,4630,false
243,4630,false
422,4630,false
326,4630,false
329,4630,false
445,4631,false
451,4631,false
484,4631,false
441,4631,false
393,4631,false
330,4631,false
445,4632,false
451,4632,false
484,4632,false
441,4632,false
393,4632,false
330,4632,false
445,4633,false
451,4633,false
484,4633,false
441,4633,false
393,4633,false
330,4633,false
326,4634,false
326,4637,false
329,4637,false
329,4638,false
327,4639,false
327,4643,false
327,4644,false
327,4646,false
329,4647,false
326,4648,false
326,4649,false
327,4650,false
327,4651,false
341,4655,false
334,4655,false
336,4655,false
337,4655,false
335,4659,false
334,4663,false
334,4666,false
510,4666,false
338,4672,false
338,4674,false
336,4679,false
336,4680,false
337,4683,false
342,4688,false
399,4695,false
345,4695,false
343,4698,false
343,4702,false
343,4703,false
340,4704,false
446,4706,false
444,4706,false
441,4706,false
407,4706,false
343,4706,false
442,4706,false
378,4706,false
336,4710,false
336,4712,false
345,4714,false
345,4715,false
341,4716,false
357,4726,false
351,4726,false
352,4726,false
355,4726,false
356,4726,false
349,4726,false
353,4726,false
350,4726,false
354,4726,false
359,4726,false
355,4738,false
355,4739,false
355,4741,false
352,4742,false
349,4743,false
361,4745,false
364,4745,false
363,4746,false
363,4749,false
363,4754,false
365,4754,false
363,4756,false
365,4756,false
363,4757,false
365,4757,false
365,4765,false
364,4765,false
364,4767,false
524,4769,false
368,4769,false
370,4769,false
417,4769,false
321,4769,false
419,4769,false
514,4769,false
372,4769,false
519,4769,false
367,4769,false
420,4769,false
365,4769,false
364,4769,false
416,4769,false
515,4769,false
418,4769,false
516,4769,false
363,4771,false
364,4775,false
363,4776,false
363,4777,false
363,4779,false
364,4781,false
496,4781,false
363,4782,false
363,4783,false
524,4790,false
368,4790,false
514,4790,false
516,4790,false
524,4793,false
368,4793,false
514,4793,false
516,4793,false
524,4795,false
368,4795,false
514,4795,false
516,4795,false
524,4797,false
368,4797,false
515,4797,false
514,4797,false
516,4797,false
524,4798,false
368,4798,false
515,4798,false
514,4798,false
516,4798,false
369,4813,false
369,4814,false
368,4816,false
370,4816,false
369,4818,false
367,4819,false
514,4819,false
516,4819,false
372,4821,false
367,4821,false
368,4821,false
374,4821,false
370,4821,false
372,4823,false
368,4823,false
370,4823,false
368,4824,false
514,4824,false
516,4824,false
368,4826,false
369,4829,false
372,4830,false
368,4831,false
374,4832,false
374,4834,false
374,4836,false
374,4837,false
374,4839,false
374,4840,false
374,4843,false
374,4844,false
374,4845,false
243,4845,false
374,4846,false
432,4849,false
376,4849,false
243,4849,false
422,4849,false
441,4849,false
379,4849,false
414,4849,false
442,4849,false
378,4849,false
496,4849,false
376,4852,false
243,4852,false
422,4852,false
441,4852,false
377,4852,false
503,4852,false
379,4852,false
442,4852,false
501,4852,false
378,4852,false
432,4858,false
376,4858,false
243,4858,false
420,4858,false
417,4858,false
419,4858,false
414,4858,false
416,4858,false
418,4858,false
432,4861,false
376,4861,false
243,4861,false
422,4861,false
414,4861,false
378,4861,false
376,4864,false
376,4873,false
243,4873,false
422,4873,false
414,4873,false
376,4878,false
243,4878,false
379,4878,false
442,4878,false
378,4878,false
485,4884,false
378,4884,false
484,4885,false
510,4885,false
504,4885,false
485,4885,false
378,4885,false
426,4897,false
435,4897,false
417,4897,false
419,4897,false
442,4897,false
432,4897,false
243,4897,false
420,4897,false
422,4897,false
441,4897,false
379,4897,false
414,4897,false
416,4897,false
418,4897,false
382,4906,false
382,4909,false
382,4915,false
385,4923,false
385,4927,false
385,4942,false
383,4952,false
384,4952,false
382,4954,false
385,4958,false
382,4959,false
385,4960,false
382,4965,false
382,4966,false
382,4969,false
243,4970,false
382,4970,false
382,4971,false
382,4973,false
382,4975,false
243,4976,false
382,4976,false
243,4977,false
382,4977,false
382,4978,false
381,4980,false
382,4980,false
382,4982,false
382,4984,false
382,4985,false
382,4986,false
382,4987,false
385,4988,false
381,4989,false
381,4990,false
383,4991,false
484,5022,false
393,5032,false
393,5036,false
393,5040,false
393,5041,false
396,5046,false
396,5047,false
396,5048,false
426,5050,false
399,5050,false
400,5050,false
427,5050,false
401,5055,false
426,5056,false
399,5056,false
400,5057,false
403,5068,false
12,5068,false
405,5080,false
405,5083,false
405,5085,false
405,5086,false
405,5088,false
405,5090,false
405,5091,false
405,5093,false
405,5094,false
405,5095,false
405,5096,false
408,5105,false
446,5105,false
453,5105,false
407,5105,false
447,5105,false
412,5128,false
412,5129,false
432,5131,false
414,5131,false
432,5132,false
414,5132,false
414,5136,false
414,5140,false
432,5143,false
414,5143,false
437,5143,false
414,5148,false
414,5150,false
414,5159,false
414,5160,false
414,5162,false
414,5163,false
414,5168,false
243,5169,false
414,5169,false
414,5172,false
414,5173,false
414,5174,false
414,5175,false
414,5176,false
414,5180,false
414,5182,false
414,5184,false
414,5191,false
414,5192,false
414,5194,false
432,5204,false
243,5204,false
414,5204,false
414,5205,false
414,5209,false
243,5210,false
414,5210,false
414,5211,false
414,5214,false
414,5215,false
414,5216,false
414,5217,false
418,5226,false
418,5227,false
417,5228,false
426,5229,false
426,5232,false
426,5233,false
243,5234,false
424,5234,false
243,5242,false
243,5243,false
243,5244,false
243,5245,false
243,5246,false
243,5247,false
243,5248,false
243,5251,false
243,5252,false
243,5253,false
243,5254,false
243,5255,false
243,5256,false
243,5257,false
243,5259,false
243,5260,false
243,5261,false
243,5262,false
243,5263,false
434,5264,false
437,5272,false
437,5278,false
437,5279,false
438,5279,false
437,5284,false
437,5289,false
438,5289,false
437,5292,false
437,5293,false
437,5294,false
437,5295,false
437,5296,false
437,5297,false
437,5298,false
515,5298,false
441,5302,false
442,5303,false
445,5317,false
445,5324,false
445,5326,false
445,5327,false
445,5328,false
445,5329,false
445,5330,false
445,5331,false
445,5332,false
445,5333,false
449,5340,false
450,5341,false
450,5343,false
450,5345,false
451,5347,false
451,5348,false
451,5350,false
66,5353,false
448,5353,false
450,5356,false
451,5357,false
451,5359,false
445,5362,false
447,5363,false
451,5364,false
451,5365,false
451,5366,false
451,5367,false
451,5368,false
451,5369,false
451,5370,false
494,5371,false
452,5371,false
444,5372,false
66,5373,false
448,5373,false
66,5376,false
448,5376,false
447,5377,false
456,5381,false
456,5383,false
461,5385,false
461,5386,false
461,5387,false
461,5388,false
461,5389,false
461,5390,false
461,5391,false
461,5392,false
461,5393,false
461,5394,false
461,5396,false
461,5397,false
461,5399,false
461,5400,false
461,5401,false
461,5402,false
461,5403,false
461,5404,false
461,5406,false
461,5408,false
461,5409,false
461,5411,false
461,5412,false
461,5415,false
461,5416,false
461,5417,false
461,5418,false
461,5419,false
461,5420,false
461,5421,false
461,5422,false
461,5424,false
461,5425,false
461,5426,false
461,5427,false
464,5433,false
464,5434,false
464,5435,false
464,5436,false
464,5439,false
466,5441,false
466,5443,false
464,5450,false
471,5452,false
471,5455,false
471,5456,false
471,5457,false
471,5460,false
471,5462,false
471,5465,false
472,5467,false
472,5468,false
459,5470,false
467,5475,false
467,5478,false
470,5481,false
470,5482,false
470,5483,false
470,5484,false
470,5485,false
470,5488,false
470,5489,false
470,5491,false
473,5493,false
471,5495,false
471,5496,false
466,5499,false
466,5500,false
466,5501,false
466,5502,false
467,5503,false
467,5504,false
474,5506,false
467,5507,false
462,5510,false
475,5512,false
475,5513,false
475,5514,false
475,5515,false
475,5517,false
475,5518,false
468,5519,false
468,5520,false
468,5521,false
464,5523,false
459,5525,false
461,5526,false
461,5527,false
461,5528,false
461,5529,false
461,5530,false
461,5531,false
461,5532,false
461,5533,false
461,5534,false
461,5535,false
461,5536,false
461,5537,false
461,5538,false
461,5539,false
461,5540,false
461,5541,false
461,5542,false
461,5543,false
461,5544,false
461,5545,false
461,5546,false
461,5547,false
461,5548,false
461,5549,false
461,5550,false
461,5551,false
461,5552,false
461,5553,false
461,5554,false
461,5555,false
461,5556,false
461,5557,false
461,5558,false
461,5559,false
461,5560,false
461,5561,false
461,5562,false
461,5563,false
461,5564,false
467,5565,false
469,5566,false
477,5567,false
479,5569,false
470,5571,false
470,5572,false
470,5573,false
480,5574,false
480,5576,false
475,5577,false
468,5578,false
468,5579,false
484,5586,false
485,5586,false
484,5591,false
484,5594,false
484,5595,false
484,5596,false
484,5597,false
484,5598,false
484,5599,false
484,5600,false
484,5601,false
484,5602,false
484,5603,false
484,5604,false
484,5605,false
484,5606,false
484,5607,false
484,5608,false
484,5610,false
484,5611,false
484,5612,false
484,5613,false
484,5614,false
484,5615,false
484,5616,false
484,5617,false
484,5618,false
484,5619,false
484,5623,false
484,5625,false
484,5627,false
485,5628,false
485,5629,false
485,5630,false
485,5631,false
485,5632,false
488,5633,false
491,5634,false
66,5645,false
66,5646,false
66,5647,false
66,5648,false
66,5649,false
66,5650,false
66,5651,false
321,5651,false
491,5652,false
66,5653,false
492,5654,false
492,5655,false
496,5659,false
496,5661,false
496,5662,false
496,5665,false
496,5666,false
496,5667,false
496,5669,false
496,5670,false
496,5671,false
497,5672,false
510,5675,false
506,5688,false
506,5689,false
508,5693,false
508,5694,false
508,5696,false
508,5697,false
508,5698,false
504,5700,false
504,5703,false
510,5705,false
504,5705,false
510,5707,false
510,5709,false
503,5714,false
501,5714,false
508,5715,false
508,5716,false
505,5717,false
512,5718,false
512,5719,false
512,5720,false
510,5721,false
510,5722,false
510,5723,false
510,5724,false
510,5725,false
510,5726,false
510,5727,false
510,5728,false
510,5729,false
507,5730,false
512,5731,false
507,5732,false
507,5733,false
516,5737,false
515,5738,false
321,5744,false
519,5745,false
519,5746,false
321,5747,false
519,5748,false
519,5749,false
526,5751,false
526,5755,false
527,5766,false
527,5767,false
527,5770,false
527,5771,false
526,5776,false
526,5777,false
526,5778,false
526,5779,false
526,5780,false
526,5781,false
527,5782,false
527,5783,false
527,5784,false
527,5785,false
527,5786,false
527,5787,false
527,5788,false
527,5789,false
527,5790,false
527,5791,false
527,5792,false
527,5793,false
527,5794,false
527,5795,false
503,5679,true
501,5679,true
503,5681,true
501,5681,true
503,5683,true
501,5683,true
503,5684,true
501,5684,true
356,4027,true
461,4027,true
383,4027,true
407,4027,true
527,4027,true
400,4027,true
346,4027,true
471,4027,true
365,4027,true
447,4027,true
449,4027,true
416,4027,true
480,4027,true
493,4027,true
452,4027,true
504,4027,true
405,4027,true
12,4027,true
291,4027,true
350,4027,true
491,4027,true
303,4027,true
301,4027,true
315,4027,true
275,4027,true
434,4027,true
305,4027,true
66,4027,true
321,4027,true
378,4027,true
266,4027,true
502,4027,true
487,4027,true
530,4027,true
282,4027,true
364,4027,true
393,4027,true
290,4027,true
299,4027,true
323,4027,true
414,4027,true
515,4027,true
501,4027,true
329,4027,true
446,4027,true
351,4027,true
260,4027,true
370,4027,true
343,4027,true
382,4027,true
456,4027,true
288,4027,true
385,4027,true
445,4027,true
459,4027,true
422,4027,true
334,4027,true
332,4027,true
475,4027,true
338,4027,true
318,4027,true
463,4027,true
261,4027,true
264,4027,true
377,4027,true
327,4027,true
509,4027,true
355,4027,true
361,4027,true
331,4027,true
412,4027,true
313,4027,true
306,4027,true
337,4027,true
492,4027,true
466,4027,true
269,4027,true
277,4027,true
326,4027,true
512,4027,true
429,4027,true
479,4027,true
274,4027,true
379,4027,true
403,4027,true
328,4027,true
428,4027,true
419,4027,true
457,4027,true
460,4027,true
342,4027,true
367,4027,true
444,4027,true
259,4027,true
371,4027,true
521,4027,true
336,4027,true
344,4027,true
511,4027,true
324,4027,true
316,4027,true
384,4027,true
427,4027,true
510,4027,true
410,4027,true
285,4027,true
465,4027,true
519,4027,true
307,4027,true
462,4027,true
345,4027,true
448,4027,true
458,4027,true
477,4027,true
524,4027,true
272,4027,true
484,4027,true
310,4027,true
340,4027,true
437,4027,true
467,4027,true
507,4027,true
451,4027,true
497,4027,true
420,4027,true
349,4027,true
528,4027,true
508,4027,true
470,4027,true
300,4027,true
485,4027,true
514,4027,true
293,4027,true
243,4027,true
295,4027,true
503,4027,true
335,4027,true
374,4027,true
281,4027,true
354,4027,true
135,4027,true
408,4027,true
352,4027,true
424,4027,true
386,4027,true
265,4027,true
381,4027,true
473,4027,true
516,4027,true
368,4027,true
399,4027,true
435,4027,true
311,4027,true
357,4027,true
469,4027,true
488,4027,true
453,4027,true
468,4027,true
341,4027,true
363,4027,true
302,4027,true
309,4027,true
506,4027,true
417,4027,true
314,4027,true
330,4027,true
376,4027,true
425,4027,true
317,4027,true
394,4027,true
450,4027,true
438,4027,true
442,4027,true
263,4027,true
505,4027,true
441,4027,true
494,4027,true
258,4027,true
526,4027,true
478,4027,true
472,4027,true
401,4027,true
426,4027,true
439,4027,true
369,4027,true
388,4027,true
476,4027,true
372,4027,true
432,4027,true
474,4027,true
271,4027,true
312,4027,true
353,4027,true
304,4027,true
308,4027,true
41,4027,true
464,4027,true
396,4027,true
418,4027,true
496,4027,true
341,4028,true
334,4028,true
258,4028,true
337,4028,true
342,4029,true
243,4029,true
259,4029,true
258,4029,true
336,4029,true
345,4029,true
337,4029,true
356,4031,true
461,4031,true
383,4031,true
407,4031,true
527,4031,true
400,4031,true
346,4031,true
471,4031,true
365,4031,true
447,4031,true
449,4031,true
416,4031,true
480,4031,true
493,4031,true
452,4031,true
504,4031,true
405,4031,true
12,4031,true
291,4031,true
350,4031,true
491,4031,true
303,4031,true
301,4031,true
315,4031,true
275,4031,true
434,4031,true
305,4031,true
66,4031,true
321,4031,true
378,4031,true
266,4031,true
502,4031,true
487,4031,true
530,4031,true
282,4031,true
364,4031,true
393,4031,true
290,4031,true
299,4031,true
323,4031,true
414,4031,true
515,4031,true
501,4031,true
329,4031,true
446,4031,true
260,4031,true
370,4031,true
343,4031,true
382,4031,true
456,4031,true
288,4031,true
385,4031,true
445,4031,true
459,4031,true
422,4031,true
334,4031,true
332,4031,true
475,4031,true
338,4031,true
318,4031,true
463,4031,true
261,4031,true
264,4031,true
327,4031,true
509,4031,true
355,4031,true
361,4031,true
331,4031,true
412,4031,true
313,4031,true
306,4031,true
337,4031,true
492,4031,true
466,4031,true
269,4031,true
277,4031,true
326,4031,true
512,4031,true
429,4031,true
479,4031,true
274,4031,true
379,4031,true
403,4031,true
328,4031,true
428,4031,true
419,4031,true
457,4031,true
460,4031,true
342,4031,true
367,4031,true
444,4031,true
259,4031,true
371,4031,true
521,4031,true
336,4031,true
344,4031,true
511,4031,true
324,4031,true
316,4031,true
384,4031,true
427,4031,true
510,4031,true
410,4031,true
285,4031,true
465,4031,true
519,4031,true
307,4031,true
462,4031,true
345,4031,true
448,4031,true
458,4031,true
477,4031,true
524,4031,true
272,4031,true
484,4031,true
310,4031,true
340,4031,true
437,4031,true
467,4031,true
507,4031,true
451,4031,true
497,4031,true
420,4031,true
349,4031,true
528,4031,true
508,4031,true
470,4031,true
300,4031,true
485,4031,true
514,4031,true
293,4031,true
243,4031,true
295,4031,true
503,4031,true
335,4031,true
374,4031,true
281,4031,true
135,4031,true
408,4031,true
352,4031,true
424,4031,true
265,4031,true
381,4031,true
473,4031,true
516,4031,true
368,4031,true
399,4031,true
435,4031,true
311,4031,true
357,4031,true
469,4031,true
488,4031,true
453,4031,true
468,4031,true
341,4031,true
363,4031,true
302,4031,true
309,4031,true
506,4031,true
417,4031,true
314,4031,true
330,4031,true
376,4031,true
425,4031,true
317,4031,true
394,4031,true
450,4031,true
438,4031,true
442,4031,true
263,4031,true
505,4031,true
441,4031,true
494,4031,true
258,4031,true
526,4031,true
478,4031,true
472,4031,true
401,4031,true
426,4031,true
439,4031,true
369,4031,true
388,4031,true
476,4031,true
372,4031,true
432,4031,true
474,4031,true
271,4031,true
312,4031,true
304,4031,true
308,4031,true
41,4031,true
464,4031,true
396,4031,true
418,4031,true
496,4031,true
524,4035,true
484,4035,true
461,4035,true
407,4035,true
527,4035,true
340,4035,true
400,4035,true
507,4035,true
346,4035,true
471,4035,true
365,4035,true
447,4035,true
416,4035,true
480,4035,true
470,4035,true
300,4035,true
504,4035,true
485,4035,true
405,4035,true
514,4035,true
243,4035,true
503,4035,true
335,4035,true
491,4035,true
321,4035,true
378,4035,true
266,4035,true
502,4035,true
135,4035,true
408,4035,true
424,4035,true
381,4035,true
515,4035,true
516,4035,true
446,4035,true
368,4035,true
399,4035,true
370,4035,true
382,4035,true
385,4035,true
469,4035,true
334,4035,true
475,4035,true
338,4035,true
468,4035,true
341,4035,true
363,4035,true
261,4035,true
302,4035,true
309,4035,true
327,4035,true
506,4035,true
417,4035,true
509,4035,true
376,4035,true
425,4035,true
361,4035,true
306,4035,true
337,4035,true
450,4035,true
492,4035,true
277,4035,true
326,4035,true
442,4035,true
263,4035,true
505,4035,true
512,4035,true
441,4035,true
258,4035,true
526,4035,true
379,4035,true
426,4035,true
439,4035,true
369,4035,true
419,4035,true
476,4035,true
372,4035,true
342,4035,true
432,4035,true
367,4035,true
259,4035,true
521,4035,true
336,4035,true
344,4035,true
511,4035,true
271,4035,true
510,4035,true
285,4035,true
519,4035,true
462,4035,true
345,4035,true
448,4035,true
418,4035,true
496,4035,true
376,4036,true
258,4036,true
337,4036,true
261,4039,true
399,4039,true
334,4039,true
258,4039,true
305,4039,true
336,4039,true
277,4039,true
345,4039,true
335,4039,true
356,4040,true
461,4040,true
383,4040,true
407,4040,true
527,4040,true
400,4040,true
346,4040,true
471,4040,true
365,4040,true
447,4040,true
449,4040,true
416,4040,true
493,4040,true
452,4040,true
504,4040,true
405,4040,true
12,4040,true
291,4040,true
350,4040,true
491,4040,true
303,4040,true
301,4040,true
315,4040,true
275,4040,true
434,4040,true
305,4040,true
66,4040,true
321,4040,true
378,4040,true
266,4040,true
502,4040,true
487,4040,true
530,4040,true
282,4040,true
364,4040,true
393,4040,true
290,4040,true
299,4040,true
323,4040,true
414,4040,true
515,4040,true
501,4040,true
329,4040,true
446,4040,true
351,4040,true
260,4040,true
370,4040,true
343,4040,true
382,4040,true
456,4040,true
288,4040,true
385,4040,true
445,4040,true
459,4040,true
422,4040,true
334,4040,true
332,4040,true
475,4040,true
338,4040,true
318,4040,true
463,4040,true
261,4040,true
264,4040,true
327,4040,true
509,4040,true
355,4040,true
361,4040,true
331,4040,true
412,4040,true
313,4040,true
306,4040,true
337,4040,true
492,4040,true
466,4040,true
269,4040,true
277,4040,true
326,4040,true
512,4040,true
429,4040,true
479,4040,true
274,4040,true
379,4040,true
403,4040,true
328,4040,true
428,4040,true
419,4040,true
457,4040,true
460,4040,true
342,4040,true
367,4040,true
444,4040,true
259,4040,true
371,4040,true
521,4040,true
336,4040,true
344,4040,true
511,4040,true
324,4040,true
316,4040,true
384,4040,true
427,4040,true
510,4040,true
410,4040,true
285,4040,true
465,4040,true
519,4040,true
307,4040,true
462,4040,true
345,4040,true
448,4040,true
458,4040,true
477,4040,true
524,4040,true
272,4040,true
484,4040,true
310,4040,true
340,4040,true
437,4040,true
467,4040,true
507,4040,true
451,4040,true
497,4040,true
420,4040,true
349,4040,true
528,4040,true
508,4040,true
470,4040,true
300,4040,true
485,4040,true
514,4040,true
293,4040,true
243,4040,true
295,4040,true
503,4040,true
335,4040,true
374,4040,true
281,4040,true
135,4040,true
408,4040,true
352,4040,true
424,4040,true
386,4040,true
265,4040,true
381,4040,true
473,4040,true
516,4040,true
368,4040,true
399,4040,true
435,4040,true
311,4040,true
357,4040,true
469,4040,true
488,4040,true
453,4040,true
468,4040,true
341,4040,true
363,4040,true
302,4040,true
309,4040,true
506,4040,true
417,4040,true
314,4040,true
330,4040,true
376,4040,true
425,4040,true
317,4040,true
394,4040,true
450,4040,true
438,4040,true
442,4040,true
263,4040,true
505,4040,true
441,4040,true
494,4040,true
258,4040,true
526,4040,true
478,4040,true
472,4040,true
401,4040,true
426,4040,true
439,4040,true
369,4040,true
388,4040,true
476,4040,true
372,4040,true
432,4040,true
474,4040,true
271,4040,true
312,4040,true
304,4040,true
308,4040,true
41,4040,true
464,4040,true
396,4040,true
418,4040,true
496,4040,true
361,4044,true
259,4044,true
258,4044,true
336,4044,true
277,4044,true
337,4044,true
461,4045,true
383,4045,true
407,4045,true
527,4045,true
400,4045,true
346,4045,true
471,4045,true
365,4045,true
447,4045,true
449,4045,true
416,4045,true
480,4045,true
493,4045,true
452,4045,true
504,4045,true
405,4045,true
12,4045,true
291,4045,true
350,4045,true
491,4045,true
303,4045,true
301,4045,true
315,4045,true
275,4045,true
434,4045,true
305,4045,true
66,4045,true
321,4045,true
378,4045,true
266,4045,true
502,4045,true
487,4045,true
530,4045,true
282,4045,true
364,4045,true
393,4045,true
290,4045,true
299,4045,true
323,4045,true
414,4045,true
515,4045,true
501,4045,true
329,4045,true
446,4045,true
351,4045,true
260,4045,true
370,4045,true
343,4045,true
382,4045,true
456,4045,true
288,4045,true
385,4045,true
445,4045,true
459,4045,true
422,4045,true
334,4045,true
332,4045,true
475,4045,true
338,4045,true
318,4045,true
463,4045,true
261,4045,true
264,4045,true
377,4045,true
327,4045,true
509,4045,true
355,4045,true
361,4045,true
331,4045,true
412,4045,true
313,4045,true
306,4045,true
337,4045,true
492,4045,true
466,4045,true
269,4045,true
277,4045,true
326,4045,true
512,4045,true
429,4045,true
479,4045,true
274,4045,true
379,4045,true
403,4045,true
328,4045,true
428,4045,true
419,4045,true
457,4045,true
460,4045,true
342,4045,true
367,4045,true
444,4045,true
259,4045,true
371,4045,true
521,4045,true
336,4045,true
344,4045,true
511,4045,true
324,4045,true
316,4045,true
384,4045,true
427,4045,true
510,4045,true
410,4045,true
285,4045,true
465,4045,true
519,4045,true
307,4045,true
462,4045,true
345,4045,true
448,4045,true
458,4045,true
477,4045,true
524,4045,true
272,4045,true
484,4045,true
310,4045,true
340,4045,true
437,4045,true
467,4045,true
507,4045,true
451,4045,true
497,4045,true
420,4045,true
349,4045,true
528,4045,true
508,4045,true
470,4045,true
300,4045,true
485,4045,true
514,4045,true
293,4045,true
243,4045,true
295,4045,true
503,4045,true
335,4045,true
374,4045,true
281,4045,true
354,4045,true
135,4045,true
408,4045,true
352,4045,true
424,4045,true
386,4045,true
265,4045,true
381,4045,true
473,4045,true
516,4045,true
368,4045,true
399,4045,true
435,4045,true
311,4045,true
357,4045,true
469,4045,true
488,4045,true
453,4045,true
468,4045,true
341,4045,true
363,4045,true
302,4045,true
309,4045,true
506,4045,true
417,4045,true
314,4045,true
330,4045,true
376,4045,true
425,4045,true
317,4045,true
394,4045,true
450,4045,true
438,4045,true
442,4045,true
263,4045,true
505,4045,true
441,4045,true
494,4045,true
258,4045,true
526,4045,true
478,4045,true
472,4045,true
401,4045,true
426,4045,true
439,4045,true
369,4045,true
388,4045,true
476,4045,true
372,4045,true
432,4045,true
474,4045,true
271,4045,true
312,4045,true
304,4045,true
308,4045,true
41,4045,true
464,4045,true
396,4045,true
418,4045,true
496,4045,true
341,4048,true
363,4048,true
261,4048,true
302,4048,true
461,4048,true
309,4048,true
327,4048,true
506,4048,true
527,4048,true
340,4048,true
400,4048,true
507,4048,true
346,4048,true
376,4048,true
425,4048,true
361,4048,true
365,4048,true
306,4048,true
337,4048,true
416,4048,true
450,4048,true
480,4048,true
492,4048,true
470,4048,true
504,4048,true
277,4048,true
405,4048,true
514,4048,true
326,4048,true
442,4048,true
263,4048,true
512,4048,true
243,4048,true
441,4048,true
258,4048,true
379,4048,true
335,4048,true
491,4048,true
426,4048,true
439,4048,true
374,4048,true
321,4048,true
378,4048,true
476,4048,true
342,4048,true
408,4048,true
432,4048,true
367,4048,true
424,4048,true
259,4048,true
521,4048,true
336,4048,true
344,4048,true
381,4048,true
511,4048,true
516,4048,true
446,4048,true
368,4048,true
399,4048,true
370,4048,true
510,4048,true
382,4048,true
385,4048,true
469,4048,true
459,4048,true
334,4048,true
475,4048,true
468,4048,true
345,4048,true
448,4048,true
496,4048,true
341,4050,true
363,4050,true
261,4050,true
484,4050,true
302,4050,true
461,4050,true
309,4050,true
327,4050,true
506,4050,true
527,4050,true
340,4050,true
509,4050,true
400,4050,true
507,4050,true
346,4050,true
376,4050,true
425,4050,true
361,4050,true
471,4050,true
365,4050,true
447,4050,true
306,4050,true
337,4050,true
416,4050,true
450,4050,true
480,4050,true
492,4050,true
470,4050,true
504,4050,true
277,4050,true
405,4050,true
514,4050,true
326,4050,true
442,4050,true
263,4050,true
505,4050,true
512,4050,true
243,4050,true
441,4050,true
258,4050,true
526,4050,true
379,4050,true
335,4050,true
491,4050,true
426,4050,true
439,4050,true
374,4050,true
321,4050,true
378,4050,true
476,4050,true
502,4050,true
342,4050,true
408,4050,true
432,4050,true
367,4050,true
424,4050,true
259,4050,true
521,4050,true
336,4050,true
344,4050,true
381,4050,true
511,4050,true
515,4050,true
516,4050,true
446,4050,true
368,4050,true
399,4050,true
271,4050,true
370,4050,true
510,4050,true
382,4050,true
285,4050,true
385,4050,true
469,4050,true
462,4050,true
459,4050,true
334,4050,true
475,4050,true
468,4050,true
345,4050,true
448,4050,true
496,4050,true
524,4057,true
272,4057,true
341,4057,true
261,4057,true
310,4057,true
302,4057,true
407,4057,true
327,4057,true
506,4057,true
330,4057,true
451,4057,true
376,4057,true
425,4057,true
361,4057,true
447,4057,true
449,4057,true
337,4057,true
450,4057,true
269,4057,true
452,4057,true
277,4057,true
514,4057,true
326,4057,true
263,4057,true
243,4057,true
494,4057,true
258,4057,true
335,4057,true
491,4057,true
374,4057,true
301,4057,true
275,4057,true
328,4057,true
266,4057,true
372,4057,true
342,4057,true
408,4057,true
367,4057,true
444,4057,true
282,4057,true
336,4057,true
290,4057,true
414,4057,true
515,4057,true
329,4057,true
516,4057,true
446,4057,true
368,4057,true
370,4057,true
510,4057,true
343,4057,true
410,4057,true
288,4057,true
453,4057,true
334,4057,true
332,4057,true
401,4058,true
341,4058,true
363,4058,true
261,4058,true
328,4058,true
327,4058,true
340,4058,true
330,4058,true
378,4058,true
266,4058,true
502,4058,true
342,4058,true
432,4058,true
497,4058,true
376,4058,true
365,4058,true
259,4058,true
364,4058,true
336,4058,true
381,4058,true
337,4058,true
414,4058,true
399,4058,true
435,4058,true
343,4058,true
326,4058,true
438,4058,true
442,4058,true
385,4058,true
263,4058,true
505,4058,true
243,4058,true
422,4058,true
441,4058,true
334,4058,true
258,4058,true
345,4058,true
379,4058,true
335,4058,true
496,4058,true
524,4060,true
484,4060,true
461,4060,true
407,4060,true
527,4060,true
340,4060,true
400,4060,true
507,4060,true
346,4060,true
471,4060,true
365,4060,true
447,4060,true
416,4060,true
480,4060,true
470,4060,true
300,4060,true
504,4060,true
485,4060,true
405,4060,true
514,4060,true
243,4060,true
503,4060,true
335,4060,true
491,4060,true
321,4060,true
378,4060,true
266,4060,true
502,4060,true
135,4060,true
408,4060,true
424,4060,true
381,4060,true
515,4060,true
516,4060,true
446,4060,true
368,4060,true
399,4060,true
370,4060,true
382,4060,true
385,4060,true
469,4060,true
334,4060,true
475,4060,true
338,4060,true
468,4060,true
341,4060,true
363,4060,true
261,4060,true
302,4060,true
309,4060,true
327,4060,true
506,4060,true
417,4060,true
509,4060,true
376,4060,true
425,4060,true
361,4060,true
306,4060,true
337,4060,true
450,4060,true
492,4060,true
277,4060,true
326,4060,true
442,4060,true
263,4060,true
505,4060,true
512,4060,true
441,4060,true
258,4060,true
526,4060,true
379,4060,true
439,4060,true
369,4060,true
419,4060,true
476,4060,true
372,4060,true
342,4060,true
432,4060,true
367,4060,true
259,4060,true
521,4060,true
336,4060,true
344,4060,true
511,4060,true
271,4060,true
510,4060,true
285,4060,true
519,4060,true
462,4060,true
345,4060,true
448,4060,true
418,4060,true
496,4060,true
461,4061,true
383,4061,true
407,4061,true
527,4061,true
400,4061,true
346,4061,true
471,4061,true
365,4061,true
447,4061,true
449,4061,true
416,4061,true
493,4061,true
452,4061,true
504,4061,true
12,4061,true
291,4061,true
350,4061,true
491,4061,true
303,4061,true
301,4061,true
315,4061,true
275,4061,true
434,4061,true
305,4061,true
66,4061,true
321,4061,true
378,4061,true
266,4061,true
502,4061,true
487,4061,true
282,4061,true
364,4061,true
393,4061,true
290,4061,true
299,4061,true
323,4061,true
414,4061,true
515,4061,true
501,4061,true
329,4061,true
446,4061,true
351,4061,true
260,4061,true
370,4061,true
343,4061,true
382,4061,true
456,4061,true
288,4061,true
385,4061,true
445,4061,true
459,4061,true
422,4061,true
334,4061,true
332,4061,true
475,4061,true
338,4061,true
318,4061,true
463,4061,true
261,4061,true
264,4061,true
327,4061,true
509,4061,true
355,4061,true
361,4061,true
331,4061,true
313,4061,true
306,4061,true
337,4061,true
492,4061,true
466,4061,true
269,4061,true
277,4061,true
326,4061,true
512,4061,true
429,4061,true
479,4061,true
274,4061,true
379,4061,true
403,4061,true
328,4061,true
428,4061,true
419,4061,true
457,4061,true
460,4061,true
342,4061,true
367,4061,true
444,4061,true
259,4061,true
371,4061,true
521,4061,true
336,4061,true
344,4061,true
511,4061,true
324,4061,true
316,4061,true
384,4061,true
427,4061,true
510,4061,true
410,4061,true
285,4061,true
465,4061,true
519,4061,true
307,4061,true
462,4061,true
345,4061,true
448,4061,true
458,4061,true
477,4061,true
524,4061,true
272,4061,true
484,4061,true
310,4061,true
340,4061,true
437,4061,true
467,4061,true
507,4061,true
451,4061,true
497,4061,true
420,4061,true
528,4061,true
508,4061,true
470,4061,true
300,4061,true
485,4061,true
514,4061,true
293,4061,true
243,4061,true
295,4061,true
503,4061,true
335,4061,true
374,4061,true
281,4061,true
135,4061,true
408,4061,true
352,4061,true
386,4061,true
265,4061,true
381,4061,true
473,4061,true
516,4061,true
368,4061,true
399,4061,true
435,4061,true
311,4061,true
469,4061,true
488,4061,true
453,4061,true
468,4061,true
341,4061,true
363,4061,true
302,4061,true
309,4061,true
506,4061,true
417,4061,true
314,4061,true
330,4061,true
376,4061,true
425,4061,true
394,4061,true
450,4061,true
438,4061,true
442,4061,true
263,4061,true
505,4061,true
441,4061,true
494,4061,true
258,4061,true
526,4061,true
478,4061,true
472,4061,true
401,4061,true
426,4061,true
439,4061,true
369,4061,true
388,4061,true
476,4061,true
372,4061,true
432,4061,true
474,4061,true
271,4061,true
312,4061,true
304,4061,true
308,4061,true
41,4061,true
464,4061,true
396,4061,true
418,4061,true
496,4061,true
363,4062,true
261,4062,true
484,4062,true
302,4062,true
407,4062,true
327,4062,true
527,4062,true
340,4062,true
467,4062,true
330,4062,true
497,4062,true
346,4062,true
376,4062,true
361,4062,true
447,4062,true
528,4062,true
337,4062,true
300,4062,true
485,4062,true
442,4062,true
243,4062,true
441,4062,true
258,4062,true
526,4062,true
335,4062,true
401,4062,true
301,4062,true
66,4062,true
378,4062,true
135,4062,true
408,4062,true
530,4062,true
259,4062,true
364,4062,true
521,4062,true
336,4062,true
381,4062,true
299,4062,true
316,4062,true
501,4062,true
446,4062,true
399,4062,true
260,4062,true
353,4062,true
382,4062,true
334,4062,true
338,4062,true
396,4062,true
318,4062,true
496,4062,true
399,4066,true
327,4066,true
277,4066,true
340,4066,true
385,4066,true
502,4066,true
505,4066,true
259,4066,true
334,4066,true
258,4066,true
336,4066,true
345,4066,true
337,4066,true
335,4066,true
426,4067,true
361,4067,true
399,4067,true
259,4067,true
301,4067,true
371,4067,true
394,4067,true
277,4067,true
427,4067,true
259,4068,true
361,4069,true
435,4069,true
259,4069,true
258,4069,true
336,4069,true
337,4069,true
335,4069,true
496,4069,true
426,4070,true
361,4070,true
259,4070,true
277,4070,true
400,4070,true
427,4070,true
341,4071,true
261,4071,true
407,4071,true
305,4071,true
327,4071,true
66,4071,true
378,4071,true
266,4071,true
408,4071,true
497,4071,true
376,4071,true
259,4071,true
447,4071,true
344,4071,true
492,4071,true
446,4071,true
399,4071,true
435,4071,true
385,4071,true
243,4071,true
453,4071,true
422,4071,true
334,4071,true
258,4071,true
345,4071,true
379,4071,true
448,4071,true
335,4071,true
491,4071,true
496,4071,true
342,4072,true
363,4072,true
365,4072,true
364,4072,true
510,4072,true
258,4072,true
336,4072,true
337,4072,true
285,4072,true
385,4072,true
341,4073,true
363,4073,true
407,4073,true
327,4073,true
506,4073,true
340,4073,true
509,4073,true
330,4073,true
507,4073,true
497,4073,true
376,4073,true
425,4073,true
361,4073,true
331,4073,true
447,4073,true
337,4073,true
492,4073,true
326,4073,true
442,4073,true
291,4073,true
263,4073,true
505,4073,true
243,4073,true
441,4073,true
258,4073,true
274,4073,true
379,4073,true
491,4073,true
303,4073,true
301,4073,true
305,4073,true
328,4073,true
66,4073,true
378,4073,true
266,4073,true
502,4073,true
342,4073,true
408,4073,true
424,4073,true
444,4073,true
364,4073,true
393,4073,true
521,4073,true
336,4073,true
381,4073,true
474,4073,true
299,4073,true
329,4073,true
446,4073,true
399,4073,true
435,4073,true
271,4073,true
382,4073,true
304,4073,true
307,4073,true
462,4073,true
453,4073,true
422,4073,true
334,4073,true
448,4073,true
496,4073,true
441,4075,true
258,4075,true
337,4075,true
442,4075,true
378,4075,true
341,4076,true
484,4076,true
435,4076,true
485,4076,true
442,4076,true
378,4076,true
497,4076,true
376,4076,true
243,4076,true
422,4076,true
441,4076,true
258,4076,true
324,4076,true
337,4076,true
379,4076,true
414,4076,true
496,4076,true
505,4077,true
258,4077,true
340,4077,true
337,4077,true
342,4078,true
363,4078,true
365,4078,true
364,4078,true
510,4078,true
258,4078,true
336,4078,true
337,4078,true
285,4078,true
385,4078,true
342,4080,true
341,4080,true
510,4080,true
258,4080,true
337,4080,true
342,4081,true
341,4081,true
510,4081,true
258,4081,true
337,4081,true
492,4082,true
508,4082,true
484,4082,true
510,4082,true
305,4082,true
66,4082,true
340,4082,true
304,4082,true
488,4082,true
364,4082,true
258,4082,true
503,4082,true
491,4082,true
363,4083,true
510,4083,true
327,4083,true
340,4083,true
285,4083,true
385,4083,true
502,4083,true
342,4083,true
505,4083,true
365,4083,true
364,4083,true
258,4083,true
306,4083,true
336,4083,true
337,4083,true
342,4084,true
341,4084,true
258,4084,true
327,4084,true
336,4084,true
337,4084,true
342,4085,true
341,4085,true
258,4085,true
337,4085,true
342,4086,true
341,4086,true
510,4086,true
258,4086,true
337,4086,true
342,4087,true
341,4087,true
399,4087,true
334,4087,true
258,4087,true
344,4087,true
337,4087,true
335,4087,true
341,4088,true
363,4088,true
510,4088,true
327,4088,true
340,4088,true
285,4088,true
385,4088,true
342,4088,true
505,4088,true
365,4088,true
364,4088,true
258,4088,true
306,4088,true
336,4088,true
337,4088,true
342,4089,true
341,4089,true
258,4089,true
337,4089,true
258,4094,true
336,4094,true
497,4095,true
376,4095,true
243,4095,true
422,4095,true
435,4095,true
258,4095,true
379,4095,true
414,4095,true
378,4095,true
496,4095,true
497,4096,true
376,4096,true
243,4096,true
422,4096,true
435,4096,true
258,4096,true
379,4096,true
378,4096,true
496,4096,true
363,4097,true
303,4097,true
301,4097,true
327,4097,true
328,4097,true
340,4097,true
378,4097,true
266,4097,true
502,4097,true
497,4097,true
376,4097,true
425,4097,true
361,4097,true
424,4097,true
444,4097,true
365,4097,true
364,4097,true
393,4097,true
521,4097,true
381,4097,true
299,4097,true
399,4097,true
435,4097,true
271,4097,true
382,4097,true
304,4097,true
285,4097,true
326,4097,true
291,4097,true
505,4097,true
462,4097,true
243,4097,true
422,4097,true
258,4097,true
274,4097,true
379,4097,true
496,4097,true
378,4098,true
497,4098,true
376,4098,true
425,4098,true
243,4098,true
361,4098,true
422,4098,true
424,4098,true
259,4098,true
393,4098,true
258,4098,true
336,4098,true
379,4098,true
243,4099,true
361,4099,true
258,4099,true
497,4100,true
376,4100,true
243,4100,true
361,4100,true
422,4100,true
435,4100,true
258,4100,true
277,4100,true
379,4100,true
414,4100,true
378,4100,true
259,4101,true
258,4101,true
337,4101,true
326,4101,true
425,4102,true
243,4102,true
361,4102,true
424,4102,true
302,4102,true
259,4102,true
258,4102,true
336,4102,true
337,4102,true
385,4102,true
342,4103,true
341,4103,true
258,4103,true
337,4103,true
258,4104,true
336,4104,true
340,4104,true
337,4104,true
507,4106,true
261,4106,true
506,4106,true
508,4107,true
507,4107,true
261,4107,true
506,4107,true
507,4112,true
512,4112,true
261,4112,true
506,4112,true
507,4114,true
261,4114,true
507,4115,true
508,4115,true
512,4115,true
261,4115,true
510,4115,true
504,4115,true
506,4115,true
361,4116,true
399,4116,true
334,4116,true
258,4116,true
338,4116,true
336,4116,true
344,4116,true
345,4116,true
335,4116,true
261,4117,true
334,4117,true
258,4117,true
336,4117,true
261,4118,true
346,4118,true
301,4118,true
300,4118,true
463,4118,true
261,4119,true
346,4119,true
444,4119,true
302,4119,true
300,4119,true
450,4119,true
342,4120,true
341,4120,true
258,4120,true
337,4120,true
261,4122,true
269,4122,true
302,4122,true
301,4122,true
312,4122,true
264,4122,true
300,4122,true
407,4122,true
506,4122,true
326,4122,true
314,4122,true
444,4122,true
282,4122,true
449,4122,true
263,4127,true
331,4127,true
328,4127,true
326,4127,true
329,4127,true
263,4128,true
331,4128,true
328,4128,true
326,4128,true
329,4128,true
491,4128,true
452,4129,true
328,4129,true
327,4129,true
326,4129,true
330,4129,true
266,4129,true
263,4129,true
331,4129,true
274,4129,true
329,4129,true
491,4129,true
496,4129,true
263,4131,true
331,4131,true
328,4131,true
326,4131,true
329,4131,true
491,4131,true
492,4132,true
493,4132,true
305,4132,true
328,4132,true
327,4132,true
66,4132,true
326,4132,true
291,4132,true
330,4132,true
266,4132,true
263,4132,true
453,4132,true
331,4132,true
274,4132,true
448,4132,true
329,4132,true
491,4132,true
269,4133,true
301,4133,true
264,4133,true
300,4133,true
309,4133,true
328,4133,true
321,4133,true
467,4133,true
326,4133,true
519,4133,true
263,4133,true
425,4133,true
444,4133,true
332,4133,true
449,4133,true
329,4133,true
491,4133,true
361,4135,true
259,4135,true
265,4135,true
277,4135,true
326,4136,true
326,4137,true
492,4138,true
493,4138,true
272,4138,true
446,4138,true
269,4138,true
452,4138,true
407,4138,true
275,4138,true
305,4138,true
327,4138,true
66,4138,true
410,4138,true
326,4138,true
288,4138,true
266,4138,true
451,4138,true
408,4138,true
453,4138,true
444,4138,true
494,4138,true
447,4138,true
290,4138,true
448,4138,true
363,4139,true
261,4139,true
484,4139,true
461,4139,true
407,4139,true
327,4139,true
417,4139,true
340,4139,true
376,4139,true
425,4139,true
471,4139,true
447,4139,true
306,4139,true
416,4139,true
450,4139,true
480,4139,true
470,4139,true
300,4139,true
485,4139,true
514,4139,true
442,4139,true
505,4139,true
243,4139,true
441,4139,true
379,4139,true
374,4139,true
321,4139,true
369,4139,true
419,4139,true
378,4139,true
476,4139,true
266,4139,true
372,4139,true
502,4139,true
408,4139,true
367,4139,true
424,4139,true
381,4139,true
515,4139,true
516,4139,true
446,4139,true
368,4139,true
399,4139,true
370,4139,true
382,4139,true
285,4139,true
385,4139,true
469,4139,true
519,4139,true
475,4139,true
468,4139,true
448,4139,true
418,4139,true
496,4139,true
266,4140,true
492,4140,true
493,4140,true
453,4140,true
305,4140,true
327,4140,true
66,4140,true
448,4140,true
266,4141,true
493,4141,true
453,4141,true
494,4141,true
452,4141,true
305,4141,true
327,4141,true
66,4141,true
448,4141,true
291,4141,true
496,4141,true
363,4142,true
261,4142,true
484,4142,true
461,4142,true
407,4142,true
327,4142,true
417,4142,true
340,4142,true
376,4142,true
425,4142,true
471,4142,true
447,4142,true
306,4142,true
416,4142,true
450,4142,true
480,4142,true
470,4142,true
300,4142,true
485,4142,true
514,4142,true
442,4142,true
505,4142,true
243,4142,true
441,4142,true
379,4142,true
374,4142,true
321,4142,true
369,4142,true
419,4142,true
378,4142,true
476,4142,true
266,4142,true
372,4142,true
502,4142,true
408,4142,true
367,4142,true
424,4142,true
381,4142,true
515,4142,true
516,4142,true
446,4142,true
368,4142,true
399,4142,true
370,4142,true
382,4142,true
285,4142,true
385,4142,true
469,4142,true
519,4142,true
475,4142,true
468,4142,true
448,4142,true
418,4142,true
496,4142,true
266,4143,true
492,4143,true
493,4143,true
453,4143,true
305,4143,true
327,4143,true
66,4143,true
448,4143,true
291,4143,true
496,4143,true
363,4144,true
434,4144,true
305,4144,true
328,4144,true
327,4144,true
66,4144,true
330,4144,true
378,4144,true
266,4144,true
376,4144,true
331,4144,true
365,4144,true
364,4144,true
521,4144,true
414,4144,true
329,4144,true
492,4144,true
493,4144,true
285,4144,true
326,4144,true
442,4144,true
263,4144,true
243,4144,true
453,4144,true
441,4144,true
274,4144,true
448,4144,true
491,4144,true
496,4144,true
266,4145,true
492,4145,true
493,4145,true
453,4145,true
305,4145,true
327,4145,true
66,4145,true
448,4145,true
266,4146,true
492,4146,true
493,4146,true
453,4146,true
305,4146,true
327,4146,true
66,4146,true
448,4146,true
266,4147,true
492,4147,true
493,4147,true
453,4147,true
305,4147,true
327,4147,true
66,4147,true
448,4147,true
266,4148,true
493,4148,true
453,4148,true
327,4148,true
66,4148,true
274,4148,true
448,4148,true
291,4148,true
496,4148,true
363,4150,true
343,4150,true
328,4150,true
327,4150,true
326,4150,true
263,4150,true
243,4150,true
259,4150,true
393,4150,true
379,4150,true
414,4150,true
329,4150,true
496,4150,true
263,4151,true
331,4151,true
328,4151,true
326,4151,true
329,4151,true
491,4151,true
363,4153,true
365,4153,true
441,4153,true
364,4153,true
285,4153,true
442,4153,true
378,4153,true
497,4154,true
376,4154,true
243,4154,true
337,4154,true
414,4154,true
435,4155,true
442,4155,true
378,4155,true
497,4155,true
376,4155,true
243,4155,true
422,4155,true
441,4155,true
323,4155,true
324,4155,true
379,4155,true
363,4156,true
403,4156,true
470,4156,true
456,4156,true
285,4156,true
442,4156,true
12,4156,true
378,4156,true
365,4156,true
441,4156,true
364,4156,true
464,4156,true
521,4156,true
496,4156,true
263,4157,true
403,4157,true
441,4157,true
301,4157,true
364,4157,true
66,4157,true
382,4157,true
442,4157,true
330,4157,true
378,4157,true
491,4157,true
441,4158,true
324,4158,true
442,4158,true
378,4158,true
441,4159,true
305,4159,true
66,4159,true
442,4159,true
378,4159,true
385,4159,true
491,4159,true
461,4160,true
327,4160,true
340,4160,true
314,4160,true
330,4160,true
376,4160,true
425,4160,true
471,4160,true
331,4160,true
447,4160,true
480,4160,true
492,4160,true
470,4160,true
504,4160,true
326,4160,true
442,4160,true
263,4160,true
505,4160,true
243,4160,true
441,4160,true
479,4160,true
379,4160,true
472,4160,true
491,4160,true
303,4160,true
305,4160,true
328,4160,true
378,4160,true
476,4160,true
502,4160,true
424,4160,true
444,4160,true
393,4160,true
521,4160,true
381,4160,true
299,4160,true
329,4160,true
446,4160,true
399,4160,true
271,4160,true
510,4160,true
382,4160,true
456,4160,true
469,4160,true
488,4160,true
459,4160,true
475,4160,true
468,4160,true
448,4160,true
463,4160,true
496,4160,true
363,4161,true
441,4161,true
364,4161,true
521,4161,true
285,4161,true
442,4161,true
378,4161,true
496,4161,true
497,4162,true
376,4162,true
243,4162,true
422,4162,true
435,4162,true
441,4162,true
323,4162,true
442,4162,true
378,4162,true
441,4163,true
323,4163,true
324,4163,true
442,4163,true
378,4163,true
363,4164,true
365,4164,true
441,4164,true
442,4164,true
378,4164,true
446,4165,true
376,4165,true
441,4165,true
407,4165,true
442,4165,true
378,4165,true
461,4168,true
328,4168,true
330,4168,true
378,4168,true
476,4168,true
376,4168,true
425,4168,true
424,4168,true
471,4168,true
331,4168,true
393,4168,true
521,4168,true
381,4168,true
329,4168,true
480,4168,true
470,4168,true
399,4168,true
504,4168,true
382,4168,true
456,4168,true
326,4168,true
442,4168,true
469,4168,true
263,4168,true
488,4168,true
243,4168,true
459,4168,true
441,4168,true
475,4168,true
468,4168,true
479,4168,true
379,4168,true
463,4168,true
472,4168,true
491,4168,true
496,4168,true
363,4170,true
484,4170,true
305,4170,true
328,4170,true
66,4170,true
330,4170,true
378,4170,true
266,4170,true
424,4170,true
331,4170,true
365,4170,true
259,4170,true
364,4170,true
393,4170,true
521,4170,true
414,4170,true
329,4170,true
493,4170,true
435,4170,true
343,4170,true
485,4170,true
326,4170,true
442,4170,true
263,4170,true
243,4170,true
422,4170,true
441,4170,true
494,4170,true
448,4170,true
491,4170,true
263,4171,true
305,4171,true
491,4171,true
484,4172,true
407,4172,true
305,4172,true
327,4172,true
66,4172,true
506,4172,true
378,4172,true
266,4172,true
507,4172,true
451,4172,true
408,4172,true
530,4172,true
447,4172,true
473,4172,true
501,4172,true
492,4172,true
466,4172,true
446,4172,true
300,4172,true
485,4172,true
442,4172,true
385,4172,true
263,4172,true
441,4172,true
503,4172,true
448,4172,true
477,4172,true
491,4172,true
492,4173,true
446,4173,true
407,4173,true
305,4173,true
327,4173,true
66,4173,true
506,4173,true
442,4173,true
314,4173,true
330,4173,true
378,4173,true
266,4173,true
507,4173,true
263,4173,true
451,4173,true
408,4173,true
453,4173,true
441,4173,true
447,4173,true
448,4173,true
491,4173,true
266,4174,true
263,4174,true
447,4174,true
385,4174,true
491,4174,true
492,4175,true
446,4175,true
407,4175,true
305,4175,true
327,4175,true
66,4175,true
506,4175,true
442,4175,true
314,4175,true
266,4175,true
507,4175,true
263,4175,true
447,4175,true
448,4175,true
329,4175,true
491,4175,true
462,4177,true
470,4177,true
475,4177,true
462,4179,true
304,4179,true
462,4181,true
301,4181,true
528,4181,true
304,4181,true
462,4182,true
459,4182,true
487,4182,true
470,4182,true
301,4182,true
475,4182,true
528,4182,true
474,4182,true
472,4182,true
466,4184,true
462,4184,true
441,4184,true
306,4184,true
473,4184,true
442,4184,true
477,4184,true
363,4185,true
374,4185,true
461,4185,true
407,4185,true
327,4185,true
340,4185,true
378,4185,true
476,4185,true
408,4185,true
367,4185,true
376,4185,true
425,4185,true
424,4185,true
471,4185,true
447,4185,true
306,4185,true
381,4185,true
450,4185,true
480,4185,true
516,4185,true
446,4185,true
470,4185,true
399,4185,true
370,4185,true
300,4185,true
382,4185,true
285,4185,true
442,4185,true
385,4185,true
469,4185,true
505,4185,true
243,4185,true
441,4185,true
475,4185,true
468,4185,true
379,4185,true
448,4185,true
462,4186,true
470,4186,true
301,4186,true
475,4186,true
304,4186,true
487,4187,true
470,4188,true
301,4188,true
461,4188,true
457,4188,true
476,4188,true
469,4188,true
459,4188,true
475,4188,true
468,4188,true
473,4188,true
463,4188,true
472,4188,true
477,4188,true
480,4188,true
470,4192,true
461,4192,true
476,4192,true
469,4192,true
462,4192,true
488,4192,true
459,4192,true
471,4192,true
475,4192,true
468,4192,true
479,4192,true
463,4192,true
472,4192,true
480,4192,true
446,4194,true
462,4194,true
466,4195,true
488,4195,true
475,4195,true
468,4195,true
462,4196,true
470,4196,true
475,4196,true
304,4196,true
426,4197,true
361,4197,true
399,4197,true
259,4197,true
277,4197,true
400,4197,true
427,4197,true
401,4199,true
363,4199,true
301,4199,true
328,4199,true
330,4199,true
378,4199,true
432,4199,true
497,4199,true
376,4199,true
331,4199,true
365,4199,true
259,4199,true
364,4199,true
521,4199,true
414,4199,true
329,4199,true
399,4199,true
435,4199,true
343,4199,true
326,4199,true
438,4199,true
442,4199,true
422,4199,true
441,4199,true
274,4199,true
379,4199,true
496,4199,true
266,4201,true
307,4201,true
327,4201,true
66,4201,true
274,4201,true
291,4201,true
496,4201,true
266,4202,true
269,4202,true
327,4202,true
290,4202,true
274,4202,true
291,4202,true
266,4203,true
263,4203,true
327,4203,true
448,4203,true
326,4203,true
329,4203,true
496,4203,true
303,4204,true
444,4204,true
399,4204,true
271,4204,true
306,4204,true
381,4204,true
382,4204,true
299,4204,true
385,4204,true
466,4205,true
272,4205,true
269,4205,true
435,4205,true
275,4205,true
288,4205,true
451,4205,true
243,4205,true
453,4205,true
422,4205,true
503,4205,true
290,4205,true
501,4205,true
272,4206,true
451,4207,true
272,4207,true
408,4207,true
444,4207,true
447,4207,true
410,4207,true
326,4207,true
314,4207,true
451,4208,true
272,4208,true
453,4208,true
269,4208,true
275,4208,true
447,4208,true
327,4208,true
290,4208,true
274,4208,true
288,4208,true
291,4208,true
496,4208,true
266,4209,true
492,4209,true
305,4209,true
66,4209,true
266,4210,true
492,4210,true
266,4211,true
492,4211,true
408,4211,true
453,4211,true
407,4211,true
305,4211,true
327,4211,true
66,4211,true
448,4211,true
335,4211,true
266,4212,true
492,4212,true
305,4212,true
266,4213,true
492,4213,true
263,4213,true
305,4213,true
66,4213,true
448,4213,true
329,4213,true
330,4213,true
491,4213,true
492,4214,true
446,4214,true
399,4214,true
407,4214,true
305,4214,true
327,4214,true
66,4214,true
385,4214,true
400,4214,true
266,4214,true
408,4214,true
453,4214,true
447,4214,true
344,4214,true
345,4214,true
448,4214,true
491,4214,true
266,4215,true
66,4215,true
448,4215,true
266,4216,true
492,4216,true
408,4216,true
446,4216,true
453,4216,true
407,4216,true
447,4216,true
305,4216,true
327,4216,true
66,4216,true
448,4216,true
462,4217,true
466,4218,true
473,4218,true
477,4218,true
466,4219,true
470,4219,true
315,4219,true
301,4219,true
304,4219,true
457,4219,true
12,4219,true
476,4219,true
462,4219,true
488,4219,true
459,4219,true
480,4219,true
401,4220,true
363,4220,true
343,4220,true
285,4220,true
378,4220,true
432,4220,true
376,4220,true
243,4220,true
422,4220,true
365,4220,true
274,4220,true
379,4220,true
414,4220,true
496,4220,true
363,4221,true
327,4221,true
66,4221,true
340,4221,true
314,4221,true
378,4221,true
502,4221,true
497,4221,true
376,4221,true
361,4221,true
365,4221,true
364,4221,true
371,4221,true
394,4221,true
521,4221,true
336,4221,true
337,4221,true
435,4221,true
277,4221,true
285,4221,true
291,4221,true
385,4221,true
505,4221,true
307,4221,true
243,4221,true
422,4221,true
274,4221,true
496,4221,true
492,4222,true
493,4222,true
452,4222,true
305,4222,true
327,4222,true
66,4222,true
291,4222,true
266,4222,true
453,4222,true
494,4222,true
274,4222,true
448,4222,true
496,4222,true
497,4223,true
243,4223,true
393,4223,true
327,4223,true
274,4223,true
414,4223,true
496,4223,true
451,4225,true
272,4225,true
269,4225,true
269,4226,true
451,4227,true
272,4227,true
269,4227,true
466,4228,true
459,4228,true
470,4228,true
475,4228,true
468,4228,true
473,4228,true
466,4230,true
459,4230,true
309,4230,true
472,4230,true
475,4231,true
459,4233,true
470,4233,true
475,4233,true
468,4233,true
476,4233,true
444,4234,true
399,4234,true
301,4234,true
381,4234,true
382,4234,true
299,4234,true
459,4235,true
471,4235,true
470,4235,true
475,4235,true
468,4235,true
472,4235,true
341,4236,true
363,4236,true
261,4236,true
484,4236,true
302,4236,true
383,4236,true
377,4236,true
506,4236,true
340,4236,true
437,4236,true
509,4236,true
330,4236,true
507,4236,true
451,4236,true
287,4236,true
346,4236,true
376,4236,true
355,4236,true
365,4236,true
447,4236,true
337,4236,true
416,4236,true
280,4236,true
508,4236,true
277,4236,true
405,4236,true
514,4236,true
326,4236,true
12,4236,true
505,4236,true
243,4236,true
441,4236,true
350,4236,true
295,4236,true
403,4236,true
409,4236,true
301,4236,true
66,4236,true
321,4236,true
354,4236,true
419,4236,true
378,4236,true
502,4236,true
342,4236,true
387,4236,true
352,4236,true
444,4236,true
259,4236,true
364,4236,true
393,4236,true
336,4236,true
381,4236,true
414,4236,true
516,4236,true
446,4236,true
399,4236,true
312,4236,true
353,4236,true
343,4236,true
382,4236,true
304,4236,true
385,4236,true
357,4236,true
445,4236,true
519,4236,true
307,4236,true
462,4236,true
422,4236,true
308,4236,true
334,4236,true
464,4236,true
338,4236,true
396,4236,true
345,4236,true
448,4236,true
418,4236,true
341,4241,true
363,4241,true
261,4241,true
484,4241,true
302,4241,true
383,4241,true
377,4241,true
506,4241,true
340,4241,true
437,4241,true
509,4241,true
330,4241,true
507,4241,true
451,4241,true
287,4241,true
346,4241,true
376,4241,true
355,4241,true
365,4241,true
447,4241,true
337,4241,true
416,4241,true
280,4241,true
508,4241,true
277,4241,true
405,4241,true
514,4241,true
326,4241,true
12,4241,true
505,4241,true
243,4241,true
441,4241,true
350,4241,true
295,4241,true
403,4241,true
409,4241,true
301,4241,true
66,4241,true
321,4241,true
354,4241,true
419,4241,true
378,4241,true
502,4241,true
342,4241,true
387,4241,true
352,4241,true
444,4241,true
259,4241,true
364,4241,true
393,4241,true
336,4241,true
381,4241,true
414,4241,true
516,4241,true
446,4241,true
399,4241,true
271,4241,true
312,4241,true
353,4241,true
343,4241,true
382,4241,true
304,4241,true
385,4241,true
357,4241,true
445,4241,true
519,4241,true
307,4241,true
462,4241,true
422,4241,true
308,4241,true
334,4241,true
464,4241,true
338,4241,true
396,4241,true
345,4241,true
448,4241,true
418,4241,true
342,4244,true
272,4244,true
317,4244,true
394,4244,true
383,4244,true
318,4244,true
336,4244,true
382,4244,true
326,4244,true
418,4244,true
462,4245,true
466,4247,true
446,4247,true
281,4247,true
407,4247,true
506,4247,true
314,4247,true
451,4247,true
408,4247,true
447,4247,true
473,4247,true
477,4247,true
491,4247,true
466,4249,true
462,4249,true
530,4249,true
300,4249,true
466,4250,true
446,4250,true
300,4250,true
407,4250,true
506,4250,true
385,4250,true
502,4250,true
451,4250,true
408,4250,true
447,4250,true
274,4250,true
477,4250,true
519,4251,true
243,4251,true
484,4251,true
355,4251,true
308,4251,true
271,4251,true
312,4251,true
301,4251,true
66,4251,true
382,4251,true
414,4251,true
266,4253,true
492,4253,true
266,4254,true
66,4254,true
263,4255,true
363,4255,true
365,4255,true
364,4255,true
326,4255,true
329,4255,true
491,4255,true
496,4255,true
327,4256,true
328,4256,true
274,4256,true
326,4256,true
329,4256,true
330,4256,true
491,4256,true
496,4256,true
364,4257,true
331,4259,true
328,4259,true
326,4259,true
329,4259,true
259,4265,true
261,4266,true
259,4266,true
334,4266,true
340,4266,true
259,4267,true
371,4267,true
394,4267,true
336,4267,true
277,4267,true
368,4268,true
259,4268,true
301,4268,true
401,4269,true
363,4269,true
432,4269,true
243,4269,true
422,4269,true
259,4269,true
343,4269,true
521,4269,true
414,4269,true
496,4269,true
361,4270,true
277,4270,true
361,4274,true
277,4274,true
376,4275,true
425,4275,true
243,4275,true
361,4275,true
424,4275,true
277,4275,true
432,4276,true
376,4276,true
243,4276,true
361,4276,true
422,4276,true
441,4276,true
277,4276,true
414,4276,true
442,4276,true
378,4276,true
426,4277,true
243,4277,true
277,4277,true
414,4277,true
266,4280,true
66,4280,true
448,4280,true
326,4280,true
329,4280,true
266,4281,true
493,4281,true
66,4281,true
448,4281,true
363,4282,true
285,4282,true
401,4283,true
363,4283,true
435,4283,true
364,4283,true
393,4283,true
285,4283,true
363,4286,true
365,4286,true
364,4286,true
285,4286,true
496,4286,true
363,4287,true
441,4287,true
364,4287,true
285,4287,true
442,4287,true
378,4287,true
401,4288,true
363,4288,true
414,4288,true
285,4288,true
442,4288,true
496,4288,true
363,4290,true
484,4290,true
364,4290,true
510,4290,true
485,4290,true
285,4290,true
496,4290,true
363,4292,true
310,4292,true
308,4292,true
301,4292,true
285,4292,true
502,4293,true
342,4293,true
505,4293,true
363,4293,true
510,4293,true
306,4293,true
327,4293,true
340,4293,true
337,4293,true
285,4293,true
363,4295,true
310,4295,true
308,4295,true
365,4295,true
364,4295,true
327,4295,true
285,4295,true
496,4295,true
363,4296,true
365,4296,true
364,4296,true
521,4296,true
285,4296,true
496,4296,true
363,4297,true
365,4297,true
364,4297,true
285,4297,true
496,4297,true
363,4298,true
365,4298,true
364,4298,true
521,4298,true
285,4298,true
496,4298,true
363,4299,true
285,4299,true
363,4302,true
365,4302,true
441,4302,true
364,4302,true
285,4302,true
442,4302,true
496,4302,true
363,4304,true
285,4304,true
496,4304,true
261,4309,true
300,4309,true
524,4310,true
341,4310,true
261,4310,true
368,4310,true
370,4310,true
327,4310,true
514,4310,true
372,4310,true
505,4310,true
367,4310,true
337,4310,true
450,4310,true
335,4310,true
516,4310,true
508,4311,true
502,4311,true
505,4311,true
261,4311,true
510,4311,true
504,4311,true
508,4312,true
261,4312,true
463,4312,true
477,4312,true
502,4313,true
505,4313,true
307,4313,true
327,4313,true
340,4313,true
509,4313,true
291,4313,true
496,4313,true
266,4315,true
502,4315,true
505,4315,true
307,4315,true
327,4315,true
340,4315,true
509,4315,true
291,4315,true
496,4315,true
266,4316,true
502,4316,true
505,4316,true
307,4316,true
327,4316,true
340,4316,true
509,4316,true
291,4316,true
266,4317,true
502,4317,true
505,4317,true
307,4317,true
327,4317,true
340,4317,true
509,4317,true
291,4317,true
496,4317,true
502,4318,true
505,4318,true
307,4318,true
327,4318,true
340,4318,true
405,4318,true
509,4318,true
291,4318,true
496,4318,true
401,4320,true
363,4320,true
301,4320,true
327,4320,true
66,4320,true
330,4320,true
378,4320,true
266,4320,true
342,4320,true
432,4320,true
376,4320,true
424,4320,true
365,4320,true
259,4320,true
364,4320,true
393,4320,true
521,4320,true
414,4320,true
329,4320,true
493,4320,true
399,4320,true
435,4320,true
343,4320,true
291,4320,true
307,4320,true
243,4320,true
422,4320,true
441,4320,true
334,4320,true
379,4320,true
448,4320,true
496,4320,true
328,4321,true
327,4321,true
66,4321,true
321,4321,true
291,4321,true
330,4321,true
266,4321,true
342,4321,true
451,4321,true
307,4321,true
243,4321,true
453,4321,true
393,4321,true
503,4321,true
299,4321,true
448,4321,true
496,4321,true
448,4330,true
466,4333,true
492,4340,true
445,4343,true
293,4343,true
445,4344,true
293,4344,true
445,4345,true
293,4345,true
445,4346,true
293,4346,true
445,4347,true
293,4347,true
445,4348,true
293,4348,true
445,4349,true
293,4349,true
445,4350,true
293,4350,true
445,4351,true
293,4351,true
462,4354,true
307,4357,true
327,4357,true
340,4357,true
291,4357,true
327,4358,true
340,4358,true
291,4358,true
327,4360,true
291,4360,true
266,4361,true
502,4361,true
505,4361,true
307,4361,true
327,4361,true
340,4361,true
509,4361,true
291,4361,true
496,4361,true
426,4365,true
363,4365,true
303,4365,true
383,4365,true
327,4365,true
66,4365,true
321,4365,true
266,4365,true
342,4365,true
432,4365,true
444,4365,true
412,4365,true
364,4365,true
394,4365,true
447,4365,true
521,4365,true
449,4365,true
336,4365,true
337,4365,true
414,4365,true
450,4365,true
384,4365,true
427,4365,true
446,4365,true
368,4365,true
399,4365,true
452,4365,true
12,4365,true
291,4365,true
385,4365,true
357,4365,true
445,4365,true
307,4365,true
494,4365,true
334,4365,true
464,4365,true
396,4365,true
345,4365,true
418,4365,true
491,4365,true
496,4365,true
426,4366,true
363,4366,true
303,4366,true
383,4366,true
327,4366,true
66,4366,true
321,4366,true
266,4366,true
342,4366,true
432,4366,true
444,4366,true
412,4366,true
364,4366,true
394,4366,true
447,4366,true
521,4366,true
449,4366,true
336,4366,true
337,4366,true
414,4366,true
450,4366,true
384,4366,true
427,4366,true
446,4366,true
368,4366,true
399,4366,true
452,4366,true
12,4366,true
291,4366,true
385,4366,true
357,4366,true
445,4366,true
307,4366,true
494,4366,true
334,4366,true
464,4366,true
396,4366,true
345,4366,true
418,4366,true
491,4366,true
496,4366,true
426,4367,true
363,4367,true
303,4367,true
383,4367,true
327,4367,true
66,4367,true
321,4367,true
266,4367,true
342,4367,true
432,4367,true
444,4367,true
412,4367,true
364,4367,true
394,4367,true
447,4367,true
521,4367,true
449,4367,true
336,4367,true
337,4367,true
414,4367,true
450,4367,true
384,4367,true
427,4367,true
446,4367,true
368,4367,true
399,4367,true
452,4367,true
12,4367,true
291,4367,true
385,4367,true
357,4367,true
445,4367,true
307,4367,true
494,4367,true
334,4367,true
464,4367,true
396,4367,true
345,4367,true
418,4367,true
491,4367,true
496,4367,true
528,4370,true
266,4371,true
453,4371,true
494,4371,true
452,4371,true
327,4371,true
66,4371,true
448,4371,true
263,4372,true
326,4372,true
330,4372,true
329,4372,true
266,4373,true
493,4373,true
327,4373,true
66,4373,true
448,4373,true
266,4374,true
502,4374,true
505,4374,true
307,4374,true
327,4374,true
340,4374,true
509,4374,true
291,4374,true
266,4375,true
493,4376,true
66,4376,true
448,4376,true
291,4376,true
272,4377,true
310,4377,true
444,4377,true
308,4377,true
301,4377,true
275,4377,true
327,4377,true
496,4377,true
508,4379,true
261,4379,true
510,4379,true
504,4379,true
261,4380,true
334,4380,true
508,4381,true
512,4381,true
261,4381,true
510,4381,true
504,4381,true
502,4384,true
505,4384,true
307,4384,true
327,4384,true
340,4384,true
509,4384,true
291,4384,true
269,4388,true
302,4388,true
282,4388,true
428,4388,true
269,4389,true
282,4389,true
315,4389,true
450,4389,true
376,4390,true
425,4390,true
243,4390,true
361,4390,true
422,4390,true
424,4390,true
259,4390,true
334,4390,true
393,4390,true
336,4390,true
379,4390,true
378,4390,true
401,4393,true
341,4393,true
363,4393,true
399,4393,true
343,4393,true
327,4393,true
291,4393,true
330,4393,true
342,4393,true
307,4393,true
497,4393,true
243,4393,true
424,4393,true
365,4393,true
364,4393,true
393,4393,true
394,4393,true
379,4393,true
414,4393,true
496,4393,true
466,4394,true
135,4400,true
439,4400,true
386,4400,true
399,4400,true
301,4400,true
383,4400,true
275,4400,true
327,4400,true
438,4400,true
384,4400,true
135,4401,true
439,4401,true
386,4401,true
399,4401,true
301,4401,true
383,4401,true
275,4401,true
327,4401,true
438,4401,true
384,4401,true
469,4402,true
470,4402,true
468,4402,true
456,4402,true
473,4402,true
476,4402,true
477,4402,true
480,4402,true
470,4403,true
456,4403,true
469,4405,true
470,4405,true
468,4405,true
456,4405,true
476,4405,true
470,4406,true
468,4406,true
476,4406,true
480,4407,true
363,4410,true
374,4410,true
461,4410,true
327,4410,true
378,4410,true
476,4410,true
408,4410,true
367,4410,true
376,4410,true
425,4410,true
424,4410,true
306,4410,true
450,4410,true
480,4410,true
446,4410,true
470,4410,true
370,4410,true
300,4410,true
382,4410,true
442,4410,true
385,4410,true
469,4410,true
243,4410,true
441,4410,true
475,4410,true
379,4410,true
448,4410,true
488,4413,true
526,4413,true
472,4413,true
480,4413,true
480,4417,true
469,4418,true
470,4418,true
468,4418,true
480,4418,true
484,4422,true
485,4422,true
299,4422,true
378,4422,true
484,4424,true
299,4424,true
303,4425,true
444,4425,true
399,4425,true
381,4425,true
382,4425,true
299,4425,true
385,4425,true
303,4426,true
484,4426,true
407,4426,true
305,4426,true
66,4426,true
451,4426,true
408,4426,true
444,4426,true
313,4426,true
447,4426,true
521,4426,true
306,4426,true
449,4426,true
381,4426,true
299,4426,true
501,4426,true
384,4426,true
492,4426,true
493,4426,true
446,4426,true
452,4426,true
300,4426,true
343,4426,true
307,4426,true
396,4426,true
318,4426,true
503,4426,true
448,4426,true
491,4426,true
303,4428,true
484,4428,true
407,4428,true
305,4428,true
66,4428,true
451,4428,true
408,4428,true
444,4428,true
313,4428,true
447,4428,true
521,4428,true
306,4428,true
449,4428,true
381,4428,true
299,4428,true
501,4428,true
384,4428,true
492,4428,true
493,4428,true
446,4428,true
452,4428,true
300,4428,true
343,4428,true
307,4428,true
396,4428,true
318,4428,true
503,4428,true
448,4428,true
491,4428,true
299,4429,true
303,4430,true
407,4430,true
305,4430,true
66,4430,true
340,4430,true
451,4430,true
408,4430,true
444,4430,true
313,4430,true
447,4430,true
306,4430,true
381,4430,true
299,4430,true
501,4430,true
384,4430,true
492,4430,true
493,4430,true
446,4430,true
343,4430,true
382,4430,true
445,4430,true
307,4430,true
396,4430,true
503,4430,true
448,4430,true
491,4430,true
303,4431,true
444,4431,true
399,4431,true
381,4431,true
382,4431,true
299,4431,true
385,4431,true
303,4432,true
444,4432,true
399,4432,true
381,4432,true
382,4432,true
299,4432,true
385,4432,true
303,4433,true
399,4433,true
381,4433,true
382,4433,true
385,4433,true
492,4434,true
446,4434,true
453,4434,true
334,4434,true
305,4434,true
66,4434,true
448,4434,true
343,4435,true
306,4435,true
306,4436,true
306,4437,true
306,4438,true
303,4440,true
306,4440,true
381,4440,true
306,4441,true
307,4445,true
307,4446,true
340,4446,true
307,4449,true
405,4449,true
403,4450,true
303,4450,true
484,4450,true
310,4450,true
383,4450,true
407,4450,true
327,4450,true
328,4450,true
66,4450,true
321,4450,true
419,4450,true
507,4450,true
408,4450,true
352,4450,true
367,4450,true
425,4450,true
424,4450,true
444,4450,true
364,4450,true
306,4450,true
416,4450,true
515,4450,true
384,4450,true
493,4450,true
446,4450,true
368,4450,true
399,4450,true
382,4450,true
12,4450,true
445,4450,true
519,4450,true
307,4450,true
243,4450,true
464,4450,true
396,4450,true
448,4450,true
463,4450,true
418,4450,true
496,4450,true
299,4451,true
299,4452,true
512,4454,true
299,4454,true
300,4455,true
300,4457,true
300,4458,true
466,4459,true
309,4459,true
475,4459,true
472,4459,true
310,4460,true
308,4460,true
301,4460,true
310,4461,true
308,4461,true
301,4461,true
310,4462,true
308,4462,true
301,4462,true
303,4463,true
306,4463,true
381,4463,true
301,4465,true
396,4465,true
316,4465,true
306,4466,true
299,4466,true
403,4467,true
313,4467,true
12,4467,true
403,4468,true
313,4468,true
428,4468,true
12,4468,true
451,4469,true
403,4469,true
313,4469,true
428,4469,true
437,4469,true
438,4469,true
12,4469,true
403,4470,true
313,4470,true
12,4470,true
399,4471,true
301,4471,true
371,4471,true
394,4471,true
399,4472,true
301,4472,true
371,4472,true
394,4472,true
399,4473,true
301,4473,true
371,4473,true
394,4473,true
399,4475,true
301,4475,true
371,4475,true
394,4475,true
399,4476,true
301,4476,true
394,4476,true
363,4477,true
310,4477,true
301,4477,true
484,4478,true
444,4478,true
441,4478,true
312,4478,true
449,4478,true
442,4478,true
314,4478,true
378,4478,true
507,4479,true
504,4479,true
506,4479,true
314,4479,true
408,4480,true
446,4480,true
447,4480,true
327,4480,true
12,4480,true
314,4480,true
496,4480,true
310,4481,true
308,4481,true
310,4482,true
507,4483,true
506,4483,true
326,4483,true
314,4483,true
329,4483,true
303,4484,true
451,4486,true
403,4486,true
313,4486,true
12,4486,true
403,4487,true
313,4487,true
12,4487,true
401,4488,true
426,4488,true
439,4488,true
399,4488,true
301,4488,true
383,4488,true
343,4488,true
327,4488,true
438,4488,true
388,4488,true
135,4488,true
386,4488,true
384,4488,true
306,4489,true
306,4490,true
306,4492,true
306,4494,true
396,4495,true
316,4495,true
307,4497,true
446,4497,true
399,4497,true
407,4497,true
434,4497,true
327,4497,true
344,4497,true
306,4498,true
327,4498,true
492,4501,true
401,4501,true
439,4501,true
493,4501,true
399,4501,true
383,4501,true
343,4501,true
305,4501,true
327,4501,true
66,4501,true
135,4501,true
386,4501,true
384,4501,true
301,4502,true
394,4502,true
414,4502,true
507,4503,true
302,4503,true
506,4503,true
355,4506,true
308,4506,true
519,4508,true
243,4508,true
484,4508,true
308,4508,true
312,4508,true
301,4508,true
66,4508,true
382,4508,true
414,4508,true
308,4509,true
301,4509,true
382,4509,true
519,4510,true
243,4510,true
484,4510,true
355,4510,true
308,4510,true
312,4510,true
301,4510,true
66,4510,true
382,4510,true
414,4510,true
519,4511,true
243,4511,true
484,4511,true
308,4511,true
382,4511,true
243,4512,true
484,4512,true
308,4512,true
66,4512,true
382,4512,true
414,4512,true
519,4514,true
312,4514,true
312,4515,true
414,4515,true
312,4516,true
301,4516,true
399,4517,true
299,4517,true
416,4517,true
459,4518,true
301,4518,true
459,4519,true
301,4519,true
457,4519,true
303,4522,true
306,4522,true
328,4522,true
381,4522,true
502,4523,true
505,4523,true
307,4523,true
327,4523,true
340,4523,true
509,4523,true
462,4525,true
405,4525,true
304,4525,true
310,4526,true
502,4527,true
505,4527,true
307,4527,true
341,4528,true
363,4528,true
306,4528,true
327,4528,true
340,4528,true
307,4529,true
363,4529,true
432,4529,true
243,4529,true
414,4529,true
439,4530,true
399,4530,true
301,4530,true
383,4530,true
327,4530,true
384,4530,true
135,4532,true
401,4532,true
439,4532,true
386,4532,true
399,4532,true
301,4532,true
383,4532,true
327,4532,true
438,4532,true
384,4532,true
307,4533,true
321,4533,true
306,4534,true
306,4535,true
381,4535,true
306,4536,true
381,4536,true
446,4537,true
484,4537,true
301,4537,true
321,4537,true
382,4537,true
419,4537,true
324,4537,true
457,4537,true
385,4537,true
516,4537,true
399,4538,true
299,4538,true
399,4540,true
321,4540,true
399,4541,true
441,4541,true
321,4541,true
442,4541,true
378,4541,true
496,4541,true
426,4542,true
399,4542,true
321,4542,true
344,4542,true
345,4542,true
437,4542,true
438,4542,true
400,4542,true
427,4542,true
399,4543,true
321,4543,true
343,4544,true
321,4544,true
321,4545,true
323,4546,true
323,4547,true
323,4548,true
323,4549,true
324,4549,true
323,4550,true
323,4551,true
323,4553,true
323,4554,true
324,4554,true
323,4555,true
324,4555,true
417,4557,true
419,4557,true
323,4557,true
324,4557,true
416,4557,true
323,4558,true
324,4558,true
497,4559,true
376,4559,true
422,4559,true
435,4559,true
441,4559,true
323,4559,true
442,4559,true
378,4559,true
323,4560,true
323,4562,true
323,4563,true
323,4564,true
323,4565,true
497,4566,true
376,4566,true
422,4566,true
435,4566,true
441,4566,true
323,4566,true
442,4566,true
378,4566,true
324,4568,true
324,4569,true
324,4570,true
324,4571,true
324,4572,true
324,4573,true
324,4574,true
324,4575,true
324,4576,true
324,4577,true
432,4578,true
323,4578,true
414,4578,true
324,4579,true
324,4581,true
324,4582,true
414,4582,true
376,4585,true
323,4585,true
378,4585,true
326,4587,true
329,4587,true
243,4588,true
414,4588,true
326,4588,true
329,4588,true
491,4588,true
496,4588,true
331,4589,true
364,4589,true
379,4589,true
414,4589,true
326,4589,true
329,4589,true
330,4589,true
496,4589,true
326,4590,true
329,4590,true
330,4590,true
491,4590,true
363,4591,true
393,4591,true
328,4591,true
379,4591,true
414,4591,true
448,4591,true
326,4591,true
329,4591,true
496,4591,true
326,4592,true
326,4593,true
329,4593,true
330,4593,true
491,4593,true
364,4595,true
393,4595,true
326,4595,true
491,4595,true
327,4597,true
328,4599,true
327,4599,true
496,4599,true
326,4600,true
329,4600,true
330,4600,true
496,4600,true
363,4601,true
376,4601,true
243,4601,true
422,4601,true
441,4601,true
393,4601,true
66,4601,true
379,4601,true
442,4601,true
329,4601,true
378,4601,true
492,4602,true
453,4602,true
66,4602,true
448,4602,true
326,4602,true
329,4602,true
326,4603,true
329,4603,true
329,4604,true
330,4604,true
452,4605,true
327,4605,true
327,4606,true
496,4606,true
326,4607,true
329,4607,true
407,4609,true
382,4609,true
326,4609,true
342,4611,true
432,4611,true
243,4611,true
365,4611,true
399,4611,true
364,4611,true
521,4611,true
336,4611,true
337,4611,true
414,4611,true
329,4611,true
496,4611,true
414,4613,true
326,4613,true
494,4615,true
452,4615,true
327,4615,true
494,4616,true
452,4616,true
327,4616,true
494,4617,true
452,4617,true
327,4617,true
326,4619,true
329,4619,true
330,4621,true
330,4622,true
326,4625,true
329,4625,true
326,4626,true
329,4626,true
66,4627,true
326,4627,true
329,4627,true
343,4629,true
434,4629,true
329,4629,true
494,4635,true
452,4635,true
327,4635,true
326,4635,true
491,4635,true
393,4636,true
327,4636,true
379,4636,true
326,4636,true
491,4636,true
135,4640,true
399,4640,true
327,4640,true
438,4640,true
363,4641,true
364,4641,true
327,4641,true
414,4641,true
327,4642,true
496,4642,true
327,4645,true
399,4652,true
334,4652,true
344,4652,true
335,4652,true
496,4652,true
341,4653,true
399,4653,true
334,4653,true
336,4653,true
344,4653,true
345,4653,true
340,4653,true
335,4653,true
385,4653,true
400,4653,true
334,4654,true
336,4654,true
337,4654,true
336,4656,true
337,4656,true
336,4657,true
337,4657,true
341,4658,true
334,4658,true
336,4658,true
335,4658,true
361,4660,true
335,4660,true
364,4661,true
335,4661,true
334,4662,true
336,4662,true
335,4662,true
334,4664,true
335,4664,true
334,4665,true
335,4665,true
519,4667,true
426,4667,true
399,4667,true
338,4667,true
321,4667,true
400,4667,true
427,4667,true
502,4668,true
505,4668,true
364,4668,true
340,4668,true
243,4669,true
334,4669,true
336,4669,true
414,4669,true
243,4670,true
336,4670,true
337,4670,true
338,4671,true
336,4671,true
337,4671,true
338,4673,true
135,4675,true
399,4675,true
384,4675,true
334,4676,true
341,4677,true
337,4677,true
342,4678,true
337,4678,true
342,4681,true
341,4681,true
337,4681,true
342,4682,true
341,4682,true
399,4682,true
337,4682,true
342,4684,true
337,4684,true
337,4685,true
426,4686,true
403,4686,true
368,4686,true
374,4686,true
399,4686,true
407,4686,true
382,4686,true
385,4686,true
342,4686,true
408,4686,true
432,4686,true
243,4686,true
361,4686,true
334,4686,true
336,4686,true
344,4686,true
345,4686,true
337,4686,true
426,4687,true
403,4687,true
368,4687,true
374,4687,true
399,4687,true
407,4687,true
382,4687,true
385,4687,true
342,4687,true
408,4687,true
432,4687,true
243,4687,true
361,4687,true
334,4687,true
336,4687,true
344,4687,true
345,4687,true
492,4689,true
426,4689,true
446,4689,true
321,4689,true
437,4689,true
400,4689,true
519,4689,true
342,4689,true
432,4689,true
243,4689,true
447,4689,true
337,4689,true
414,4689,true
448,4689,true
515,4689,true
516,4689,true
524,4690,true
342,4690,true
363,4690,true
367,4690,true
368,4690,true
370,4690,true
321,4690,true
382,4690,true
337,4690,true
514,4690,true
516,4690,true
342,4691,true
336,4692,true
432,4693,true
376,4693,true
243,4693,true
422,4693,true
399,4693,true
345,4693,true
414,4693,true
378,4693,true
399,4694,true
345,4694,true
507,4696,true
343,4696,true
401,4697,true
363,4697,true
399,4697,true
343,4697,true
442,4697,true
378,4697,true
432,4697,true
376,4697,true
243,4697,true
422,4697,true
441,4697,true
393,4697,true
394,4697,true
379,4697,true
414,4697,true
515,4697,true
343,4699,true
343,4700,true
343,4701,true
408,4705,true
446,4705,true
407,4705,true
343,4705,true
446,4707,true
407,4707,true
343,4707,true
361,4708,true
336,4708,true
363,4709,true
393,4709,true
343,4709,true
414,4709,true
496,4709,true
135,4711,true
386,4711,true
383,4711,true
438,4711,true
384,4711,true
399,4713,true
344,4713,true
345,4713,true
341,4717,true
385,4717,true
401,4718,true
426,4718,true
439,4718,true
399,4718,true
383,4718,true
343,4718,true
388,4718,true
401,4719,true
426,4719,true
439,4719,true
399,4719,true
383,4719,true
343,4719,true
388,4719,true
484,4720,true
337,4720,true
337,4721,true
414,4721,true
343,4722,true
414,4722,true
351,4723,true
352,4723,true
355,4723,true
349,4723,true
353,4723,true
350,4723,true
354,4723,true
359,4723,true
352,4724,true
355,4724,true
349,4724,true
353,4724,true
350,4724,true
351,4725,true
352,4725,true
355,4725,true
349,4725,true
353,4725,true
350,4725,true
354,4725,true
359,4725,true
351,4727,true
352,4727,true
355,4727,true
349,4727,true
353,4727,true
350,4727,true
359,4727,true
352,4728,true
355,4728,true
349,4728,true
353,4728,true
350,4728,true
354,4728,true
359,4728,true
357,4729,true
444,4729,true
356,4729,true
353,4729,true
354,4729,true
353,4730,true
353,4731,true
349,4731,true
357,4732,true
444,4732,true
356,4732,true
353,4732,true
354,4732,true
353,4733,true
351,4734,true
355,4734,true
349,4734,true
350,4734,true
354,4734,true
439,4735,true
446,4735,true
356,4735,true
399,4735,true
353,4735,true
407,4735,true
442,4735,true
378,4735,true
408,4735,true
453,4735,true
441,4735,true
447,4735,true
515,4735,true
516,4735,true
444,4736,true
356,4736,true
353,4736,true
354,4736,true
357,4737,true
444,4737,true
356,4737,true
353,4737,true
354,4737,true
355,4740,true
243,4744,true
361,4744,true
363,4747,true
365,4747,true
364,4747,true
363,4748,true
365,4748,true
364,4748,true
496,4748,true
363,4750,true
363,4751,true
364,4751,true
363,4752,true
365,4752,true
363,4753,true
365,4753,true
363,4755,true
365,4755,true
519,4758,true
363,4758,true
424,4758,true
441,4758,true
364,4758,true
393,4758,true
396,4758,true
321,4758,true
414,4758,true
442,4758,true
378,4758,true
363,4759,true
363,4760,true
376,4760,true
243,4760,true
399,4760,true
441,4760,true
370,4760,true
381,4760,true
442,4760,true
378,4760,true
385,4760,true
363,4761,true
441,4761,true
442,4761,true
363,4762,true
484,4762,true
365,4762,true
364,4762,true
521,4762,true
485,4762,true
503,4762,true
501,4762,true
378,4762,true
496,4762,true
364,4763,true
364,4764,true
364,4766,true
364,4768,true
437,4768,true
364,4770,true
363,4772,true
364,4772,true
363,4773,true
401,4774,true
363,4774,true
414,4774,true
401,4778,true
363,4778,true
422,4778,true
441,4778,true
414,4778,true
442,4778,true
378,4778,true
363,4780,true
414,4780,true
367,4784,true
368,4784,true
370,4784,true
321,4784,true
514,4784,true
516,4784,true
372,4785,true
367,4785,true
368,4785,true
370,4785,true
514,4785,true
515,4785,true
516,4785,true
372,4786,true
524,4786,true
367,4786,true
368,4786,true
374,4786,true
370,4786,true
514,4786,true
515,4786,true
516,4786,true
372,4787,true
367,4787,true
368,4787,true
370,4787,true
417,4787,true
321,4787,true
416,4787,true
514,4787,true
418,4787,true
516,4787,true
368,4788,true
514,4788,true
516,4788,true
368,4789,true
370,4789,true
417,4789,true
321,4789,true
419,4789,true
514,4789,true
372,4789,true
367,4789,true
420,4789,true
416,4789,true
515,4789,true
418,4789,true
516,4789,true
524,4791,true
426,4791,true
368,4791,true
417,4791,true
321,4791,true
419,4791,true
514,4791,true
442,4791,true
378,4791,true
420,4791,true
441,4791,true
416,4791,true
515,4791,true
418,4791,true
516,4791,true
524,4792,true
368,4792,true
515,4792,true
514,4792,true
516,4792,true
524,4794,true
368,4794,true
370,4794,true
514,4794,true
515,4794,true
516,4794,true
372,4796,true
524,4796,true
368,4796,true
367,4796,true
370,4796,true
515,4796,true
514,4796,true
516,4796,true
368,4799,true
514,4799,true
516,4799,true
372,4800,true
368,4800,true
367,4800,true
370,4800,true
372,4801,true
368,4801,true
367,4801,true
370,4801,true
372,4802,true
368,4802,true
370,4802,true
372,4803,true
367,4803,true
368,4803,true
370,4803,true
372,4804,true
426,4804,true
367,4804,true
368,4804,true
374,4804,true
370,4804,true
516,4804,true
372,4805,true
367,4805,true
368,4805,true
370,4805,true
372,4806,true
524,4806,true
367,4806,true
368,4806,true
370,4806,true
514,4806,true
516,4806,true
369,4807,true
369,4808,true
414,4808,true
369,4809,true
519,4810,true
369,4810,true
369,4811,true
484,4812,true
485,4812,true
369,4812,true
378,4812,true
372,4815,true
524,4815,true
368,4815,true
367,4815,true
370,4815,true
514,4815,true
515,4815,true
516,4815,true
524,4817,true
368,4817,true
515,4817,true
514,4817,true
516,4817,true
367,4820,true
368,4820,true
372,4822,true
368,4825,true
427,4825,true
426,4827,true
368,4827,true
414,4827,true
376,4828,true
243,4828,true
441,4828,true
370,4828,true
442,4828,true
378,4828,true
374,4833,true
447,4833,true
374,4835,true
374,4838,true
447,4838,true
374,4841,true
374,4842,true
376,4842,true
243,4842,true
376,4847,true
243,4847,true
422,4847,true
441,4847,true
377,4847,true
378,4847,true
376,4848,true
243,4848,true
422,4848,true
441,4848,true
377,4848,true
378,4848,true
376,4850,true
243,4850,true
422,4850,true
434,4850,true
521,4850,true
379,4850,true
378,4850,true
496,4850,true
376,4851,true
422,4851,true
414,4851,true
378,4851,true
435,4853,true
437,4853,true
438,4853,true
442,4853,true
378,4853,true
432,4853,true
497,4853,true
376,4853,true
243,4853,true
422,4853,true
379,4853,true
414,4853,true
496,4853,true
432,4854,true
376,4854,true
243,4854,true
422,4854,true
414,4854,true
378,4854,true
432,4855,true
497,4855,true
376,4855,true
243,4855,true
422,4855,true
435,4855,true
379,4855,true
414,4855,true
378,4855,true
432,4856,true
376,4856,true
243,4856,true
422,4856,true
414,4856,true
376,4857,true
243,4857,true
379,4857,true
414,4857,true
378,4857,true
497,4859,true
376,4859,true
243,4859,true
422,4859,true
435,4859,true
379,4859,true
378,4859,true
496,4859,true
432,4860,true
376,4860,true
243,4860,true
422,4860,true
441,4860,true
434,4860,true
414,4860,true
442,4860,true
378,4860,true
376,4862,true
243,4862,true
424,4862,true
393,4862,true
399,4863,true
435,4863,true
417,4863,true
321,4863,true
419,4863,true
442,4863,true
378,4863,true
432,4863,true
376,4863,true
243,4863,true
420,4863,true
422,4863,true
441,4863,true
379,4863,true
414,4863,true
416,4863,true
418,4863,true
432,4865,true
376,4865,true
243,4865,true
414,4865,true
376,4866,true
243,4866,true
422,4866,true
435,4866,true
379,4866,true
378,4866,true
496,4866,true
432,4867,true
376,4867,true
243,4867,true
441,4867,true
414,4867,true
442,4867,true
378,4867,true
496,4867,true
497,4868,true
376,4868,true
425,4868,true
243,4868,true
422,4868,true
424,4868,true
435,4868,true
393,4868,true
379,4868,true
378,4868,true
496,4868,true
432,4869,true
376,4869,true
414,4869,true
376,4870,true
414,4870,true
376,4871,true
243,4871,true
379,4871,true
376,4872,true
243,4872,true
441,4874,true
442,4874,true
378,4874,true
442,4875,true
378,4875,true
441,4876,true
442,4876,true
378,4876,true
441,4877,true
442,4877,true
378,4877,true
385,4877,true
442,4879,true
378,4879,true
432,4880,true
243,4880,true
422,4880,true
393,4880,true
321,4880,true
414,4880,true
515,4880,true
378,4880,true
432,4881,true
243,4881,true
414,4881,true
378,4881,true
432,4882,true
243,4882,true
414,4882,true
378,4882,true
432,4883,true
243,4883,true
414,4883,true
378,4883,true
243,4886,true
484,4886,true
485,4886,true
503,4886,true
501,4886,true
378,4886,true
496,4886,true
484,4887,true
485,4887,true
503,4887,true
501,4887,true
378,4887,true
484,4888,true
485,4888,true
503,4888,true
501,4888,true
378,4888,true
496,4888,true
484,4889,true
485,4889,true
503,4889,true
501,4889,true
378,4889,true
496,4889,true
484,4890,true
485,4890,true
378,4890,true
484,4891,true
485,4891,true
378,4891,true
484,4892,true
485,4892,true
378,4892,true
484,4893,true
485,4893,true
503,4893,true
378,4893,true
484,4894,true
485,4894,true
378,4894,true
379,4895,true
376,4896,true
243,4896,true
379,4896,true
414,4896,true
437,4896,true
438,4896,true
441,4898,true
442,4898,true
378,4898,true
381,4899,true
382,4899,true
382,4900,true
382,4901,true
382,4902,true
382,4903,true
382,4904,true
382,4905,true
382,4907,true
382,4908,true
382,4910,true
382,4911,true
382,4912,true
382,4913,true
381,4914,true
384,4916,true
382,4917,true
425,4918,true
243,4918,true
424,4918,true
393,4918,true
382,4918,true
382,4919,true
382,4920,true
382,4921,true
382,4922,true
385,4924,true
385,4925,true
385,4926,true
385,4928,true
382,4929,true
385,4929,true
385,4930,true
385,4931,true
385,4932,true
385,4933,true
385,4934,true
385,4935,true
385,4936,true
385,4937,true
385,4938,true
385,4939,true
385,4940,true
385,4941,true
382,4943,true
424,4944,true
393,4944,true
385,4944,true
385,4945,true
385,4946,true
385,4947,true
383,4948,true
384,4948,true
383,4949,true
384,4949,true
383,4950,true
384,4950,true
383,4951,true
384,4951,true
383,4953,true
384,4953,true
382,4955,true
382,4956,true
382,4957,true
385,4961,true
491,4961,true
408,4962,true
382,4962,true
414,4962,true
381,4963,true
382,4964,true
519,4967,true
243,4967,true
484,4967,true
382,4967,true
414,4967,true
243,4968,true
382,4968,true
519,4972,true
243,4972,true
484,4972,true
382,4972,true
519,4974,true
243,4974,true
484,4974,true
382,4974,true
414,4974,true
243,4979,true
382,4979,true
381,4981,true
381,4983,true
503,4992,true
405,4992,true
501,4992,true
484,4994,true
485,4994,true
405,4995,true
503,4996,true
501,4996,true
405,4998,true
501,4998,true
484,5001,true
485,5001,true
496,5001,true
405,5003,true
484,5006,true
485,5006,true
503,5006,true
501,5006,true
484,5007,true
485,5007,true
503,5007,true
501,5007,true
503,5008,true
501,5008,true
503,5009,true
484,5010,true
484,5012,true
484,5014,true
484,5015,true
496,5016,true
503,5019,true
484,5023,true
485,5023,true
503,5023,true
484,5025,true
503,5025,true
501,5025,true
393,5026,true
393,5027,true
425,5028,true
424,5028,true
393,5028,true
425,5029,true
424,5029,true
393,5029,true
425,5030,true
424,5030,true
393,5030,true
393,5031,true
243,5033,true
393,5033,true
425,5034,true
424,5034,true
393,5034,true
424,5035,true
393,5035,true
243,5037,true
424,5037,true
393,5037,true
394,5038,true
425,5039,true
424,5039,true
393,5039,true
426,5042,true
399,5042,true
394,5042,true
400,5042,true
396,5043,true
396,5044,true
396,5045,true
426,5049,true
399,5049,true
427,5049,true
426,5051,true
399,5051,true
400,5051,true
401,5052,true
432,5052,true
243,5052,true
321,5052,true
414,5052,true
515,5052,true
426,5053,true
400,5053,true
427,5053,true
399,5054,true
403,5058,true
403,5059,true
403,5060,true
403,5061,true
403,5062,true
403,5063,true
403,5064,true
403,5065,true
12,5065,true
403,5066,true
403,5067,true
12,5067,true
403,5069,true
403,5070,true
403,5071,true
403,5072,true
12,5072,true
403,5073,true
12,5073,true
403,5074,true
12,5074,true
403,5075,true
12,5075,true
403,5076,true
403,5077,true
12,5077,true
403,5078,true
12,5078,true
403,5079,true
12,5079,true
405,5081,true
243,5082,true
405,5082,true
243,5084,true
405,5084,true
405,5087,true
405,5089,true
484,5092,true
405,5092,true
408,5097,true
446,5097,true
453,5097,true
407,5097,true
447,5097,true
446,5098,true
407,5098,true
407,5099,true
408,5100,true
446,5100,true
407,5100,true
447,5100,true
451,5101,true
408,5101,true
446,5101,true
407,5101,true
447,5101,true
410,5101,true
408,5102,true
446,5102,true
407,5102,true
447,5102,true
506,5102,true
446,5103,true
407,5103,true
408,5104,true
453,5104,true
407,5104,true
447,5104,true
408,5106,true
447,5106,true
408,5107,true
447,5107,true
408,5108,true
447,5108,true
451,5109,true
408,5109,true
446,5109,true
407,5109,true
447,5109,true
449,5109,true
446,5110,true
407,5110,true
446,5111,true
407,5111,true
408,5112,true
446,5112,true
407,5112,true
447,5112,true
446,5113,true
407,5113,true
446,5114,true
407,5114,true
446,5115,true
407,5115,true
446,5116,true
407,5116,true
408,5117,true
447,5117,true
407,5118,true
408,5119,true
453,5119,true
447,5119,true
408,5120,true
447,5120,true
408,5121,true
453,5121,true
447,5121,true
408,5122,true
447,5122,true
446,5123,true
407,5123,true
446,5124,true
407,5124,true
446,5125,true
407,5125,true
446,5126,true
407,5126,true
408,5127,true
447,5127,true
435,5130,true
504,5130,true
414,5130,true
432,5133,true
243,5133,true
420,5133,true
422,5133,true
417,5133,true
419,5133,true
414,5133,true
416,5133,true
418,5133,true
432,5134,true
243,5134,true
414,5134,true
414,5135,true
243,5137,true
434,5137,true
414,5137,true
432,5138,true
414,5138,true
441,5139,true
414,5139,true
432,5141,true
414,5141,true
432,5142,true
414,5142,true
414,5144,true
414,5145,true
414,5146,true
243,5147,true
414,5147,true
414,5149,true
432,5151,true
414,5151,true
432,5152,true
414,5152,true
414,5153,true
437,5153,true
438,5153,true
414,5154,true
432,5155,true
414,5155,true
432,5156,true
243,5156,true
414,5156,true
441,5157,true
414,5157,true
442,5157,true
414,5158,true
243,5161,true
414,5161,true
414,5164,true
243,5165,true
414,5165,true
243,5166,true
414,5166,true
414,5167,true
243,5170,true
414,5170,true
414,5171,true
243,5177,true
414,5177,true
243,5178,true
414,5178,true
243,5179,true
414,5179,true
519,5181,true
243,5181,true
484,5181,true
414,5181,true
414,5183,true
243,5185,true
414,5185,true
66,5186,true
414,5186,true
243,5187,true
484,5187,true
414,5187,true
414,5188,true
414,5189,true
66,5190,true
414,5190,true
414,5193,true
243,5195,true
414,5195,true
414,5196,true
414,5197,true
414,5198,true
414,5199,true
414,5200,true
243,5201,true
414,5201,true
414,5202,true
243,5203,true
414,5203,true
432,5206,true
414,5206,true
414,5207,true
414,5208,true
243,5212,true
414,5212,true
243,5213,true
414,5213,true
420,5218,true
417,5218,true
419,5218,true
416,5218,true
418,5218,true
420,5219,true
417,5219,true
419,5219,true
416,5219,true
418,5219,true
420,5220,true
417,5220,true
321,5220,true
419,5220,true
416,5220,true
418,5220,true
420,5221,true
417,5221,true
419,5221,true
416,5221,true
418,5221,true
420,5222,true
417,5222,true
419,5222,true
416,5222,true
418,5222,true
420,5223,true
417,5223,true
419,5223,true
416,5223,true
418,5223,true
417,5224,true
419,5224,true
416,5224,true
418,5224,true
417,5225,true
416,5225,true
418,5225,true
426,5230,true
426,5231,true
243,5235,true
243,5236,true
432,5237,true
243,5237,true
243,5238,true
432,5239,true
243,5239,true
243,5240,true
243,5241,true
243,5249,true
484,5249,true
243,5250,true
519,5258,true
243,5258,true
434,5265,true
437,5266,true
438,5266,true
437,5267,true
438,5267,true
437,5268,true
438,5268,true
437,5269,true
437,5270,true
438,5270,true
437,5271,true
438,5271,true
437,5273,true
438,5273,true
437,5274,true
438,5274,true
437,5275,true
438,5275,true
437,5276,true
437,5277,true
438,5277,true
437,5280,true
437,5281,true
438,5281,true
437,5282,true
438,5282,true
437,5283,true
438,5283,true
437,5285,true
437,5286,true
437,5287,true
438,5287,true
437,5288,true
438,5290,true
437,5291,true
437,5299,true
515,5299,true
441,5300,true
441,5301,true
445,5304,true
445,5305,true
445,5306,true
445,5307,true
445,5308,true
445,5309,true
445,5310,true
445,5311,true
445,5312,true
445,5313,true
445,5314,true
445,5315,true
445,5316,true
445,5318,true
445,5319,true
453,5320,true
447,5320,true
446,5321,true
446,5322,true
445,5323,true
445,5325,true
445,5334,true
66,5335,true
448,5335,true
445,5336,true
445,5337,true
449,5338,true
449,5339,true
461,5342,true
450,5342,true
451,5344,true
450,5344,true
450,5346,true
451,5349,true
445,5351,true
445,5352,true
445,5354,true
445,5355,true
451,5358,true
451,5360,true
448,5361,true
66,5374,true
448,5374,true
66,5375,true
448,5375,true
469,5378,true
470,5378,true
468,5378,true
456,5378,true
468,5379,true
456,5379,true
476,5379,true
469,5380,true
470,5380,true
456,5380,true
468,5382,true
456,5382,true
476,5382,true
459,5384,true
471,5395,true
461,5395,true
471,5398,true
461,5398,true
479,5398,true
469,5405,true
488,5405,true
459,5405,true
487,5405,true
471,5405,true
461,5405,true
479,5405,true
463,5405,true
471,5407,true
461,5407,true
479,5407,true
471,5410,true
461,5410,true
479,5410,true
459,5413,true
471,5413,true
461,5413,true
479,5413,true
463,5413,true
471,5414,true
461,5414,true
479,5414,true
471,5423,true
461,5423,true
479,5423,true
461,5428,true
479,5428,true
471,5429,true
461,5429,true
462,5430,true
528,5430,true
463,5431,true
464,5432,true
464,5437,true
464,5438,true
466,5440,true
466,5442,true
466,5444,true
463,5445,true
463,5446,true
463,5447,true
459,5448,true
468,5448,true
476,5448,true
470,5449,true
474,5449,true
464,5451,true
471,5453,true
476,5453,true
471,5454,true
479,5454,true
471,5458,true
479,5458,true
471,5459,true
471,5461,true
479,5461,true
471,5463,true
479,5463,true
471,5464,true
479,5464,true
472,5466,true
472,5469,true
459,5471,true
488,5472,true
487,5472,true
12,5472,true
487,5473,true
12,5473,true
466,5474,true
467,5476,true
467,5477,true
467,5479,true
470,5480,true
475,5480,true
470,5486,true
475,5486,true
470,5487,true
475,5487,true
470,5490,true
475,5490,true
470,5492,true
476,5492,true
473,5494,true
477,5494,true
462,5497,true
462,5498,true
12,5505,true
463,5508,true
469,5509,true
456,5509,true
463,5511,true
459,5516,true
475,5516,true
468,5522,true
476,5522,true
471,5524,true
467,5568,true
472,5570,true
488,5575,true
480,5575,true
484,5587,true
485,5587,true
484,5588,true
484,5589,true
485,5589,true
484,5590,true
485,5590,true
484,5592,true
485,5592,true
484,5593,true
519,5609,true
484,5609,true
484,5620,true
484,5621,true
484,5622,true
484,5624,true
484,5626,true
491,5635,true
492,5636,true
492,5637,true
492,5638,true
492,5639,true
492,5640,true
492,5641,true
492,5642,true
492,5643,true
492,5644,true
496,5656,true
496,5657,true
521,5658,true
496,5658,true
496,5660,true
496,5663,true
496,5664,true
496,5668,true
510,5673,true
510,5674,true
510,5676,true
503,5677,true
501,5677,true
503,5678,true
501,5678,true
503,5685,true
501,5685,true
503,5686,true
503,5687,true
501,5687,true
507,5690,true
507,5691,true
507,5692,true
506,5692,true
508,5695,true
507,5695,true
510,5695,true
503,5699,true
501,5699,true
504,5701,true
504,5702,true
510,5704,true
504,5704,true
504,5706,true
510,5708,true
508,5710,true
506,5710,true
508,5711,true
510,5711,true
508,5712,true
512,5712,true
510,5712,true
504,5712,true
502,5713,true
505,5713,true
516,5734,true
516,5735,true
524,5736,true
514,5736,true
515,5739,true
519,5740,true
321,5740,true
519,5741,true
321,5741,true
321,5742,true
519,5743,true
321,5743,true
526,5752,true
526,5753,true
526,5754,true
526,5756,true
527,5756,true
526,5757,true
526,5758,true
527,5758,true
527,5759,true
527,5760,true
527,5761,true
527,5762,true
527,5763,true
527,5764,true
527,5765,true
527,5768,true
527,5769,true
527,5772,true
