"id","tekra_id","tekra_slug","asbis_id","asbis_code","external_id","name_en","name_bg","slug","category_path","show_flag","sort_order","parent_id","platform","is_promo_active","created_at","updated_at","created_by","last_modified_by","alias_of_id"
531,,,,,,Gaming mouse,Геймърски мишки,kp-gaming-mouse,,false,1,54,,false,2026-06-23 11:35:33.927,2026-08-06 12:06:45.475,script-23,script-23,174
966,,,,,,Adapters,Адаптери,konsumativy-adapteri,videonablyudenie/aksesoari/adapteri,true,5,234,TEKRA,false,2026-08-19 11:08:44.413,2026-08-19 15:37:53.531,admin,admin,
532,,,,,,Gaming Keyboards,Геймърски клавиатури,kp-gaming-keyboards,,false,2,54,,false,2026-06-23 11:35:33.927,2026-08-06 12:06:45.475,script-23,script-23,172
533,,,,,,Gaming pads,Геймърски падове,kp-gaming-pads,,false,3,54,,false,2026-06-23 11:35:33.927,2026-08-06 12:06:45.475,script-23,script-23,173
534,,,,,,Gaming headset,Геймърски слушалки,kp-gaming-headset,,false,4,54,,false,2026-06-23 11:35:33.927,2026-08-06 12:06:45.475,script-23,script-23,171
569,,,,,,PC Mini,Мини PC,pc-mini-asbis,other/pc-mini-asbis,false,0,,ASBIS,false,2026-08-06 11:58:55.788,2026-08-06 12:06:45.475,ignatov_rs@abv.bg,ignatov_rs@abv.bg,
535,,,,,,Gaming desks,Геймърски бюра,kp-gaming-desks,,false,5,54,,false,2026-06-23 11:35:33.927,2026-08-06 12:06:45.475,script-23,script-23,170
536,,,,,,Gaming seats,Геймърски столове,kp-gaming-seats,,false,6,54,,false,2026-06-23 11:35:33.927,2026-08-06 12:06:45.475,script-23,script-23,169
537,,,,,,Gaming eyewear,Компютърни и геймърски очила,kp-gaming-eyewear,,false,7,54,,false,2026-06-23 11:35:33.927,2026-08-06 12:06:45.475,script-23,script-23,178
538,,,,,,Gaming Consoles,Гейминг конзоли,kp-gaming-consoles,,false,8,54,,false,2026-06-23 11:35:33.927,2026-08-06 12:06:45.475,script-23,script-23,168
539,,,,,,Wheels and Pedals,Волани и педали,kp-wheels-and-pedals,,false,9,54,,false,2026-06-23 11:35:33.927,2026-08-06 12:06:45.475,script-23,script-23,175
540,,,,,,Gamepads,Геймпадове,kp-gamepads,,false,10,54,,false,2026-06-23 11:35:33.927,2026-08-06 12:06:45.475,script-23,script-23,177
541,,,,,,Wheel Accesories,Аксесоари за Волани,kp-wheel-accesories,,false,11,54,,false,2026-06-23 11:35:33.927,2026-08-06 12:06:45.475,script-23,script-23,176
542,,,,,,Gaming accessories,Геймърски аксесоари,kp-gaming-accessories,,false,12,54,,false,2026-06-23 11:35:33.927,2026-08-06 12:06:45.475,script-23,script-23,179
962,,,,,,NVR,NVR,ip-sistemi-zapisvashti-ustrojstva,videonablyudenie/ip-sistemi/zapisvashti-ustroystva,true,2,232,TEKRA,false,2026-08-19 11:08:44.413,2026-08-19 15:37:53.531,admin,admin,
963,,,,,,Network Devices,Мрежови устройства,ip-sistemi-mrezhovi-ustrojstva,videonablyudenie/ip-sistemi/mrezhovi-ustroystva,true,3,232,TEKRA,false,2026-08-19 11:08:44.413,2026-08-19 15:37:53.531,admin,admin,
240,"209",,,,,NVR,NVR,videonablyudenie-ndaa-nvr,videonablyudenie/ndaa/nvr,true,2,233,TEKRA,false,2026-04-02 10:15:20.095,2026-08-19 15:37:53.531,system,system,
241,"210",,,,,Основи за монтаж на камери,Основи за монтаж на камери,videonablyudenie-ndaa-osnovi-za-montazh-na-kameri,videonablyudenie/ndaa/osnovi-za-montazh-na-kameri,true,3,233,TEKRA,false,2026-04-02 10:15:20.118,2026-08-19 15:37:53.531,system,system,
964,,,,,,IP Cameras,IP камери,ndaa-ip-kameri,videonablyudenie/ndaa/ip-kameri,true,1,233,TEKRA,false,2026-08-19 11:08:44.413,2026-08-19 15:37:53.531,admin,admin,
965,,,,,,Network Equipment,Мрежово оборудване,ndaa-mrezhovo-oborudvane,videonablyudenie/ndaa/mrezhovo,true,5,233,TEKRA,false,2026-08-19 11:08:44.413,2026-08-19 15:37:53.531,admin,admin,
877,,,,,,Security - Surveillance Video Recorder,Сигурност - Видеорекордер,security-surveillance-video-recorder-asbis,other-asbis/security-surveillance-video-recorder-asbis,false,0,875,ASBIS,false,2026-08-06 12:30:01.053,2026-08-06 12:36:59.635,ignatov_rs@abv.bg,ignatov_rs@abv.bg,
24,,,,,687,CPU blocks,Блокове за процесори,cpu-blocks,,true,1,23,VALI,false,2026-04-02 10:02:00.881,2026-04-02 10:02:02.839,system,system,
239,"201",,,,,Сървъри,Сървъри,videonablyudenie-ip-sistemi-survuri,videonablyudenie/ip-sistemi/survuri,true,4,232,TEKRA,false,2026-04-02 10:15:20.056,2026-08-19 15:37:53.531,system,system,
242,"212",,,,,Комплект,Комплект,videonablyudenie-ndaa-komplekt,videonablyudenie/ndaa/komplekt,true,4,233,TEKRA,false,2026-04-02 10:15:20.139,2026-08-19 15:37:53.531,system,system,
28,,,,,691,Fittings,Фитинги,fittings,,true,5,23,VALI,false,2026-04-02 10:02:00.889,2026-04-02 10:02:02.840,system,system,
243,"214",,,,,Сървър,Сървър,videonablyudenie-ndaa-survur,videonablyudenie/ndaa/survur,true,6,233,TEKRA,false,2026-04-02 10:15:20.176,2026-08-19 15:37:53.531,system,system,
574,,,,,,Accessories for Flexible,Аксесоари за флексибилни устройства,accessories-for-flexible,other/accessories-for-flexible,false,0,,ASBIS,false,2026-08-06 11:58:55.834,2026-08-06 12:06:45.475,ignatov_rs@abv.bg,ignatov_rs@abv.bg,
35,,,,,583,Computer accessories,Аксесоари за компютри,computer-accessories,,true,4,31,VALI,false,2026-04-02 10:02:00.901,2026-04-02 10:02:02.841,system,system,
382,,,,,,Захранване,Захранване,zahranvane,zahranvane-i-kabeli/zahranvane,false,0,1,ASBIS,false,2026-05-19 15:47:30.116,2026-08-06 12:36:15.225,system,system,
408,,,,,,Мишка,Мишка,mishka,periferiya/mishka,false,0,54,ASBIS,false,2026-05-19 15:47:30.439,2026-08-06 12:36:15.225,system,system,
258,,,,,,Networking - Cloud Keys & Gateways - Cloud Key Enterprise,Мрежово - Cloud Key Enterprise,networking-cloud-keys-gateways-cloud-key-enterprise,other/networking-cloud-keys-gateways-cloud-key-enterprise,false,0,99,ASBIS,false,2026-05-19 15:47:28.691,2026-05-20 09:32:57.821,system,system,
260,,,,,,Antenna,Антена,antenna,other/antenna,false,0,99,ASBIS,false,2026-05-19 15:47:28.759,2026-05-20 09:32:57.821,system,system,
269,,,,,,Gaming Racing Pedals,Гейминг педали за рейсинг,gaming-racing-pedals,other/gaming-racing-pedals,false,0,167,ASBIS,false,2026-05-19 15:47:28.951,2026-05-20 09:32:57.821,system,system,
253,,,,,,Distribution panel,Разклонители,distribution-panel,,false,0,211,,false,2026-04-02 10:33:40.681,2026-05-20 09:32:57.821,system,system,
455,,,,,,Вентилатори,Вентилатори,ventilatori,drebni-domakinski-uredi/ventilatori,false,0,454,ASBIS,false,2026-05-19 15:47:30.841,2026-05-20 09:32:57.821,system,system,
49,,,,,631,Monitors and displays,Монитори и дисплеи,monitors-and-displays,,true,5,,VALI,false,2026-04-02 10:02:00.934,2026-04-02 10:02:00.934,system,system,
51,,,,,697,,Стойки за монитори,monitor-stands,,true,1,49,VALI,false,2026-04-02 10:02:00.944,2026-04-02 10:02:02.843,system,system,
442,,,,,,Преносим Компютър,Преносим Компютър,prenosim-kompyutar,prenosimi-kompyutri/prenosim-kompyutar,false,0,36,ASBIS,false,2026-05-19 15:47:30.738,2026-05-20 09:32:57.821,system,system,
53,,,,,637,Height adjustable mounts,Системи за монтаж,height-adjustable-mounts,,true,4,49,VALI,false,2026-04-02 10:02:00.948,2026-04-02 10:02:02.844,system,system,
477,,,,,,Кухненски везни,Кухненски везни,kuhnenski-vezni,drebni-domakinski-uredi/kuhnenski-vezni,false,0,454,ASBIS,false,2026-05-19 15:47:30.999,2026-05-20 09:32:57.821,system,system,
478,,,,,,Acc - Multibakers/Grills,Acc - Multibakers/Grills,acc-multibakers-grills,drebni-domakinski-uredi/acc-multibakers-grills,false,0,454,ASBIS,false,2026-05-19 15:47:31.007,2026-05-20 09:32:57.821,system,system,
480,,,,,,Блендери,Блендери,blenderi,drebni-domakinski-uredi/blenderi,false,0,454,ASBIS,false,2026-05-19 15:47:31.024,2026-05-20 09:32:57.821,system,system,
543,,,,,,Figures,Фигурки,kp-figures,,false,13,54,,false,2026-06-23 11:35:33.927,2026-08-06 12:06:45.475,script-23,script-23,181
496,,,,,,Мултиборд,Мултиборд,multibord-asbis,multibord/asbis,false,0,495,ASBIS,false,2026-05-19 15:47:31.141,2026-05-20 09:32:57.821,system,system,
244,"26",,,,,Конектори,Конектори,videonablyudenie-aksesoari-konektori,videonablyudenie/aksesoari/konektori,true,2,234,TEKRA,false,2026-04-02 10:15:20.212,2026-08-19 15:37:53.531,system,system,
246,"28",,,,,Стойки и основи за камери,Стойки и основи за камери,videonablyudenie-aksesoari-stoyki-i-osnovi-za-kameri,videonablyudenie/aksesoari/stoyki-i-osnovi-za-kameri,true,1,234,TEKRA,false,2026-04-02 10:15:20.254,2026-08-19 15:37:53.531,system,system,
25,,,,,688,GPU blocks,Блокове за видеокарти,gpu-blocks,,false,2,23,VALI,false,2026-04-02 10:02:00.883,2026-08-06 12:06:45.475,system,system,
26,,,,,689,Radiators,Радиатори,radiators,,false,3,23,VALI,false,2026-04-02 10:02:00.886,2026-08-06 12:06:45.475,system,system,
27,,,,,690,Pump and reservoir,Помпи и резервоари,pump-and-reservoir,,false,4,23,VALI,false,2026-04-02 10:02:00.888,2026-08-06 12:06:45.475,system,system,
29,,,,,692,Tubing,Тръби,tubing,,false,6,23,VALI,false,2026-04-02 10:02:00.891,2026-08-06 12:06:45.475,system,system,
245,"27",,,,,Видеобалуни,Видеобалуни,videonablyudenie-aksesoari-videobaluni,videonablyudenie/aksesoari/videobaluni,true,3,234,TEKRA,false,2026-04-02 10:15:20.234,2026-08-19 15:37:53.531,system,system,
30,,,,,693,Coolant,Течности,coolant,,false,7,23,VALI,false,2026-04-02 10:02:00.893,2026-08-06 12:06:45.475,system,system,
82,,,,,706,Garment Printer,Принтери за текстил,garment-printer,,false,4,78,VALI,false,2026-04-02 10:02:01.019,2026-08-06 12:06:45.475,system,system,
85,,,,,709,Scanner accessories,Аксесоари за скенери,scanner-accessories,,false,7,78,VALI,false,2026-04-02 10:02:01.027,2026-08-06 12:06:45.475,system,system,
96,,,,,684,"3D printer accessories",Аксесоари за 3D принтери,"3d-printer-accessories",,false,15,78,VALI,false,2026-04-02 10:02:01.054,2026-08-06 12:06:45.475,system,system,
69,,,,,610,Virtual Reality Glasses,VR очила,virtual-reality-glasses,,true,1,68,VALI,false,2026-04-02 10:02:00.982,2026-04-02 10:02:02.989,system,system,
73,,,,,503,UPS,Управляеми UPS-и,managed-ups,,true,1,72,VALI,false,2026-04-02 10:02:00.989,2026-04-02 10:02:02.990,system,system,
74,,,,,396,UPS,Неуправляеми UPS-и,unmanaged-ups,,true,2,72,VALI,false,2026-04-02 10:02:00.990,2026-04-02 10:02:02.990,system,system,
75,,,,,573,UPS accessories,Аксесоари UPS,ups-accessories,,true,3,72,VALI,false,2026-04-02 10:02:00.993,2026-04-02 10:02:02.990,system,system,
76,,,,,397,Voltage Regulators,Стабилизатори,voltage-regulators,,true,4,72,VALI,false,2026-04-02 10:02:00.997,2026-04-02 10:02:02.990,system,system,
77,,,,,571,Inverters,Инвертори,inverters,,true,5,72,VALI,false,2026-04-02 10:02:01.000,2026-04-02 10:02:02.990,system,system,
79,,,,,671,Printers,Лазерни принтери,printers,,true,1,78,VALI,false,2026-04-02 10:02:01.010,2026-04-02 10:02:02.995,system,system,
70,,,,,613,VR Ready PC,VR Ready PC,vr-ready-pc,,false,2,68,VALI,false,2026-04-02 10:02:00.984,2026-05-20 09:32:57.821,system,system,
80,,,,,437,Laser multifunctional devices,Мултифункционални устройства,laser-multifunctional-devices,,true,2,78,VALI,false,2026-04-02 10:02:01.013,2026-04-02 10:02:02.995,system,system,
83,,,,,409,Scanners,Скенери,scanners,,true,5,78,VALI,false,2026-04-02 10:02:01.022,2026-04-02 10:02:02.996,system,system,
84,,,,,683,Printer accessories,Аксесоари за принтери,printer-accessories,,true,6,78,VALI,false,2026-04-02 10:02:01.024,2026-04-02 10:02:02.996,system,system,
597,,,,,,Аксесоари за напитки,Аксесоари за напитки,aksesoari-za-napitki-asbis,aksesoari/za-napitki-asbis,false,0,298,ASBIS,false,2026-08-06 11:58:56.110,2026-08-06 12:06:45.475,ignatov_rs@abv.bg,ignatov_rs@abv.bg,
288,,,,,,Gaming Handbrake,Гейминг ръчна спирачка,gaming-handbrake,other/gaming-handbrake,false,0,167,ASBIS,false,2026-05-19 15:47:29.234,2026-05-20 09:32:57.821,system,system,
88,,,,,448,Cartridges for dot matrix printers,Касети за матрични принтери,cartridges-for-dot-matrix-printers,,true,10,78,VALI,false,2026-04-02 10:02:01.039,2026-04-02 10:02:02.997,system,system,
89,,,,,447,Toner bottles,Бутилки с тонер,toner-bottles,,true,11,78,VALI,false,2026-04-02 10:02:01.041,2026-04-02 10:02:02.997,system,system,
497,,,,,,PC за мултиборд,PC за мултиборд,pc-za-multibord,multibord/pc-za-multibord,false,0,495,ASBIS,false,2026-05-19 15:47:31.148,2026-05-20 09:32:57.821,system,system,
95,,,,,563,"3D printer consumables",Консумативи за 3D принтери,"3d-printer-consumables",,true,14,78,VALI,false,2026-04-02 10:02:01.053,2026-04-02 10:02:02.997,system,system,
92,,,,,718,Laser engraving machines,Лазерни гравиращи машини,laser-engraving-machines,,true,16,78,VALI,false,2026-04-02 10:02:01.048,2026-04-02 10:02:02.997,system,system,
97,,,,,713,Portable printers,Преносими принтери,portable-printers,,true,17,78,VALI,false,2026-04-02 10:02:01.056,2026-04-02 10:02:02.997,system,system,
98,,,,,714,Supplies for portable printers,Консумативи за преносими принтери,supplies-for-portable-printers,,true,18,78,VALI,false,2026-04-02 10:02:01.057,2026-04-02 10:02:02.998,system,system,
461,,,,,,Smart Hairdryer,Смарт сешоар,smart-hairdryer,drebni-domakinski-uredi/smart-hairdryer,false,0,454,ASBIS,false,2026-05-19 15:47:30.882,2026-05-20 09:32:57.821,system,system,
434,,,,,,Звукова Карта,Звукова Карта,zvukova-karta,multimediyni-komponenti/zvukova-karta,false,0,1,ASBIS,false,2026-05-19 15:47:30.681,2026-08-06 12:36:15.225,system,system,
231,"21",hd-analogovi-sistemi,,,,HD аналогови системи,HD аналогови системи,videonablyudenie-hd-analogovi-sistemi,videonablyudenie/hd-analogovi-sistemi,true,1,230,TEKRA,false,2026-04-02 10:15:19.830,2026-08-19 15:14:44.045,system,system,
465,,,,,,Cast Aluminum Cookware,Готварски съдове от алуминий,cast-aluminum-cookware,drebni-domakinski-uredi/cast-aluminum-cookware,false,0,454,ASBIS,false,2026-05-19 15:47:30.910,2026-05-20 09:32:57.821,system,system,
232,"22",ip-sistemi,,,,IP системи,IP системи,videonablyudenie-ip-sistemi,videonablyudenie/ip-sistemi,true,2,230,TEKRA,false,2026-04-02 10:15:19.859,2026-08-19 15:14:44.045,system,system,
236,"25",monitori-i-aksesoari,,,,Монитори и аксесоари,Монитори и аксесоари,videonablyudenie-monitori-i-aksesoari,videonablyudenie/monitori-i-aksesoari,true,6,230,TEKRA,false,2026-04-02 10:15:19.953,2026-08-19 15:14:44.045,system,system,
235,"24",hdd,,,,Твърди дискове,Твърди дискове,videonablyudenie-hdd,videonablyudenie/hdd,true,5,230,TEKRA,false,2026-04-02 10:15:19.932,2026-08-19 15:19:46.656,system,system,
237,"19",,,,,Analog Cameras,Аналогови камери,videonablyudenie-hd-analogovi-sistemi-kameri,videonablyudenie/hd-analogovi-sistemi/kameri,true,1,231,TEKRA,false,2026-04-02 10:15:19.976,2026-08-19 15:37:53.531,system,system,
361,,,,,,Мрежово Устройство за Съхранение на Данни,Мрежово Устройство за Съхранение на Данни,mrezhovo-ustroystvo-za-sahranenie-na-danni,ustroystva-za-sahranenie-na-danni/mrezhovo-ustroystvo-za-sahranenie-na-danni,true,0,99,ASBIS,false,2026-05-19 15:47:29.934,2026-08-19 11:35:50.129,system,system,
116,,,,,636,Interactive floor,Интерактивен под,interactive-floor,,false,2,114,VALI,false,2026-04-02 10:02:02.003,2026-05-20 09:32:57.821,system,system,
123,,,,,633,Radio,Радиа,radio,,false,4,119,VALI,false,2026-04-02 10:02:02.027,2026-05-20 09:32:57.821,system,system,
301,,,,,,Аксесоари,Аксесоари,aksesoari-asbis,aksesoari/asbis,false,0,54,ASBIS,false,2026-05-19 15:47:29.399,2026-05-20 09:32:57.821,system,system,
305,,,,,,Bluetooth Слушалки,Bluetooth Слушалки,bluetooth-slushalki,aksesoari/bluetooth-slushalki,false,0,54,ASBIS,false,2026-05-19 15:47:29.440,2026-05-20 09:32:57.821,system,system,
479,,,,,,Hair Stylers,Стилери за коса,hair-stylers,drebni-domakinski-uredi/hair-stylers,false,0,454,ASBIS,false,2026-05-19 15:47:31.016,2026-05-20 09:32:57.821,system,system,
484,,,,,,PC таблет,PC таблет,pc-tablet,tableti/pc-tablet,false,0,36,ASBIS,false,2026-05-19 15:47:31.053,2026-05-20 09:32:57.821,system,system,
115,,,,,425,Projectors,Проектори,projectors,,true,1,114,VALI,false,2026-04-02 10:02:02.001,2026-04-02 10:02:03.146,system,system,
247,"29",,,,,Защити и изолатори,Защити и изолатори,videonablyudenie-aksesoari-zashtiti-i-izolatori,videonablyudenie/aksesoari/zashtiti-i-izolatori,true,4,234,TEKRA,false,2026-04-02 10:15:20.273,2026-08-19 15:37:53.531,system,system,
117,,,,,427,Screens,Екрани,screens,,true,3,114,VALI,false,2026-04-02 10:02:02.007,2026-04-02 10:02:03.146,system,system,
118,,,,,428,Stands,Стойки и аксесоари,stands,,true,4,114,VALI,false,2026-04-02 10:02:02.011,2026-04-02 10:02:03.146,system,system,
324,,,,,,Централен процесор - сървърен,Централен процесор - сървърен,tsentralen-protsesor-sarvaren,protsesori/tsentralen-protsesor-sarvaren,false,0,1,ASBIS,false,2026-05-19 15:47:29.625,2026-05-20 09:32:57.821,system,system,
120,,,,,464,Portable Speakers,Преносими тонколони,portable-speakers,,true,1,119,VALI,false,2026-04-02 10:02:02.015,2026-04-02 10:02:03.146,system,system,
121,,,,,521,Audio microphone,Аудио микрофони,audio-microphone,,true,2,119,VALI,false,2026-04-02 10:02:02.019,2026-04-02 10:02:03.147,system,system,
122,,,,,432,Media players,Мултимедийни плейъри,media-players,,true,3,119,VALI,false,2026-04-02 10:02:02.023,2026-04-02 10:02:03.147,system,system,
124,,,,,433,eBooks Readers,eBook четци,ebooks-readers,,true,5,119,VALI,false,2026-04-02 10:02:02.029,2026-04-02 10:02:03.147,system,system,
125,,,,,434,eBook Accessories,eBook аксесоари,ebook-accessories,,true,6,119,VALI,false,2026-04-02 10:02:02.031,2026-04-02 10:02:03.147,system,system,
126,,,,,632,Robotics,Роботика,robotics,,true,7,119,VALI,false,2026-04-02 10:02:02.033,2026-04-02 10:02:03.147,system,system,
418,,,,,,Сървърни памети,Сървърни памети,sarvarni-pameti,pamet/sarvarni-pameti,false,0,1,ASBIS,false,2026-05-19 15:47:30.551,2026-05-20 09:32:57.821,system,system,
419,,,,,,Мобилни памети,Мобилни памети,mobilni-pameti,pamet/mobilni-pameti,false,0,1,ASBIS,false,2026-05-19 15:47:30.558,2026-05-20 09:32:57.821,system,system,
420,,,,,,Memory Gaming Mobile,Памет гейминг мобилна,memory-gaming-mobile,pamet/memory-gaming-mobile,false,0,1,ASBIS,false,2026-05-19 15:47:30.563,2026-05-20 09:32:57.821,system,system,
416,,,,,,Memory Gaming Desktop,Памет гейминг настолна,memory-gaming-desktop,pamet/memory-gaming-desktop,false,0,1,ASBIS,false,2026-05-19 15:47:30.533,2026-05-20 09:32:57.821,system,system,
438,,,,,,Графичен процесор,Графичен процесор,grafichen-protsesor,video-adapteri/grafichen-protsesor,false,0,1,ASBIS,false,2026-05-19 15:47:30.712,2026-05-20 09:32:57.821,system,system,
133,,,,,679,PC cables,PC кабели,pc-cables,,true,6,127,VALI,false,2026-04-02 10:02:02.056,2026-04-02 10:02:03.148,system,system,
414,,,,,,Дънна платка настолна,Дънна платка настолна,danna-platka-nastolna,danni-platki/danna-platka-nastolna,false,0,1,ASBIS,false,2026-05-19 15:47:30.514,2026-05-20 09:32:57.821,system,system,
393,,,,,,Шаси,Шаси,shasi,kompyutarni-kutii/shasi,false,0,1,ASBIS,false,2026-05-19 15:47:30.286,2026-05-20 09:32:57.821,system,system,
394,,,,,,Чекмедже за диск,Чекмедже за диск,chekmedzhe-za-disk,kompyutarni-kutii/chekmedzhe-za-disk,false,0,1,ASBIS,false,2026-05-19 15:47:30.302,2026-05-20 09:32:57.821,system,system,
127,,,,,674,Cables,Кабели,cables,,true,13,,VALI,false,2026-04-02 10:02:02.035,2026-08-06 12:37:18.489,system,system,
274,,,,,,VC Docks,Видеоконферентни докинг станции,vc-docks,other/vc-docks,false,0,54,ASBIS,false,2026-05-19 15:47:29.063,2026-05-20 09:32:57.821,system,system,
617,,,,,,Централен процесор - настолен,Централен процесор - настолен,tsentralen-protsesor-nastolen-asbis,protsesori/tsentralen-protsesor-nastolen-asbis,false,0,322,ASBIS,false,2026-08-06 11:58:56.354,2026-08-06 12:06:45.475,ignatov_rs@abv.bg,ignatov_rs@abv.bg,
139,,,,,527,TV,Телевизори,tv,,true,1,138,VALI,false,2026-04-02 10:02:02.068,2026-04-02 10:02:03.149,system,system,
140,,,,,440,TV stand and speakers,Стойки за TV и високоговорители,tv-stand-and-speakers,,true,2,138,VALI,false,2026-04-02 10:02:02.069,2026-04-02 10:02:03.149,system,system,
141,,,,,565,Remote Control,Дистанционни,remote-control,,true,3,138,VALI,false,2026-04-02 10:02:02.073,2026-04-02 10:02:03.149,system,system,
142,,,,,584,Antennas,Антени,antennas,,true,4,138,VALI,false,2026-04-02 10:02:02.076,2026-04-02 10:02:03.149,system,system,
143,,,,,604,Accessories,Аксесоари за TV,tv-accessories,,true,5,138,VALI,false,2026-04-02 10:02:02.078,2026-04-02 10:02:03.149,system,system,
972,,,,,,Power Supply,Захранване,sistemi-prenos-zahranvane,videonablyudenie/sistemi-za-prenos-na-danni-i-elektrozahranvane/zahranvane-254,true,2,970,TEKRA,false,2026-08-19 15:18:41.972,2026-08-19 15:37:53.531,admin,admin,
973,,,,,,Switches,Суичове,sistemi-prenos-suichove,videonablyudenie/sistemi-za-prenos-na-danni-i-elektrozahranvane/suichove-255,true,3,970,TEKRA,false,2026-08-19 15:18:41.972,2026-08-19 15:37:53.531,admin,admin,
2,,,,,500,Motherboards,Дънни платки,motherboards,,true,1,1,VALI,false,2026-04-02 10:02:00.807,2026-04-02 10:02:02.833,system,system,
157,,,,,616,Activity tracker,Фитнес гривни,activity-tracker,,false,3,153,VALI,false,2026-04-02 10:02:02.117,2026-05-20 09:32:57.821,system,system,
321,,,,,,Флаш памети,Флаш памети,flash-pameti,periferni-ustroystva/flash-pameti,true,0,54,ASBIS,false,2026-05-19 15:47:29.599,2026-08-06 11:18:14.208,system,anonymousUser,
158,,,,,572,Wristbands,Каишки за смартчасовници,wristbands,,false,4,153,VALI,false,2026-04-02 10:02:02.119,2026-05-20 09:32:57.821,system,system,
255,,,,,,Navigation systems,Навигации,navigacii,,false,1,182,VALI,false,2026-05-13 14:48:18.488,2026-05-20 09:32:57.821,system,system,
256,,,,,,Cameras/recorders,Камери/рекордери,kameri-rekorderi,,false,2,182,VALI,false,2026-05-13 14:48:18.488,2026-05-20 09:32:57.821,system,system,
516,,,,,,SSD за настолен и мобилен компютър,SSD за настолен и мобилен компютър,ssd-za-nastolen-i-mobilen-kompyutar,ssd/za-nastolen-i-mobilen-kompyutar,false,0,1,ASBIS,false,2026-05-19 15:47:31.309,2026-05-20 09:32:57.821,system,system,
367,,,,,,Твърд диск видеонаблюдение,Твърд диск видеонаблюдение,tvard-disk-videonablyudenie,tvardi-diskove/tvard-disk-videonablyudenie,false,0,1,ASBIS,false,2026-05-19 15:47:29.982,2026-05-20 09:32:57.821,system,system,
368,,,,,,Твърд диск сървърен,Твърд диск сървърен,tvard-disk-sarvaren,tvardi-diskove/tvard-disk-sarvaren,false,0,1,ASBIS,false,2026-05-19 15:47:29.990,2026-05-20 09:32:57.821,system,system,
369,,,,,,Твърд диск външен,Твърд диск външен,tvard-disk-vanshen,tvardi-diskove/tvard-disk-vanshen,false,0,1,ASBIS,false,2026-05-19 15:47:29.998,2026-05-20 09:32:57.821,system,system,
370,,,,,,Твърд диск NAS,Твърд диск NAS,tvard-disk-nas,tvardi-diskove/tvard-disk-nas,false,0,1,ASBIS,false,2026-05-19 15:47:30.005,2026-05-20 09:32:57.821,system,system,
371,,,,,,Докинг станция за твърд диск,Докинг станция за твърд диск,doking-stantsiya-za-tvard-disk,tvardi-diskove/doking-stantsiya-za-tvard-disk,false,0,1,ASBIS,false,2026-05-19 15:47:30.017,2026-05-20 09:32:57.821,system,system,
372,,,,,,Твърд диск настолен,Твърд диск настолен,tvard-disk-nastolen,tvardi-diskove/tvard-disk-nastolen,false,0,1,ASBIS,false,2026-05-19 15:47:30.025,2026-05-20 09:32:57.821,system,system,
320,,,,,,Периферни устройства,Периферни устройства,periferni-ustroystva,periferni-ustroystva,false,0,,ASBIS,false,2026-05-19 15:47:29.586,2026-05-19 15:47:29.586,system,system,
154,,,,,639,Mobile phones,Мобилни телефони,mobile-phones,,true,1,153,VALI,false,2026-04-02 10:02:02.107,2026-04-02 10:02:03.150,system,system,
967,,,,,,Power Supplies,Захранващи блокове,konsumativy-zahranvashti-blokove,videonablyudenie/aksesoari/zahranvashti-blokove,true,6,234,TEKRA,false,2026-08-19 11:08:44.413,2026-08-19 15:37:53.531,admin,admin,
249,"31",,,,,Монитори,Монитори,videonablyudenie-monitori-i-aksesoari-monitori,videonablyudenie/monitori-i-aksesoari/monitori,true,1,236,TEKRA,false,2026-04-02 10:15:20.319,2026-08-19 15:37:53.531,system,system,
159,,,,,467,Hands Free Systems,Bluetooth слушалки,hands-free-systems,,true,5,153,VALI,false,2026-04-02 10:02:02.121,2026-04-02 10:02:03.151,system,system,
52,"33",,,,630,Interactive Displays,Интерактивни дисплеи,interactive-displays,videonablyudenie/monitori-i-aksesoari/interaktivni-displei,true,2,236,TEKRA,false,2026-04-02 10:02:00.946,2026-08-19 15:37:53.531,system,system,
160,,,,,461,Power bank,Външни батерии,power-bank,,true,6,153,VALI,false,2026-04-02 10:02:02.123,2026-04-02 10:02:03.151,system,system,
161,,,,,462,Chargers for phones,Зарядни за телефони,chargers-for-phones,,true,7,153,VALI,false,2026-04-02 10:02:02.124,2026-04-02 10:02:03.151,system,system,
162,,,,,466,Stylus pens for phones,Стилус - химикалки за телефони,stylus-pens-for-phones,,true,8,153,VALI,false,2026-04-02 10:02:02.127,2026-04-02 10:02:03.152,system,system,
163,,,,,463,Cases,Калъфи за телефони,cases,,true,9,153,VALI,false,2026-04-02 10:02:02.131,2026-04-02 10:02:03.152,system,system,
164,,,,,468,Holder,Поставки за мобилни телефони,holder-164,,true,10,153,VALI,false,2026-04-02 10:02:02.132,2026-04-02 10:02:03.152,system,system,
165,,,,,566,Screen protector for mobile phone,Защитни фолиа / стъкла за телефони,screen-protector-for-mobile-phone,,true,11,153,VALI,false,2026-04-02 10:02:02.135,2026-04-02 10:02:03.152,system,system,
166,,,,,619,Others,Други мобилни аксесоари,other-mobile-accessories,,true,12,153,VALI,false,2026-04-02 10:02:02.137,2026-04-02 10:02:03.152,system,system,
628,,,,,,Мрежов Комутатор,Мрежов Комутатор,mrezhov-komutator-asbis,mrezhovi-produkti/mrezhov-komutator-asbis,false,0,333,ASBIS,false,2026-08-06 11:58:56.430,2026-08-06 12:06:45.475,ignatov_rs@abv.bg,ignatov_rs@abv.bg,
969,,,,,,DSSExpress,DSSExpress,videonablyudenie-softuer-dssexpress,videonablyudenie/softuer/dssexpress,true,1,968,TEKRA,false,2026-08-19 12:26:47.853,2026-08-19 15:37:53.531,admin,admin,
974,,,,,,Converters,Конвертори,sistemi-prenos-konvertori,videonablyudenie/sistemi-za-prenos-na-danni-i-elektrozahranvane/konvertori,true,4,970,TEKRA,false,2026-08-19 15:18:41.972,2026-08-19 15:37:53.531,admin,admin,
968,,softuer,,,,Software,Софтуер,videonablyudenie-softuer,videonablyudenie/softuer,false,7,230,TEKRA,false,2026-08-19 12:26:47.853,2026-08-19 12:26:47.853,admin,admin,
970,,sistemi-za-prenos-na-danni-i-elektrozahranvane,,,,Data Transmission and Power Systems,Системи за пренос на данни и електрозахранване,sistemi-za-prenos-na-danni,videonablyudenie/sistemi-za-prenos-na-danni-i-elektrozahranvane,false,8,230,TEKRA,false,2026-08-19 12:26:47.853,2026-08-19 12:26:47.853,admin,admin,
971,,,,,,Accessories,Аксесоари,sistemi-prenos-aksesoari,videonablyudenie/sistemi-za-prenos-na-danni-i-elektrozahranvane/aksesoari-253,true,1,970,TEKRA,false,2026-08-19 12:26:47.853,2026-08-19 15:37:53.531,admin,admin,
572,,,,,,Compressor,Compressor,compressor,other/compressor,false,0,,ASBIS,false,2026-08-06 11:58:55.818,2026-08-06 12:06:45.475,ignatov_rs@abv.bg,ignatov_rs@abv.bg,
675,,,,,,Батерия,Батерия,bateriya-asbis,zahranvane-i-kabeli/bateriya-asbis,false,0,380,ASBIS,false,2026-08-06 11:58:56.921,2026-08-06 12:06:45.475,ignatov_rs@abv.bg,ignatov_rs@abv.bg,
323,,,,,,Централен процесор - настолен,Централен процесор - настолен,tsentralen-protsesor-nastolen,protsesori/tsentralen-protsesor-nastolen,false,0,1,ASBIS,false,2026-05-19 15:47:29.618,2026-05-20 09:32:57.821,system,system,
524,,,,,,SSD Server Optane,SSD сървърен Optane,ssd-server-optane,optane/ssd-server-optane,false,0,1,ASBIS,false,2026-05-19 15:47:31.367,2026-05-20 09:32:57.821,system,system,
376,,,,,,Настолна система,Настолна система,nastolna-sistema,nastolni-rs/nastolna-sistema,false,0,31,ASBIS,false,2026-05-19 15:47:30.059,2026-05-20 09:32:57.821,system,system,
379,,,,,,Компютър за геймъри,Компютър за геймъри,kompyutar-za-geymari,nastolni-rs/kompyutar-za-geymari,false,0,31,ASBIS,false,2026-05-19 15:47:30.084,2026-05-20 09:32:57.821,system,system,
377,,,,,,PC all in one,Компютър всичко в едно,pc-all-in-one,nastolni-rs/pc-all-in-one,false,0,31,ASBIS,false,2026-05-19 15:47:30.068,2026-05-20 09:32:57.821,system,system,
422,,,,,,РС полуготова система,РС полуготова система,rs-polugotova-sistema,nastolni-konfiguratsii/rs-polugotova-sistema,false,0,31,ASBIS,false,2026-05-19 15:47:30.580,2026-05-20 09:32:57.821,system,system,
432,,,,,,Дънна платка сървърна,Дънна платка сървърна,danna-platka-sarvarna,sarvari/danna-platka-sarvarna,false,0,31,ASBIS,false,2026-05-19 15:47:30.666,2026-05-20 09:32:57.821,system,system,
424,,,,,,Сървърна кутия,Сървърна кутия,sarvarna-kutiya,sarvarni-komponenti/sarvarna-kutiya,false,0,31,ASBIS,false,2026-05-19 15:47:30.596,2026-05-20 09:32:57.821,system,system,
425,,,,,,Сървърни аксесоари,Сървърни аксесоари,sarvarni-aksesoari,sarvarni-komponenti/sarvarni-aksesoari,false,0,31,ASBIS,false,2026-05-19 15:47:30.605,2026-05-20 09:32:57.821,system,system,
426,,,,,,RAID контролер,RAID контролер,raid-kontroler,sarvarni-komponenti/raid-kontroler,false,0,31,ASBIS,false,2026-05-19 15:47:30.613,2026-05-20 09:32:57.821,system,system,
427,,,,,,HBA контролер,HBA контролер,hba-kontroler,sarvarni-komponenti/hba-kontroler,false,0,31,ASBIS,false,2026-05-19 15:47:30.622,2026-05-20 09:32:57.821,system,system,
428,,,,,,Сървърно охлаждане,Сървърно охлаждане,sarvarno-ohlazhdane,sarvarni-komponenti/sarvarno-ohlazhdane,false,0,31,ASBIS,false,2026-05-19 15:47:30.635,2026-05-20 09:32:57.821,system,system,
429,,,,,,RAID контролер - аксесоари,RAID контролер - аксесоари,raid-kontroler-aksesoari,sarvarni-komponenti/raid-kontroler-aksesoari,false,0,31,ASBIS,false,2026-05-19 15:47:30.643,2026-05-20 09:32:57.821,system,system,
441,,,,,,Преносим компютър - бизнес,Преносим компютър - бизнес,prenosim-kompyutar-biznes,prenosimi-kompyutri/prenosim-kompyutar-biznes,false,0,36,ASBIS,false,2026-05-19 15:47:30.732,2026-05-20 09:32:57.821,system,system,
485,,,,,,PC таблет с Windows,PC таблет с Windows,pc-tablet-s-windows,tableti/pc-tablet-s-windows,false,0,36,ASBIS,false,2026-05-19 15:47:31.061,2026-05-20 09:32:57.821,system,system,
396,,,,,,Опаковка за пренасяне,Опаковка за пренасяне,opakovka-za-prenasyane,konektori/opakovka-za-prenasyane,false,0,36,ASBIS,false,2026-05-19 15:47:30.325,2026-05-20 09:32:57.821,system,system,
363,,,,,,LED Монитор,LED Монитор,led-monitor,displei/led-monitor,false,0,49,ASBIS,false,2026-05-19 15:47:29.951,2026-05-20 09:32:57.821,system,system,
364,,,,,,LED телевизор,LED телевизор,led-televizor,displei/led-televizor,false,0,49,ASBIS,false,2026-05-19 15:47:29.960,2026-05-20 09:32:57.821,system,system,
365,,,,,,Широкоформатни дисплеи,Широкоформатни дисплеи,shirokoformatni-displei,displei/shirokoformatni-displei,false,0,49,ASBIS,false,2026-05-19 15:47:29.967,2026-05-20 09:32:57.821,system,system,
93,,,,,548,"3D Printers","3D Принтери","3d-printers",,true,102,78,VALI,false,2026-04-02 10:02:01.049,2026-04-02 10:02:02.997,system,system,
94,,,,,719,"3D Scanners","3D Скенери","3d-scanners",,true,103,78,VALI,false,2026-04-02 10:02:01.051,2026-04-02 10:02:02.997,system,system,
409,,,,,,Посочващо Устройство,Посочващо Устройство,posochvashto-ustroystvo,periferiya/posochvashto-ustroystvo,false,0,54,ASBIS,false,2026-05-19 15:47:30.448,2026-05-20 09:32:57.821,system,system,
410,,,,,,Презентер,Презентер,prezenter,periferiya/prezenter,false,0,54,ASBIS,false,2026-05-19 15:47:30.455,2026-05-20 09:32:57.821,system,system,
518,,,,,,Флаш памети,Флаш памети,flash-pameti-asbis,flash-pameti-asbis/flash-pameti-asbis,false,0,54,ASBIS,false,2026-05-19 15:47:31.322,2026-05-20 09:32:57.821,system,system,
519,,,,,,USB флаш памет,USB флаш памет,usb-flash-pamet,flash-pameti-asbis/usb-flash-pamet,false,0,54,ASBIS,false,2026-05-19 15:47:31.328,2026-05-20 09:32:57.821,system,system,
326,,,,,,Мултимедия - Аудио система,Мултимедия - Аудио система,multimediya-audio-sistema,multimedien-harduer/multimediya-audio-sistema,false,0,54,ASBIS,false,2026-05-19 15:47:29.644,2026-05-20 09:32:57.821,system,system,
327,,,,,,Видеоконферентно решение,Видеоконферентно решение,videokonferentno-reshenie,multimedien-harduer/videokonferentno-reshenie,false,0,54,ASBIS,false,2026-05-19 15:47:29.655,2026-05-20 09:32:57.821,system,system,
328,,,,,,Аудио видео системи,Аудио видео системи,audio-video-sistemi,multimedien-harduer/audio-video-sistemi,false,0,54,ASBIS,false,2026-05-19 15:47:29.665,2026-05-20 09:32:57.821,system,system,
329,,,,,,Високоговорител,Високоговорител,visokogovoritel,multimedien-harduer/visokogovoritel,false,0,54,ASBIS,false,2026-05-19 15:47:29.676,2026-05-20 09:32:57.821,system,system,
332,,,,,,TV сет,TV сет,tv-set,multimedien-harduer/tv-set,false,0,54,ASBIS,false,2026-05-19 15:47:29.702,2026-05-20 09:32:57.821,system,system,
331,,,,,,Multimedia - Subwoofer,Мултимедия - Субуфер,multimedia-subwoofer,multimedien-harduer/multimedia-subwoofer,false,0,54,ASBIS,false,2026-05-19 15:47:29.693,2026-05-20 09:32:57.821,system,system,
330,,,,,,Multimedia - Soundbar,Мултимедия - Саундбар,multimedia-soundbar,multimedien-harduer/multimedia-soundbar,false,0,54,ASBIS,false,2026-05-19 15:47:29.684,2026-05-20 09:32:57.821,system,system,
491,,,,,,Bluetooth говорители,Bluetooth говорители,bluetooth-govoriteli,aidio-ustroystva/bluetooth-govoriteli,false,0,54,ASBIS,false,2026-05-19 15:47:31.106,2026-05-20 09:32:57.821,system,system,
374,,,,,,DVD-RW,DVD-RW,dvd-rw,optichni-ustroystva/dvd-rw,false,0,1,ASBIS,false,2026-05-19 15:47:30.042,2026-05-20 09:32:57.821,system,system,
492,,,,,,TWS Bluetooth слушалки,TWS Bluetooth слушалки,tws-bluetooth-slushalki,aidio-ustroystva/tws-bluetooth-slushalki,false,0,54,ASBIS,false,2026-05-19 15:47:31.113,2026-05-20 09:32:57.821,system,system,
494,,,,,,Микрофон,Микрофон,mikrofon,aidio-ustroystva/mikrofon,false,0,54,ASBIS,false,2026-05-19 15:47:31.128,2026-05-20 09:32:57.821,system,system,
493,,,,,,Multimedia - PC Headsets,Мултимедия - PC слушалки,multimedia-pc-headsets,aidio-ustroystva/multimedia-pc-headsets,false,0,54,ASBIS,false,2026-05-19 15:47:31.120,2026-05-20 09:32:57.821,system,system,
334,,,,,,Безжична точка за достъп,Безжична точка за достъп,bezzhichna-tochka-za-dostap,mrezhovi-produkti/bezzhichna-tochka-za-dostap,false,0,99,ASBIS,false,2026-05-19 15:47:29.725,2026-05-20 09:32:57.821,system,system,
335,,,,,,Wireless външна точка за достъп,Wireless външна точка за достъп,wireless-vanshna-tochka-za-dostap,mrezhovi-produkti/wireless-vanshna-tochka-za-dostap,false,0,99,ASBIS,false,2026-05-19 15:47:29.732,2026-05-20 09:32:57.821,system,system,
336,,,,,,Мрежов Комутатор,Мрежов Комутатор,mrezhov-komutator,mrezhovi-produkti/mrezhov-komutator,false,0,99,ASBIS,false,2026-05-19 15:47:29.740,2026-05-20 09:32:57.821,system,system,
337,,,,,,Маршрутизатор,Маршрутизатор,marshrutizator,mrezhovi-produkti/marshrutizator,false,0,99,ASBIS,false,2026-05-19 15:47:29.747,2026-05-20 09:32:57.821,system,system,
338,,,,,,Трансийвър,Трансийвър,transiyvar,mrezhovi-produkti/transiyvar,false,0,99,ASBIS,false,2026-05-19 15:47:29.755,2026-05-20 09:32:57.821,system,system,
339,,,,,,Мрежови кабели,Мрежови кабели,mrezhovi-kabeli,mrezhovi-produkti/mrezhovi-kabeli,false,0,99,ASBIS,false,2026-05-19 15:47:29.762,2026-05-20 09:32:57.821,system,system,
340,,,,,,IP камера,IP камера,ip-kamera,mrezhovi-produkti/ip-kamera,false,0,99,ASBIS,false,2026-05-19 15:47:29.770,2026-05-20 09:32:57.821,system,system,
343,,,,,,USB хъб,USB хъб,usb-hab,mrezhovi-produkti/usb-hab,false,0,99,ASBIS,false,2026-05-19 15:47:29.794,2026-05-20 09:32:57.821,system,system,
344,,,,,,Безжична мрежова карта,Безжична мрежова карта,bezzhichna-mrezhova-karta,mrezhovi-produkti/bezzhichna-mrezhova-karta,false,0,99,ASBIS,false,2026-05-19 15:47:29.801,2026-05-20 09:32:57.821,system,system,
345,,,,,,Мрежова Карта,Мрежова Карта,mrezhova-karta,mrezhovi-produkti/mrezhova-karta,false,0,99,ASBIS,false,2026-05-19 15:47:29.809,2026-05-20 09:32:57.821,system,system,
346,,,,,,Апаратура за Контрол на Достъпа,Апаратура за Контрол на Достъпа,aparatura-za-kontrol-na-dostapa,mrezhovi-produkti/aparatura-za-kontrol-na-dostapa,false,0,99,ASBIS,false,2026-05-19 15:47:29.817,2026-05-20 09:32:57.821,system,system,
347,,,,,,Принт Сървър,Принт Сървър,print-sarvar,mrezhovi-produkti/print-sarvar,false,0,99,ASBIS,false,2026-05-19 15:47:29.825,2026-05-20 09:32:57.821,system,system,
341,,,,,,Range Extender,Разширител на обхват,range-extender,mrezhovi-produkti/range-extender,false,0,99,ASBIS,false,2026-05-19 15:47:29.777,2026-05-20 09:32:57.821,system,system,
342,,,,,,Networking - Хардуеър,Мрежов хардуер,networking-harduear,mrezhovi-produkti/networking-harduear,false,0,99,ASBIS,false,2026-05-19 15:47:29.786,2026-05-20 09:32:57.821,system,system,
444,,,,,,Гейминг аксесоари,Гейминг аксесоари,geyming-aksesoari,igri-i-multimediya/geyming-aksesoari,false,0,167,ASBIS,false,2026-05-19 15:47:30.754,2026-05-20 09:32:57.821,system,system,
445,,,,,,Гейминг стол,Гейминг стол,geyming-stol,igri-i-multimediya/geyming-stol,false,0,167,ASBIS,false,2026-05-19 15:47:30.762,2026-05-20 09:32:57.821,system,system,
446,,,,,,Гейминг клавиатура,Гейминг клавиатура,geyming-klaviatura,igri-i-multimediya/geyming-klaviatura,false,0,167,ASBIS,false,2026-05-19 15:47:30.769,2026-05-20 09:32:57.821,system,system,
447,,,,,,Гейминг мишка,Гейминг мишка,geyming-mishka,igri-i-multimediya/geyming-mishka,false,0,167,ASBIS,false,2026-05-19 15:47:30.776,2026-05-20 09:32:57.821,system,system,
448,,,,,,Гейминг слушалки,Гейминг слушалки,geyming-slushalki,igri-i-multimediya/geyming-slushalki,false,0,167,ASBIS,false,2026-05-19 15:47:30.789,2026-05-20 09:32:57.821,system,system,
451,,,,,,Гейминг контролер,Гейминг контролер,geyming-kontroler,igri-i-multimediya/geyming-kontroler,false,0,167,ASBIS,false,2026-05-19 15:47:30.813,2026-05-20 09:32:57.821,system,system,
453,,,,,,Гейминг комплекти,Гейминг комплекти,geyming-komplekti,igri-i-multimediya/geyming-komplekti,false,0,167,ASBIS,false,2026-05-19 15:47:30.827,2026-05-20 09:32:57.821,system,system,
450,,,,,,Gaming Desk,Гейминг бюро,gaming-desk,igri-i-multimediya/gaming-desk,false,0,167,ASBIS,false,2026-05-19 15:47:30.806,2026-05-20 09:32:57.821,system,system,
449,,,,,,Gaming Mousepads,Гейминг подложки за мишка,gaming-mousepads,igri-i-multimediya/gaming-mousepads,false,0,167,ASBIS,false,2026-05-19 15:47:30.798,2026-05-20 09:32:57.821,system,system,
452,,,,,,Gaming Microphone,Гейминг микрофон,gaming-microphone,igri-i-multimediya/gaming-microphone,false,0,167,ASBIS,false,2026-05-19 15:47:30.820,2026-05-20 09:32:57.821,system,system,
502,,,,,,Външна смарт IP камера,Външна смарт IP камера,vanshna-smart-ip-kamera,smart-ustroystva/vanshna-smart-ip-kamera,false,0,153,ASBIS,false,2026-05-19 15:47:31.184,2026-05-20 09:32:57.821,system,system,
503,,,,,,Смарт часовник,Смарт часовник,smart-chasovnik,smart-ustroystva/smart-chasovnik,false,0,153,ASBIS,false,2026-05-19 15:47:31.192,2026-05-20 09:32:57.821,system,system,
504,,,,,,Смарт безжичен ключ,Смарт безжичен ключ,smart-bezzhichen-klyuch,smart-ustroystva/smart-bezzhichen-klyuch,false,0,153,ASBIS,false,2026-05-19 15:47:31.199,2026-05-20 09:32:57.821,system,system,
155,,,,,720,IP Phones,IP Телефони,ip-phones,,true,171,153,VALI,false,2026-04-02 10:02:02.109,2026-04-02 10:02:03.151,system,system,
505,,,,,,Вътрешна смарт IP камера,Вътрешна смарт IP камера,vatreshna-smart-ip-kamera,smart-ustroystva/vatreshna-smart-ip-kamera,false,0,153,ASBIS,false,2026-05-19 15:47:31.207,2026-05-20 09:32:57.821,system,system,
506,,,,,,Смарт дистанционно у-ние,Смарт дистанционно у-ние,smart-distantsionno-u-nie,smart-ustroystva/smart-distantsionno-u-nie,false,0,153,ASBIS,false,2026-05-19 15:47:31.214,2026-05-20 09:32:57.821,system,system,
507,,,,,,Смарт сензори за дома,Смарт сензори за дома,smart-senzori-za-doma,smart-ustroystva/smart-senzori-za-doma,false,0,153,ASBIS,false,2026-05-19 15:47:31.222,2026-05-20 09:32:57.821,system,system,
791,,,,,,Antenna,Антена,antenna-asbis,other/antenna-asbis,false,0,788,ASBIS,false,2026-08-06 12:12:43.955,2026-08-06 12:16:17.030,ignatov_rs@abv.bg,ignatov_rs@abv.bg,
828,,,,,,Tools,Tools,tools-asbis,other/tools-asbis,false,0,788,ASBIS,false,2026-08-06 12:12:46.195,2026-08-06 12:16:17.030,ignatov_rs@abv.bg,ignatov_rs@abv.bg,
508,,,,,,Смарт хъб,Смарт хъб,smart-hab,smart-ustroystva/smart-hab,false,0,153,ASBIS,false,2026-05-19 15:47:31.229,2026-05-20 09:32:57.821,system,system,
509,,,,,,Смарт комплект,Смарт комплект,smart-komplekt,smart-ustroystva/smart-komplekt,false,0,153,ASBIS,false,2026-05-19 15:47:31.236,2026-05-20 09:32:57.821,system,system,
510,,,,,,Смарт LED осветление,Смарт LED осветление,smart-led-osvetlenie,smart-ustroystva/smart-led-osvetlenie,false,0,153,ASBIS,false,2026-05-19 15:47:31.252,2026-05-20 09:32:57.821,system,system,
511,,,,,,Смарт реле,Смарт реле,smart-rele,smart-ustroystva/smart-rele,false,0,153,ASBIS,false,2026-05-19 15:47:31.260,2026-05-20 09:32:57.821,system,system,
512,,,,,,Смарт контакт,Смарт контакт,smart-kontakt,smart-ustroystva/smart-kontakt,false,0,153,ASBIS,false,2026-05-19 15:47:31.276,2026-05-20 09:32:57.821,system,system,
501,,,,,,Kids Watch,Детски часовник,kids-watch,smart-ustroystva/kids-watch,false,0,153,ASBIS,false,2026-05-19 15:47:31.176,2026-05-20 09:32:57.821,system,system,
383,,,,,,Кабел,Кабел,kabel,zahranvane-i-kabeli/kabel,false,0,127,ASBIS,false,2026-05-19 15:47:30.135,2026-05-20 09:32:57.821,system,system,
384,,,,,,USB Кабели,USB Кабели,usb-kabeli,zahranvane-i-kabeli/usb-kabeli,false,0,127,ASBIS,false,2026-05-19 15:47:30.149,2026-05-20 09:32:57.821,system,system,
386,,,,,,HDMI Кабели,HDMI Кабели,hdmi-kabeli,zahranvane-i-kabeli/hdmi-kabeli,false,0,127,ASBIS,false,2026-05-19 15:47:30.179,2026-05-20 09:32:57.821,system,system,
388,,,,,,VGA Кабели,VGA Кабели,vga-kabeli,zahranvane-i-kabeli/vga-kabeli,false,0,127,ASBIS,false,2026-05-19 15:47:30.196,2026-05-20 09:32:57.821,system,system,
381,,,,,,Адаптер за Захранване,Адаптер за Захранване,adapter-za-zahranvane,zahranvane-i-kabeli/adapter-za-zahranvane,false,0,198,ASBIS,false,2026-05-19 15:47:30.100,2026-05-20 09:32:57.821,system,system,
387,,,,,,Батерия,Батерия,bateriya,zahranvane-i-kabeli/bateriya,false,0,198,ASBIS,false,2026-05-19 15:47:30.187,2026-05-20 09:32:57.821,system,system,
385,,,,,,Непрекъсваемо Токозахранване,Непрекъсваемо Токозахранване,neprekasvaemo-tokozahranvane,zahranvane-i-kabeli/neprekasvaemo-tokozahranvane,false,0,72,ASBIS,false,2026-05-19 15:47:30.166,2026-05-20 09:32:57.821,system,system,
487,,,,,,Йонен дифузер,Йонен дифузер,yonen-difuzer,grizha-za-zdraveto/yonen-difuzer,false,0,454,ASBIS,false,2026-05-19 15:47:31.076,2026-05-20 09:32:57.821,system,system,
488,,,,,,Пречиствател на въздух,Пречиствател на въздух,prechistvatel-na-vazduh,grizha-za-zdraveto/prechistvatel-na-vazduh,false,0,454,ASBIS,false,2026-05-19 15:47:31.084,2026-05-20 09:32:57.821,system,system,
412,,,,,,Лентови Медии,Лентови Медии,lentovi-medii,medii/lentovi-medii,false,0,71,ASBIS,false,2026-05-19 15:47:30.477,2026-05-20 09:32:57.821,system,system,
405,,,,,,Авто видеорегистратор,Авто видеорегистратор,avto-videoregistrator,tsifrovi-fotoaparati/avto-videoregistrator,false,0,144,ASBIS,false,2026-05-19 15:47:30.407,2026-05-20 09:32:57.821,system,system,
435,,,,,,Цифров медия плеър,Цифров медия плеър,tsifrov-mediya-plear,multimediyni-komponenti/tsifrov-mediya-plear,false,0,119,ASBIS,false,2026-05-19 15:47:30.688,2026-05-20 09:32:57.821,system,system,
349,,,,,,Електронни лицензи,Електронни лицензи,elektronni-litsenzi,softuear/elektronni-litsenzi,false,0,192,ASBIS,false,2026-05-19 15:47:29.840,2026-05-20 09:32:57.821,system,system,
528,,,,,,Robot-Cleaner,Робот почистващ,robot-cleaner,robotic-solutions/robot-cleaner,false,0,454,ASBIS,false,2026-05-19 15:47:31.396,2026-05-20 09:32:57.821,system,system,
351,,,,,,Операционна система за РС (кутия с DVD носители),Операционна система за РС (кутия с DVD носители),operatsionna-sistema-za-rs-kutiya-s-dvd-nositeli,softuear/operatsionna-sistema-za-rs-kutiya-s-dvd-nositeli,false,0,192,ASBIS,false,2026-05-19 15:47:29.854,2026-05-20 09:32:57.821,system,system,
353,,,,,,Софтуер за мултиборд,Софтуер за мултиборд,softuer-za-multibord,softuear/softuer-za-multibord,false,0,192,ASBIS,false,2026-05-19 15:47:29.872,2026-05-20 09:32:57.821,system,system,
354,,,,,,Приложен софтуер за PC (кутия с DVD носители),Приложен софтуер за PC (кутия с DVD носители),prilozhen-softuer-za-pc-kutiya-s-dvd-nositeli,softuear/prilozhen-softuer-za-pc-kutiya-s-dvd-nositeli,false,0,192,ASBIS,false,2026-05-19 15:47:29.880,2026-05-20 09:32:57.821,system,system,
352,,,,,,Soft OEM. MS Server media CD,Софт OEM - MS Server медия CD,soft-oem-ms-server-media-cd,softuear/soft-oem-ms-server-media-cd,false,0,192,ASBIS,false,2026-05-19 15:47:29.863,2026-05-20 09:32:57.821,system,system,
355,,,,,,ОЕМ операционна система за РС,ОЕМ операционна система за РС,oem-operatsionna-sistema-za-rs,softuear/oem-operatsionna-sistema-za-rs,false,0,192,ASBIS,false,2026-05-19 15:47:29.888,2026-05-20 09:32:57.821,system,system,
356,,,,,,IDS софтуер,IDS софтуер,ids-softuer,softuear/ids-softuer,false,0,192,ASBIS,false,2026-05-19 15:47:29.896,2026-05-20 09:32:57.821,system,system,
357,,,,,,Софтуер за Мрежово Администриране и Обслужване,Софтуер за Мрежово Администриране и Обслужване,softuer-za-mrezhovo-administrirane-i-obsluzhvane,softuear/softuer-za-mrezhovo-administrirane-i-obsluzhvane,false,0,192,ASBIS,false,2026-05-19 15:47:29.904,2026-05-20 09:32:57.821,system,system,
358,,,,,,Офис пакет за PC (кутия с DVD носители),Офис пакет за PC (кутия с DVD носители),ofis-paket-za-pc-kutiya-s-dvd-nositeli,softuear/ofis-paket-za-pc-kutiya-s-dvd-nositeli,false,0,192,ASBIS,false,2026-05-19 15:47:29.912,2026-05-20 09:32:57.821,system,system,
359,,,,,,Application ( Server ) License,Приложен лиценз (Сървърен),application-server-license,softuear/application-server-license,false,0,192,ASBIS,false,2026-05-19 15:47:29.919,2026-05-20 09:32:57.821,system,system,
399,,,,,,Адаптери,Адаптери,adapteri-asbis,adapteri/asbis,false,0,1,ASBIS,false,2026-05-19 15:47:30.355,2026-05-20 09:32:57.821,system,system,
400,,,,,,Контролерна карта,Контролерна карта,kontrolerna-karta,adapteri/kontrolerna-karta,false,0,1,ASBIS,false,2026-05-19 15:47:30.362,2026-05-20 09:32:57.821,system,system,
401,,,,,,Порт Репликатор,Порт Репликатор,port-replikator,adapteri/port-replikator,false,0,36,ASBIS,false,2026-05-19 15:47:30.373,2026-05-20 09:32:57.821,system,system,
312,,,,,,Подложка за мишка,Подложка за мишка,podlozhka-za-mishka,aksesoari/podlozhka-za-mishka,false,0,54,ASBIS,false,2026-05-19 15:47:29.507,2026-05-20 09:32:57.821,system,system,
291,,,,,,VC WebCams,Видеоконферентни уеб камери,vc-webcams,other/vc-webcams,false,0,54,ASBIS,false,2026-05-19 15:47:29.277,2026-05-20 09:32:57.821,system,system,
196,,,,,682,Creativity and design,Творчество и дизайн,creativity-and-design,,false,4,192,VALI,false,2026-04-02 10:02:02.334,2026-08-06 12:06:45.475,system,system,
456,,,,,,Фритюрници,Фритюрници,frityurnitsi,drebni-domakinski-uredi/frityurnitsi,false,0,454,ASBIS,false,2026-05-19 15:47:30.849,2026-05-20 09:32:57.821,system,system,
197,,,,,627,Software solutions for education,Софтуер за образованието,software-solutions-for-education,,false,5,192,VALI,false,2026-04-02 10:02:02.344,2026-08-06 12:06:45.475,system,system,
200,,,,,635,Cell Phone Batteries,Батерии за мобилни телефони,cell-phone-batteries,,false,2,198,VALI,false,2026-04-02 10:02:02.350,2026-08-06 12:06:45.475,system,system,
459,,,,,,Кани,Кани,kani,drebni-domakinski-uredi/kani,false,0,454,ASBIS,false,2026-05-19 15:47:30.867,2026-05-20 09:32:57.821,system,system,
437,,,,,,Видео Карта,Видео Карта,video-karta,video-adapteri/video-karta,false,0,1,ASBIS,false,2026-05-19 15:47:30.704,2026-05-20 09:32:57.821,system,system,
439,,,,,,Видео адаптери,Видео адаптери,video-adapteri-asbis,video-adapteri/asbis,false,0,1,ASBIS,false,2026-05-19 15:47:30.719,2026-05-20 09:32:57.821,system,system,
317,,,,,,Аксесоари - резервни части,Аксесоари - резервни части,aksesoari-rezervni-chasti,aksesoari/rezervni-chasti,false,0,54,ASBIS,false,2026-05-19 15:47:29.554,2026-05-20 09:32:57.821,system,system,
183,,,,,475,Car accessories,Аксесоари за автомобили,car-accessories,,true,1,182,VALI,false,2026-04-02 10:02:02.175,2026-04-02 10:02:03.245,system,system,
185,,,,,514,Shredders,Шредери,shredders,,true,1,184,VALI,false,2026-04-02 10:02:02.181,2026-04-02 10:02:03.245,system,system,
186,,,,,515,Laminators,Ламинатори,laminators,,true,2,184,VALI,false,2026-04-02 10:02:02.183,2026-04-02 10:02:03.245,system,system,
187,,,,,516,"CD, DVD boxes","Класьори за CD, DVD",cd-dvd-boxes,,true,3,184,VALI,false,2026-04-02 10:02:02.188,2026-04-02 10:02:03.245,system,system,
188,,,,,518,Laminating Film,Ламиниращо фолио,laminating-film,,true,4,184,VALI,false,2026-04-02 10:02:02.192,2026-04-02 10:02:03.246,system,system,
189,,,,,520,Cleaning kits,Почистващи материали,cleaning-kits,,true,5,184,VALI,false,2026-04-02 10:02:02.195,2026-04-02 10:02:03.246,system,system,
190,,,,,537,Guillotines,Гилотини,guillotines,,true,6,184,VALI,false,2026-04-02 10:02:02.197,2026-04-02 10:02:03.246,system,system,
191,,,,,555,"CD, DVD, Blu-Ray","Носители CD, DVD, Blu-Ray",cd-dvd-blu-ray,,true,7,184,VALI,false,2026-04-02 10:02:02.201,2026-04-02 10:02:03.246,system,system,
193,,,,,498,Antivirus software,Антивирусни програми,antivirus-software,,true,1,192,VALI,false,2026-04-02 10:02:02.213,2026-04-02 10:02:03.246,system,system,
194,,,,,499,Office & Desktop & Bussiness Applications,Office & Desktop & Bussiness приложения,office-and-desktop-and-bussiness-applications,,true,2,192,VALI,false,2026-04-02 10:02:02.215,2026-04-02 10:02:03.246,system,system,
195,,,,,707,Print management software,Софтуер за управление на печата,print-management-software,,true,3,192,VALI,false,2026-04-02 10:02:02.220,2026-04-02 10:02:03.246,system,system,
199,,,,,494,Batteries,Батерии,batteries,,true,1,198,VALI,false,2026-04-02 10:02:02.349,2026-04-02 10:02:03.247,system,system,
201,,,,,532,Batteries for notebooks,Батерии за лаптопи,batteries-for-notebooks,,true,3,198,VALI,false,2026-04-02 10:02:02.352,2026-04-02 10:02:03.247,system,system,
202,,,,,595,Battery for digital cameras end camcorders,Батерии за фотоапарати и камкордери,battery-for-digital-cameras-end-camcorders,,true,4,198,VALI,false,2026-04-02 10:02:02.354,2026-04-02 10:02:03.247,system,system,
203,,,,,507,UPS batteries and security alarms,Батерии за UPS и СОТ-аларми,ups-batteries-and-security-alarms,,true,5,198,VALI,false,2026-04-02 10:02:02.356,2026-04-02 10:02:03.247,system,system,
204,,,,,522,Batteries for phones,Батерии за безжични телефони,batteries-for-phones,,true,6,198,VALI,false,2026-04-02 10:02:02.358,2026-04-02 10:02:03.247,system,system,
313,,,,,,Охладителни стойки за мобилни компютри,Охладителни стойки за мобилни компютри,ohladitelni-stoyki-za-mobilni-kompyutri,aksesoari/ohladitelni-stoyki-za-mobilni-kompyutri,false,0,36,ASBIS,false,2026-05-19 15:47:29.515,2026-05-20 09:32:57.821,system,system,
302,,,,,,Мрежови аксесоари,Мрежови аксесоари,mrezhovi-aksesoari,aksesoari/mrezhovi-aksesoari,false,0,99,ASBIS,false,2026-05-19 15:47:29.409,2026-05-20 09:32:57.821,system,system,
205,,,,,642,Batteries two way radio,Батерии за радиостанции,batteries-two-way-radio,,true,7,198,VALI,false,2026-04-02 10:02:02.359,2026-04-02 10:02:03.247,system,system,
206,,,,,643,Batteries for Barcode Scanner,Батерии за баркод скенери,batteries-for-barcode-scanner,,true,8,198,VALI,false,2026-04-02 10:02:02.361,2026-04-02 10:02:03.248,system,system,
207,,,,,529,Chargers and adapters,Зарядни устройства и адаптери,chargers-and-adapters,,true,9,198,VALI,false,2026-04-02 10:02:02.374,2026-04-02 10:02:03.248,system,system,
208,,,,,711,Batteries for Crane Remote Control,Батерии за дистанционни за кран,batteries-for-crane-remote-control,,true,10,198,VALI,false,2026-04-02 10:02:02.376,2026-04-02 10:02:03.248,system,system,
209,,,,,716,Batteries for vacuum cleaners,Батерии за прахосмукачки,batteries-for-vacuum-cleaners,,true,11,198,VALI,false,2026-04-02 10:02:02.378,2026-04-02 10:02:03.248,system,system,
220,,,,,539,Watches,Часовници,watches,,true,269,211,VALI,false,2026-04-02 10:02:02.405,2026-08-19 11:35:50.129,system,system,
214,,,,,492,Torches,Фенери,torches,,true,1,211,VALI,false,2026-04-02 10:02:02.390,2026-04-02 10:02:03.248,system,system,
215,,,,,607,Test & Measure,Уреди за измерване и контрол,test-and-measure,,true,2,211,VALI,false,2026-04-02 10:02:02.392,2026-04-02 10:02:03.249,system,system,
216,,,,,519,Tools,Инструменти,tools,,true,3,211,VALI,false,2026-04-02 10:02:02.393,2026-04-02 10:02:03.249,system,system,
217,,,,,606,Screwdrivers,Отвертки,screwdrivers,,true,4,211,VALI,false,2026-04-02 10:02:02.395,2026-04-02 10:02:03.249,system,system,
225,,,,,701,,Природни науки,category-225,,false,3,222,VALI,false,2026-04-02 10:02:02.414,2026-08-06 12:06:45.475,system,system,
229,,,,,705,,Специализирано оборудване,category-229,,false,7,222,VALI,false,2026-04-02 10:02:02.424,2026-08-06 12:06:45.475,system,system,
790,,,,,,Security - Surveillance Video Recorder,Сигурност - Видеорекордер,security-surveillance-video-recorder-asbis,other/security-surveillance-video-recorder-asbis,false,0,788,ASBIS,false,2026-08-06 12:12:43.941,2026-08-06 12:16:17.030,ignatov_rs@abv.bg,ignatov_rs@abv.bg,
218,,,,,531,"Weather Station, Thermometers",Метео - станции и термометри,weather-station-thermometers,,false,265,211,VALI,false,2026-04-02 10:02:02.398,2026-04-02 10:02:03.249,system,system,
219,,,,,562,Timers,Таймери,timers,,false,267,211,VALI,false,2026-04-02 10:02:02.403,2026-04-02 10:02:03.249,system,system,
210,,,,,717,Batteries for robot lawnmowers,Батерии за косачки роботи,batteries-for-robot-lawnmowers,,false,12,198,VALI,false,2026-04-02 10:02:02.380,2026-05-20 09:32:57.821,system,system,
223,,,,,699,,Роботика и кибер-физични системи,category-223,,false,1,222,VALI,false,2026-04-02 10:02:02.410,2026-05-20 09:32:57.821,system,system,
224,,,,,700,,Дизайн и 3D прототипиране,category-224,,false,2,222,VALI,false,2026-04-02 10:02:02.412,2026-05-20 09:32:57.821,system,system,
226,,,,,702,,Зелени технологии,category-226,,false,4,222,VALI,false,2026-04-02 10:02:02.416,2026-05-20 09:32:57.821,system,system,
227,,,,,703,,Математика и информатика,category-227,,false,5,222,VALI,false,2026-04-02 10:02:02.420,2026-05-20 09:32:57.821,system,system,
228,,,,,704,,ВОСКС,category-228,,false,6,222,VALI,false,2026-04-02 10:02:02.422,2026-05-20 09:32:57.821,system,system,
250,,,,,,"3D Printers and scanners","3D Принтери и скенери","3d-printers-and-scanners",,false,0,78,,false,2026-04-02 10:33:40.681,2026-05-20 09:32:57.821,system,system,
251,,,,,,Wall socket accessories,Аксесоари за контакти,wall-socket-accessories,,false,0,211,,false,2026-04-02 10:33:40.681,2026-05-20 09:32:57.821,system,system,
252,,,,,,Security alarm system,Алармени системи за дома и офиса,security-alarm-system,,false,0,211,,false,2026-04-02 10:33:40.681,2026-05-20 09:32:57.821,system,system,
254,,,,,,Smart contacts,Смарт контакти,smart-contacts,,false,0,211,,false,2026-04-02 10:33:40.681,2026-05-20 09:32:57.821,system,system,
462,,,,,,Прахосмукачки,Прахосмукачки,prahosmukachki,drebni-domakinski-uredi/prahosmukachki,false,0,454,ASBIS,false,2026-05-19 15:47:30.889,2026-05-20 09:32:57.821,system,system,
463,,,,,,Smart отоплители,Smart отоплители,smart-otopliteli,drebni-domakinski-uredi/smart-otopliteli,false,0,454,ASBIS,false,2026-05-19 15:47:30.896,2026-05-20 09:32:57.821,system,system,
464,,,,,,Микровълнова печка,Микровълнова печка,mikrovalnova-pechka,drebni-domakinski-uredi/mikrovalnova-pechka,false,0,454,ASBIS,false,2026-05-19 15:47:30.903,2026-05-20 09:32:57.821,system,system,
880,,,,,,Massage Guns,Massage Guns,massage-guns-asbis,other-asbis/massage-guns-asbis,false,0,875,ASBIS,false,2026-08-06 12:30:01.110,2026-08-06 12:36:59.635,ignatov_rs@abv.bg,ignatov_rs@abv.bg,
575,,,,,,Hand Blender,Hand Blender,hand-blender,other/hand-blender,false,0,,ASBIS,false,2026-08-06 11:58:55.845,2026-08-06 12:06:45.475,ignatov_rs@abv.bg,ignatov_rs@abv.bg,
576,,,,,,Несъответствие с Розета данните,Несъответствие с Розета данните,nesaotvetstvie-s-rozeta-dannite,other/nesaotvetstvie-s-rozeta-dannite,false,0,,ASBIS,false,2026-08-06 11:58:55.857,2026-08-06 12:06:45.475,ignatov_rs@abv.bg,ignatov_rs@abv.bg,
691,,,,,,Посочващо Устройство,Посочващо Устройство,posochvashto-ustroystvo-asbis,periferiya/posochvashto-ustroystvo-asbis,false,0,406,ASBIS,false,2026-08-06 11:58:57.032,2026-08-06 12:06:45.475,ignatov_rs@abv.bg,ignatov_rs@abv.bg,
466,,,,,,Четки за зъби,Четки за зъби,chetki-za-zabi,drebni-domakinski-uredi/chetki-za-zabi,false,0,454,ASBIS,false,2026-05-19 15:47:30.918,2026-05-20 09:32:57.821,system,system,
692,,,,,,Презентер,Презентер,prezenter-asbis,periferiya/prezenter-asbis,false,0,406,ASBIS,false,2026-08-06 11:58:57.039,2026-08-06 12:06:45.475,ignatov_rs@abv.bg,ignatov_rs@abv.bg,
467,,,,,,Аксесоари за парочистачки,Аксесоари за парочистачки,aksesoari-za-parochistachki,drebni-domakinski-uredi/aksesoari-za-parochistachki,false,0,454,ASBIS,false,2026-05-19 15:47:30.926,2026-05-20 09:32:57.821,system,system,
468,,,,,,Уреди за грил,Уреди за грил,uredi-za-gril,drebni-domakinski-uredi/uredi-za-gril,false,0,454,ASBIS,false,2026-05-19 15:47:30.933,2026-05-20 09:32:57.821,system,system,
469,,,,,,Тостери,Тостери,tosteri,drebni-domakinski-uredi/tosteri,false,0,454,ASBIS,false,2026-05-19 15:47:30.940,2026-05-20 09:32:57.821,system,system,
470,,,,,,Уреди за гладене с пара,Уреди за гладене с пара,uredi-za-gladene-s-para,drebni-domakinski-uredi/uredi-za-gladene-s-para,false,0,454,ASBIS,false,2026-05-19 15:47:30.948,2026-05-20 09:32:57.821,system,system,
471,,,,,,Сешоари,Сешоари,seshoari,drebni-domakinski-uredi/seshoari,false,0,454,ASBIS,false,2026-05-19 15:47:30.956,2026-05-20 09:32:57.821,system,system,
472,,,,,,Машини за вакуумиране,Машини за вакуумиране,mashini-za-vakuumirane,drebni-domakinski-uredi/mashini-za-vakuumirane,false,0,454,ASBIS,false,2026-05-19 15:47:30.963,2026-05-20 09:32:57.821,system,system,
473,,,,,,Уреди за баня,Уреди за баня,uredi-za-banya,drebni-domakinski-uredi/uredi-za-banya,false,0,454,ASBIS,false,2026-05-19 15:47:30.971,2026-05-20 09:32:57.821,system,system,
474,,,,,,Кафемашина,Кафемашина,kafemashina,drebni-domakinski-uredi/kafemashina,false,0,454,ASBIS,false,2026-05-19 15:47:30.978,2026-05-20 09:32:57.821,system,system,
475,,,,,,Парочистачки,Парочистачки,parochistachki,drebni-domakinski-uredi/parochistachki,false,0,454,ASBIS,false,2026-05-19 15:47:30.985,2026-05-20 09:32:57.821,system,system,
476,,,,,,Sous-Vide,Sous-Vide,sous-vide,drebni-domakinski-uredi/sous-vide,false,0,454,ASBIS,false,2026-05-19 15:47:30.992,2026-05-20 09:32:57.821,system,system,
693,,,,,,Лентови Медии,Лентови Медии,lentovi-medii-asbis,medii/lentovi-medii-asbis,false,0,411,ASBIS,false,2026-08-06 11:58:57.044,2026-08-06 12:06:45.475,ignatov_rs@abv.bg,ignatov_rs@abv.bg,
694,,,,,,Дънна платка настолна,Дънна платка настолна,danna-platka-nastolna-asbis,danni-platki/danna-platka-nastolna-asbis,false,0,413,ASBIS,false,2026-08-06 11:58:57.051,2026-08-06 12:06:45.475,ignatov_rs@abv.bg,ignatov_rs@abv.bg,
696,,,,,,Памет,Памет,pamet-asbis,pamet/asbis,false,0,415,ASBIS,false,2026-08-06 11:58:57.063,2026-08-06 12:06:45.475,ignatov_rs@abv.bg,ignatov_rs@abv.bg,
697,,,,,,Сървърни памети,Сървърни памети,sarvarni-pameti-asbis,pamet/sarvarni-pameti-asbis,false,0,415,ASBIS,false,2026-08-06 11:58:57.068,2026-08-06 12:06:45.475,ignatov_rs@abv.bg,ignatov_rs@abv.bg,
521,,,,,,IDS стенен монтаж,IDS стенен монтаж,ids-stenen-montazh,digital-signage-ids/ids-stenen-montazh,false,0,520,ASBIS,false,2026-05-19 15:47:31.342,2026-05-20 09:32:57.821,system,system,
526,,,,,,Robot Arm Grippers,Роботизирани манипулатори,robot-arm-grippers,robotic-solutions/robot-arm-grippers,false,0,525,ASBIS,false,2026-05-19 15:47:31.381,2026-05-20 09:32:57.821,system,system,
527,,,,,,Robotic Arms,Роботизирани ръце,robotic-arms,robotic-solutions/robotic-arms,false,0,525,ASBIS,false,2026-05-19 15:47:31.389,2026-05-20 09:32:57.821,system,system,
530,,,,,,Robot for Deliveries,Робот за доставки,robot-for-deliveries,robotic-solutions/robot-for-deliveries,false,0,525,ASBIS,false,2026-05-19 15:47:31.411,2026-05-20 09:32:57.821,system,system,
514,,,,,,SSD за сървъри,SSD за сървъри,ssd-za-sarvari,ssd/za-sarvari,false,0,1,ASBIS,false,2026-05-19 15:47:31.296,2026-05-20 09:32:57.821,system,system,
515,,,,,,Външен SSD,Външен SSD,vanshen-ssd,ssd/vanshen-ssd,false,0,1,ASBIS,false,2026-05-19 15:47:31.302,2026-05-20 09:32:57.821,system,system,
299,,,,,,Безжични зарядни,Безжични зарядни,bezzhichni-zaryadni,aksesoari/bezzhichni-zaryadni,false,0,153,ASBIS,false,2026-05-19 15:47:29.372,2026-05-20 09:32:57.821,system,system,
314,,,,,,Дистанционно Управление,Дистанционно Управление,distantsionno-upravlenie,aksesoari/distantsionno-upravlenie,false,0,153,ASBIS,false,2026-05-19 15:47:29.525,2026-05-20 09:32:57.821,system,system,
316,,,,,,iPhone аксесоари,iPhone аксесоари,iphone-aksesoari,aksesoari/iphone-aksesoari,false,0,153,ASBIS,false,2026-05-19 15:47:29.542,2026-05-20 09:32:57.821,system,system,
303,,,,,,Аксесоари за автомобили,Аксесоари за автомобили,aksesoari-za-avtomobili,aksesoari/za-avtomobili,false,0,182,ASBIS,false,2026-05-19 15:47:29.421,2026-05-20 09:32:57.821,system,system,
300,,,,,,Аксесоари за напитки,Аксесоари за напитки,aksesoari-za-napitki,aksesoari/za-napitki,false,0,454,ASBIS,false,2026-05-19 15:47:29.383,2026-05-20 09:32:57.821,system,system,
304,,,,,,Acc - Vacuum Cleaners,Аксесоари за прахосмукачки,acc-vacuum-cleaners,aksesoari/acc-vacuum-cleaners,false,0,454,ASBIS,false,2026-05-19 15:47:29.431,2026-05-20 09:32:57.821,system,system,
315,,,,,,Acc - Air Purifiers,Аксесоари за пречиствателни устройства,acc-air-purifiers,aksesoari/acc-air-purifiers,false,0,454,ASBIS,false,2026-05-19 15:47:29.533,2026-05-20 09:32:57.821,system,system,
309,,,,,,Acc - Dental care,Аксесоари за грижа за зъби,acc-dental-care,aksesoari/acc-dental-care,false,0,454,ASBIS,false,2026-05-19 15:47:29.484,2026-05-20 09:32:57.821,system,system,
311,,,,,,Security - Surveillance System Accessories,Аксесоари за системи за видеонаблюдение,security-surveillance-system-accessories,aksesoari/security-surveillance-system-accessories,false,0,230,ASBIS,false,2026-05-19 15:47:29.499,2026-05-20 09:32:57.821,system,system,
308,,,,,,Аксесоари за настолни компютри,Аксесоари за настолни компютри,aksesoari-za-nastolni-kompyutri,aksesoari/za-nastolni-kompyutri,false,0,1,ASBIS,false,2026-05-19 15:47:29.474,2026-05-20 09:32:57.821,system,system,
310,,,,,,Монтажен Хардуер,Монтажен Хардуер,montazhen-harduer,aksesoari/montazhen-harduer,false,0,1,ASBIS,false,2026-05-19 15:47:29.493,2026-05-20 09:32:57.821,system,system,
306,,,,,,Зарядно устройство,Зарядно устройство,zaryadno-ustroystvo,aksesoari/zaryadno-ustroystvo,false,0,198,ASBIS,false,2026-05-19 15:47:29.450,2026-05-20 09:32:57.821,system,system,
318,,,,,,Аксесоари за мултиборд,Аксесоари за мултиборд,aksesoari-za-multibord,aksesoari/za-multibord,false,0,184,ASBIS,false,2026-05-19 15:47:29.565,2026-05-20 09:32:57.821,system,system,
275,,,,,,Gaming Wheel Base,Гейминг база за волан,gaming-wheel-base,other/gaming-wheel-base,false,0,167,ASBIS,false,2026-05-19 15:47:29.079,2026-05-20 09:32:57.821,system,system,
282,,,,,,Gaming Simracing Accessories,Гейминг симрейсинг аксесоари,gaming-simracing-accessories,other/gaming-simracing-accessories,false,0,167,ASBIS,false,2026-05-19 15:47:29.165,2026-05-20 09:32:57.821,system,system,
293,,,,,,Gaming Simracing Cockpit,Гейминг симрейсинг кокпит,gaming-simracing-cockpit,other/gaming-simracing-cockpit,false,0,167,ASBIS,false,2026-05-19 15:47:29.298,2026-05-20 09:32:57.821,system,system,
272,,,,,,Gaming Racing Wheel,Гейминг волан за рейсинг,gaming-racing-wheel,other/gaming-racing-wheel,false,0,167,ASBIS,false,2026-05-19 15:47:29.005,2026-05-20 09:32:57.821,system,system,
290,,,,,,Gaming Shifter,Гейминг скоростен лост,gaming-shifter,other/gaming-shifter,false,0,167,ASBIS,false,2026-05-19 15:47:29.265,2026-05-20 09:32:57.821,system,system,
285,,,,,,Gaming Monitor,Гейминг монитор,gaming-monitor,other/gaming-monitor,false,0,49,ASBIS,false,2026-05-19 15:47:29.202,2026-05-20 09:32:57.821,system,system,
263,,,,,,Multimedia - Speaker Wi-Fi,Мултимедия - Wi-Fi говорител,multimedia-speaker-wi-fi,other/multimedia-speaker-wi-fi,false,0,54,ASBIS,false,2026-05-19 15:47:28.829,2026-05-20 09:32:57.821,system,system,
264,,,,,,Accessories for OTG,Аксесоари OTG,accessories-for-otg,other/accessories-for-otg,false,0,54,ASBIS,false,2026-05-19 15:47:28.858,2026-05-20 09:32:57.821,system,system,
266,,,,,,VC Headsets,Видеоконферентни слушалки,vc-headsets,other/vc-headsets,false,0,54,ASBIS,false,2026-05-19 15:47:28.896,2026-05-20 09:32:57.821,system,system,
698,,,,,,Мобилни памети,Мобилни памети,mobilni-pameti-asbis,pamet/mobilni-pameti-asbis,false,0,415,ASBIS,false,2026-08-06 11:58:57.074,2026-08-06 12:06:45.475,ignatov_rs@abv.bg,ignatov_rs@abv.bg,
700,,,,,,РС полуготова система,РС полуготова система,rs-polugotova-sistema-asbis,nastolni-konfiguratsii/rs-polugotova-sistema-asbis,false,0,421,ASBIS,false,2026-08-06 11:58:57.088,2026-08-06 12:06:45.475,ignatov_rs@abv.bg,ignatov_rs@abv.bg,
702,,,,,,Аксесоари за принтер,Аксесоари за принтер,aksesoari-za-printer,printeri/aksesoari-za-printer,false,0,701,ASBIS,false,2026-08-06 11:58:57.100,2026-08-06 12:06:45.475,ignatov_rs@abv.bg,ignatov_rs@abv.bg,
584,,,,,,Tools,Tools,tools-asbis,other/tools-asbis,false,0,,ASBIS,false,2026-08-06 11:58:55.969,2026-08-06 12:06:45.475,ignatov_rs@abv.bg,ignatov_rs@abv.bg,
457,,,,,,Drinkware,Съдове за напитки,drinkware,drebni-domakinski-uredi/drinkware,false,0,454,ASBIS,false,2026-05-19 15:47:30.855,2026-05-20 09:32:57.821,system,system,
458,,,,,,Cast Iron Cookware,Готварски съдове от чугун,cast-iron-cookware,drebni-domakinski-uredi/cast-iron-cookware,false,0,454,ASBIS,false,2026-05-19 15:47:30.860,2026-05-20 09:32:57.821,system,system,
460,,,,,,Food Storage Container,Контейнери за съхранение на храна,food-storage-container,drebni-domakinski-uredi/food-storage-container,false,0,454,ASBIS,false,2026-05-19 15:47:30.874,2026-05-20 09:32:57.821,system,system,
585,,,,,,Electric Fans,Electric Fans,electric-fans,other/electric-fans,false,0,,ASBIS,false,2026-08-06 11:58:55.979,2026-08-06 12:06:45.475,ignatov_rs@abv.bg,ignatov_rs@abv.bg,
793,,,,,,Massage Guns,Massage Guns,massage-guns-asbis,other/massage-guns-asbis,false,0,788,ASBIS,false,2026-08-06 12:12:44.354,2026-08-06 12:16:17.030,ignatov_rs@abv.bg,ignatov_rs@abv.bg,
801,,,,,,Air Fryers,Air Fryers,air-fryers-asbis,other/air-fryers-asbis,false,0,788,ASBIS,false,2026-08-06 12:12:44.607,2026-08-06 12:16:17.030,ignatov_rs@abv.bg,ignatov_rs@abv.bg,
322,,,,,,Процесори,Процесори,protsesori,protsesori,false,0,,ASBIS,false,2026-05-19 15:47:29.609,2026-05-19 15:47:29.609,system,system,
588,,,,,,Digital Signage Display,Digital Signage Display,digital-signage-display,other/digital-signage-display,false,0,,ASBIS,false,2026-08-06 11:58:56.019,2026-08-06 12:06:45.475,ignatov_rs@abv.bg,ignatov_rs@abv.bg,
792,,,,,,Networking - Access Control,Мрежово - Контрол на достъп,networking-access-control-asbis,other/networking-access-control-asbis,false,0,788,ASBIS,false,2026-08-06 12:12:44.074,2026-08-06 12:16:17.030,ignatov_rs@abv.bg,ignatov_rs@abv.bg,
415,,,,,,Памет,Памет,pamet,pamet,false,0,,ASBIS,false,2026-05-19 15:47:30.521,2026-05-19 15:47:30.521,system,system,
794,,,,,,Accessories for Staged,Аксесоари за сценична употреба,accessories-for-staged-asbis,other/accessories-for-staged-asbis,false,0,788,ASBIS,false,2026-08-06 12:12:44.366,2026-08-06 12:16:17.030,ignatov_rs@abv.bg,ignatov_rs@abv.bg,
436,,,,,,Видео адаптери,Видео адаптери,video-adapteri,video-adapteri,false,0,,ASBIS,false,2026-05-19 15:47:30.694,2026-05-19 15:47:30.694,system,system,
413,,,,,,Дънни платки,Дънни платки,danni-platki,danni-platki,false,0,,ASBIS,false,2026-05-19 15:47:30.492,2026-05-19 15:47:30.492,system,system,
591,,,,,,Smart Locks,Smart Locks,smart-locks,other/smart-locks,false,0,,ASBIS,false,2026-08-06 11:58:56.051,2026-08-06 12:06:45.475,ignatov_rs@abv.bg,ignatov_rs@abv.bg,
392,,,,,,Компютърни кутии,Компютърни кутии,kompyutarni-kutii,kompyutarni-kutii,false,0,,ASBIS,false,2026-05-19 15:47:30.273,2026-05-19 15:47:30.273,system,system,
402,,,,,,Охладители,Охладители,ohladiteli,ohladiteli,false,0,,ASBIS,false,2026-05-19 15:47:30.381,2026-05-19 15:47:30.381,system,system,
513,,,,,,SSD,SSD,ssd,ssd,false,0,,ASBIS,false,2026-05-19 15:47:31.289,2026-05-19 15:47:31.289,system,system,
373,,,,,,Оптични устройства,Оптични устройства,optichni-ustroystva,optichni-ustroystva,false,0,,ASBIS,false,2026-05-19 15:47:30.033,2026-05-19 15:47:30.033,system,system,
592,,,,,,Lint Removers,Lint Removers,lint-removers,other/lint-removers,false,0,,ASBIS,false,2026-08-06 11:58:56.058,2026-08-06 12:06:45.475,ignatov_rs@abv.bg,ignatov_rs@abv.bg,
593,,,,,,Security - Surveillance Outdoor Camera,Security - Surveillance Outdoor Camera,security-surveillance-outdoor-camera,other/security-surveillance-outdoor-camera,false,0,,ASBIS,false,2026-08-06 11:58:56.066,2026-08-06 12:06:45.475,ignatov_rs@abv.bg,ignatov_rs@abv.bg,
796,,,,,,Accessories for OTG,Аксесоари OTG,accessories-for-otg-asbis,other/accessories-for-otg-asbis,false,0,788,ASBIS,false,2026-08-06 12:12:44.512,2026-08-06 12:16:17.030,ignatov_rs@abv.bg,ignatov_rs@abv.bg,
888,,,,,,Air Fryers,Air Fryers,air-fryers-asbis,other-asbis/air-fryers-asbis,false,0,875,ASBIS,false,2026-08-06 12:30:01.295,2026-08-06 12:36:59.635,ignatov_rs@abv.bg,ignatov_rs@abv.bg,
596,,,,,,Безжични зарядни,Безжични зарядни,bezzhichni-zaryadni-asbis,aksesoari/bezzhichni-zaryadni-asbis,false,0,298,ASBIS,false,2026-08-06 11:58:56.091,2026-08-06 12:06:45.475,ignatov_rs@abv.bg,ignatov_rs@abv.bg,
598,,,,,,Аксесоари,Аксесоари,aksesoari-asbis,aksesoari/asbis,false,0,298,ASBIS,false,2026-08-06 11:58:56.126,2026-08-06 12:06:45.475,ignatov_rs@abv.bg,ignatov_rs@abv.bg,
366,,,,,,Твърди дискове,Твърди дискове,tvardi-diskove,tvardi-diskove,false,0,,ASBIS,false,2026-05-19 15:47:29.975,2026-05-19 15:47:29.975,system,system,
607,,,,,,Монтажен Хардуер,Монтажен Хардуер,montazhen-harduer-asbis,aksesoari/montazhen-harduer-asbis,false,0,298,ASBIS,false,2026-08-06 11:58:56.230,2026-08-06 12:06:45.475,ignatov_rs@abv.bg,ignatov_rs@abv.bg,
523,,,,,,Optane,Optane,optane,optane,false,0,,ASBIS,false,2026-05-19 15:47:31.359,2026-05-19 15:47:31.359,system,system,
403,,,,,,Охладител,Охладител,ohladitel,ohladiteli/ohladitel,false,0,1,ASBIS,false,2026-05-19 15:47:30.392,2026-08-06 12:36:15.225,system,system,
609,,,,,,Аксесоари - резервни части,Аксесоари - резервни части,aksesoari-rezervni-chasti-asbis,aksesoari/rezervni-chasti-asbis,false,0,298,ASBIS,false,2026-08-06 11:58:56.247,2026-08-06 12:06:45.475,ignatov_rs@abv.bg,ignatov_rs@abv.bg,
799,,,,,,"2nd life PC Notebook Commercial",Реновиран лаптоп,"2nd-life-pc-notebook-commercial-asbis",other/2nd-life-pc-notebook-commercial-asbis,false,0,788,ASBIS,false,2026-08-06 12:12:44.577,2026-08-06 12:16:17.030,ignatov_rs@abv.bg,ignatov_rs@abv.bg,
892,,,,,,Vacuum Cleaner Stick,Прахосмукачка прътова,vacuum-cleaner-stick-asbis,other-asbis/vacuum-cleaner-stick-asbis,false,0,875,ASBIS,false,2026-08-06 12:30:01.572,2026-08-06 12:36:59.635,ignatov_rs@abv.bg,ignatov_rs@abv.bg,
901,,,,,,Dehumidifiers,Dehumidifiers,dehumidifiers-asbis,other-asbis/dehumidifiers-asbis,false,0,875,ASBIS,false,2026-08-06 12:30:02.655,2026-08-06 12:36:59.635,ignatov_rs@abv.bg,ignatov_rs@abv.bg,
375,,,,,,Настолни РС,Настолни РС,nastolni-rs,nastolni-rs,false,0,,ASBIS,false,2026-05-19 15:47:30.050,2026-05-19 15:47:30.050,system,system,
421,,,,,,Настолни конфигурации,Настолни конфигурации,nastolni-konfiguratsii,nastolni-konfiguratsii,false,0,,ASBIS,false,2026-05-19 15:47:30.569,2026-05-19 15:47:30.569,system,system,
430,,,,,,Сървъри,Сървъри,sarvari,sarvari,false,0,,ASBIS,false,2026-05-19 15:47:30.651,2026-05-19 15:47:30.651,system,system,
803,,,,,,Ready to wear,Готово за носене,ready-to-wear-asbis,other/ready-to-wear-asbis,false,0,788,ASBIS,false,2026-08-06 12:12:45.189,2026-08-06 12:16:17.030,ignatov_rs@abv.bg,ignatov_rs@abv.bg,
632,,,,,,IP камера,IP камера,ip-kamera-asbis,mrezhovi-produkti/ip-kamera-asbis,false,0,333,ASBIS,false,2026-08-06 11:58:56.472,2026-08-06 12:06:45.475,ignatov_rs@abv.bg,ignatov_rs@abv.bg,
423,,,,,,Сървърни компоненти,Сървърни компоненти,sarvarni-komponenti,sarvarni-komponenti,false,0,,ASBIS,false,2026-05-19 15:47:30.588,2026-05-19 15:47:30.588,system,system,
882,,,,,,Multimedia - Speaker Wi-Fi,Мултимедия - Wi-Fi говорител,multimedia-speaker-wi-fi-asbis,other-asbis/multimedia-speaker-wi-fi-asbis,false,0,875,ASBIS,false,2026-08-06 12:30:01.145,2026-08-06 12:36:59.635,ignatov_rs@abv.bg,ignatov_rs@abv.bg,
440,,,,,,Преносими компютри,Преносими компютри,prenosimi-kompyutri,prenosimi-kompyutri,false,0,,ASBIS,false,2026-05-19 15:47:30.726,2026-05-19 15:47:30.726,system,system,
634,,,,,,USB хъб,USB хъб,usb-hab-asbis,mrezhovi-produkti/usb-hab-asbis,false,0,333,ASBIS,false,2026-08-06 11:58:56.502,2026-08-06 12:06:45.475,ignatov_rs@abv.bg,ignatov_rs@abv.bg,
883,,,,,,Accessories for OTG,Аксесоари OTG,accessories-for-otg-asbis,other-asbis/accessories-for-otg-asbis,false,0,875,ASBIS,false,2026-08-06 12:30:01.157,2026-08-06 12:36:59.635,ignatov_rs@abv.bg,ignatov_rs@abv.bg,
636,,,,,,Безжична мрежова карта,Безжична мрежова карта,bezzhichna-mrezhova-karta-asbis,mrezhovi-produkti/bezzhichna-mrezhova-karta-asbis,false,0,333,ASBIS,false,2026-08-06 11:58:56.516,2026-08-06 12:06:45.475,ignatov_rs@abv.bg,ignatov_rs@abv.bg,
395,,,,,,Конектори,Конектори,konektori,konektori,false,0,,ASBIS,false,2026-05-19 15:47:30.311,2026-05-19 15:47:30.311,system,system,
637,,,,,,Мрежова Карта,Мрежова Карта,mrezhova-karta-asbis,mrezhovi-produkti/mrezhova-karta-asbis,false,0,333,ASBIS,false,2026-08-06 11:58:56.528,2026-08-06 12:06:45.475,ignatov_rs@abv.bg,ignatov_rs@abv.bg,
639,,,,,,Принт Сървър,Принт Сървър,print-sarvar-asbis,mrezhovi-produkti/print-sarvar-asbis,false,0,333,ASBIS,false,2026-08-06 11:58:56.544,2026-08-06 12:06:45.475,ignatov_rs@abv.bg,ignatov_rs@abv.bg,
362,,,,,,Дисплеи,Дисплеи,displei,displei,false,0,,ASBIS,false,2026-05-19 15:47:29.942,2026-05-19 15:47:29.942,system,system,
406,,,,,,Периферия,Периферия,periferiya,periferiya,false,0,,ASBIS,false,2026-05-19 15:47:30.417,2026-05-19 15:47:30.417,system,system,
517,,,,,,Флаш памети,Флаш памети,flash-pameti-asbis,flash-pameti-asbis,false,0,,ASBIS,false,2026-05-19 15:47:31.316,2026-05-19 15:47:31.316,system,system,
378,,,,,,Работна станция,Работна станция,rabotna-stantsiya,nastolni-rs/rabotna-stantsiya,false,0,31,ASBIS,false,2026-05-19 15:47:30.076,2026-05-20 09:32:57.821,system,system,
431,,,,,,Сървър,Сървър,sarvar,sarvari/sarvar,false,0,31,ASBIS,false,2026-05-19 15:47:30.658,2026-05-20 09:32:57.821,system,system,
325,,,,,,Мултимедиен хардуер,Мултимедиен хардуер,multimedien-harduer,multimedien-harduer,false,0,,ASBIS,false,2026-05-19 15:47:29.635,2026-06-03 11:46:36.035,system,system,
653,,,,,,LED Монитор,LED Монитор,led-monitor-asbis,displei/led-monitor-asbis,false,0,362,ASBIS,false,2026-08-06 11:58:56.651,2026-08-06 12:06:45.475,ignatov_rs@abv.bg,ignatov_rs@abv.bg,
852,,,,,,Memory Gaming Mobile,Памет гейминг мобилна,memory-gaming-mobile-asbis,pamet/memory-gaming-mobile-asbis,false,0,415,ASBIS,false,2026-08-06 12:12:46.424,2026-08-06 12:16:17.030,ignatov_rs@abv.bg,ignatov_rs@abv.bg,
941,,,,,,Gaming Desk,Гейминг бюро,gaming-desk-asbis,igri-i-multimediya/gaming-desk-asbis,false,0,443,ASBIS,false,2026-08-06 12:30:04.024,2026-08-06 12:36:59.635,ignatov_rs@abv.bg,ignatov_rs@abv.bg,
489,,,,,,Аидио устройства,Аидио устройства,aidio-ustroystva,aidio-ustroystva,false,0,,ASBIS,false,2026-05-19 15:47:31.091,2026-05-19 15:47:31.091,system,system,
835,,,,,,Smart Locks,Smart Locks,smart-locks-asbis,other/smart-locks-asbis,false,0,788,ASBIS,false,2026-08-06 12:12:46.283,2026-08-06 12:16:17.030,ignatov_rs@abv.bg,ignatov_rs@abv.bg,
836,,,,,,Lint Removers,Lint Removers,lint-removers-asbis,other/lint-removers-asbis,false,0,788,ASBIS,false,2026-08-06 12:12:46.290,2026-08-06 12:16:17.030,ignatov_rs@abv.bg,ignatov_rs@abv.bg,
837,,,,,,Security - Surveillance Outdoor Camera,Security - Surveillance Outdoor Camera,security-surveillance-outdoor-camera-asbis,other/security-surveillance-outdoor-camera-asbis,false,0,788,ASBIS,false,2026-08-06 12:12:46.296,2026-08-06 12:16:17.030,ignatov_rs@abv.bg,ignatov_rs@abv.bg,
833,,,,,,VC Services,Видеоконферентни услуги,vc-services-asbis,other/vc-services-asbis,false,0,788,ASBIS,false,2026-08-06 12:12:46.253,2026-08-06 12:16:17.030,ignatov_rs@abv.bg,ignatov_rs@abv.bg,
834,,,,,,Security - Surveillance Kit,Сигурност - Комплект за видеонаблюдение,security-surveillance-kit-asbis,other/security-surveillance-kit-asbis,false,0,788,ASBIS,false,2026-08-06 12:12:46.270,2026-08-06 12:16:17.030,ignatov_rs@abv.bg,ignatov_rs@abv.bg,
838,,,,,,Pressure Cookers,Тенджери под налягане,pressure-cookers-asbis,other/pressure-cookers-asbis,false,0,788,ASBIS,false,2026-08-06 12:12:46.301,2026-08-06 12:16:17.030,ignatov_rs@abv.bg,ignatov_rs@abv.bg,
839,,,,,,Liquidaiser,Блендер,liquidaiser-asbis,other/liquidaiser-asbis,false,0,788,ASBIS,false,2026-08-06 12:12:46.310,2026-08-06 12:16:17.030,ignatov_rs@abv.bg,ignatov_rs@abv.bg,
840,,,,,,Acc - Vacuum Cleaners,Аксесоари за прахосмукачки,acc-vacuum-cleaners-asbis,aksesoari/acc-vacuum-cleaners-asbis,false,0,298,ASBIS,false,2026-08-06 12:12:46.320,2026-08-06 12:16:17.030,ignatov_rs@abv.bg,ignatov_rs@abv.bg,
841,,,,,,Acc - Dental care,Аксесоари за грижа за зъби,acc-dental-care-asbis,aksesoari/acc-dental-care-asbis,false,0,298,ASBIS,false,2026-08-06 12:12:46.342,2026-08-06 12:16:17.030,ignatov_rs@abv.bg,ignatov_rs@abv.bg,
843,,,,,,Acc - Air Purifiers,Аксесоари за пречиствателни устройства,acc-air-purifiers-asbis,aksesoari/acc-air-purifiers-asbis,false,0,298,ASBIS,false,2026-08-06 12:12:46.358,2026-08-06 12:16:17.030,ignatov_rs@abv.bg,ignatov_rs@abv.bg,
844,,,,,,Multimedia - Soundbar,Мултимедия - Саундбар,multimedia-soundbar-asbis,multimedien-harduer/multimedia-soundbar-asbis,false,0,325,ASBIS,false,2026-08-06 12:12:46.365,2026-08-06 12:16:17.030,ignatov_rs@abv.bg,ignatov_rs@abv.bg,
845,,,,,,Multimedia - Subwoofer,Мултимедия - Субуфер,multimedia-subwoofer-asbis,multimedien-harduer/multimedia-subwoofer-asbis,false,0,325,ASBIS,false,2026-08-06 12:12:46.375,2026-08-06 12:16:17.030,ignatov_rs@abv.bg,ignatov_rs@abv.bg,
333,,,,,,Мрежови продукти,Мрежови продукти,mrezhovi-produkti,mrezhovi-produkti,false,0,,ASBIS,false,2026-05-19 15:47:29.713,2026-05-19 15:47:29.713,system,system,
846,,,,,,Range Extender,Разширител на обхват,range-extender-asbis,mrezhovi-produkti/range-extender-asbis,false,0,333,ASBIS,false,2026-08-06 12:12:46.381,2026-08-06 12:16:17.030,ignatov_rs@abv.bg,ignatov_rs@abv.bg,
360,,,,,,Устройства за съхранение на данни,Устройства за съхранение на данни,ustroystva-za-sahranenie-na-danni,ustroystva-za-sahranenie-na-danni,false,0,,ASBIS,false,2026-05-19 15:47:29.927,2026-05-19 15:47:29.927,system,system,
847,,,,,,Networking - Хардуеър,Мрежов хардуер,networking-harduear-asbis,mrezhovi-produkti/networking-harduear-asbis,false,0,333,ASBIS,false,2026-08-06 12:12:46.386,2026-08-06 12:16:17.030,ignatov_rs@abv.bg,ignatov_rs@abv.bg,
848,,,,,,Soft OEM. MS Server media CD,Софт OEM - MS Server медия CD,soft-oem-ms-server-media-cd-asbis,softuear/soft-oem-ms-server-media-cd-asbis,false,0,348,ASBIS,false,2026-08-06 12:12:46.392,2026-08-06 12:16:17.030,ignatov_rs@abv.bg,ignatov_rs@abv.bg,
849,,,,,,Application ( Server ) License,Приложен лиценз (Сървърен),application-server-license-asbis,softuear/application-server-license-asbis,false,0,348,ASBIS,false,2026-08-06 12:12:46.404,2026-08-06 12:16:17.030,ignatov_rs@abv.bg,ignatov_rs@abv.bg,
443,,,,,,Игри и мултимедия,Игри и мултимедия,igri-i-multimediya,igri-i-multimediya,false,0,,ASBIS,false,2026-05-19 15:47:30.744,2026-05-19 15:47:30.744,system,system,
850,,,,,,PC all in one,Компютър всичко в едно,pc-all-in-one-asbis,nastolni-rs/pc-all-in-one-asbis,false,0,375,ASBIS,false,2026-08-06 12:12:46.410,2026-08-06 12:16:17.030,ignatov_rs@abv.bg,ignatov_rs@abv.bg,
851,,,,,,Memory Gaming Desktop,Памет гейминг настолна,memory-gaming-desktop-asbis,pamet/memory-gaming-desktop-asbis,false,0,415,ASBIS,false,2026-08-06 12:12:46.419,2026-08-06 12:16:17.030,ignatov_rs@abv.bg,ignatov_rs@abv.bg,
947,,,,,,Cast Aluminum Cookware,Готварски съдове от алуминий,cast-aluminum-cookware-asbis,drebni-domakinski-uredi/cast-aluminum-cookware-asbis,false,0,454,ASBIS,false,2026-08-06 12:30:04.098,2026-08-06 12:36:59.635,ignatov_rs@abv.bg,ignatov_rs@abv.bg,
866,,,,,,IDS стенен монтаж,IDS стенен монтаж,ids-stenen-montazh-asbis,digital-signage-ids-asbis/ids-stenen-montazh-asbis,false,0,865,ASBIS,false,2026-08-06 12:12:46.565,2026-08-06 12:16:17.030,ignatov_rs@abv.bg,ignatov_rs@abv.bg,
949,,,,,,Hair Stylers,Стилери за коса,hair-stylers-asbis,drebni-domakinski-uredi/hair-stylers-asbis,false,0,454,ASBIS,false,2026-08-06 12:30:04.157,2026-08-06 12:36:59.635,ignatov_rs@abv.bg,ignatov_rs@abv.bg,
56,,,,,641,External SSD,Външни SSD,external-ssd,,true,10,54,VALI,false,2026-04-02 10:02:00.954,2026-08-06 12:34:33.425,system,system,
58,,,,,400,USB Hubs,USB хъбове,usb-hubs,,true,11,54,VALI,false,2026-04-02 10:02:00.957,2026-08-06 12:34:33.425,system,system,
884,,,,,,AI Recorder,AI рекордер,ai-recorder-asbis,other-asbis/ai-recorder-asbis,false,0,875,ASBIS,false,2026-08-06 12:30:01.168,2026-08-06 12:36:59.635,ignatov_rs@abv.bg,ignatov_rs@abv.bg,
500,,,,,,Смарт устройства,Смарт устройства,smart-ustroystva,smart-ustroystva,false,0,,ASBIS,false,2026-05-19 15:47:31.169,2026-05-19 15:47:31.169,system,system,
885,,,,,,VC Headsets,Видеоконферентни слушалки,vc-headsets-asbis,other-asbis/vc-headsets-asbis,false,0,875,ASBIS,false,2026-08-06 12:30:01.195,2026-08-06 12:36:59.635,ignatov_rs@abv.bg,ignatov_rs@abv.bg,
679,,,,,,VoIP телефон,VoIP телефон,voip-telefon,telefoni/voip-telefon,false,0,677,ASBIS,false,2026-08-06 11:58:56.954,2026-08-06 12:06:45.475,ignatov_rs@abv.bg,ignatov_rs@abv.bg,
886,,,,,,"2nd life PC Notebook Commercial",Реновиран лаптоп,"2nd-life-pc-notebook-commercial-asbis",other-asbis/2nd-life-pc-notebook-commercial-asbis,false,0,875,ASBIS,false,2026-08-06 12:30:01.222,2026-08-06 12:36:59.635,ignatov_rs@abv.bg,ignatov_rs@abv.bg,
887,,,,,,Vacuum Cleaner Robot,Робот прахосмукачка,vacuum-cleaner-robot-asbis,other-asbis/vacuum-cleaner-robot-asbis,false,0,875,ASBIS,false,2026-08-06 12:30:01.267,2026-08-06 12:36:59.635,ignatov_rs@abv.bg,ignatov_rs@abv.bg,
380,,,,,,Захранване и кабели,Захранване и кабели,zahranvane-i-kabeli,zahranvane-i-kabeli,false,0,,ASBIS,false,2026-05-19 15:47:30.092,2026-05-19 15:47:30.092,system,system,
889,,,,,,Gaming Racing Pedals,Гейминг педали за рейсинг,gaming-racing-pedals-asbis,other-asbis/gaming-racing-pedals-asbis,false,0,875,ASBIS,false,2026-08-06 12:30:01.343,2026-08-06 12:36:59.635,ignatov_rs@abv.bg,ignatov_rs@abv.bg,
486,,,,,,Грижа за здравето,Грижа за здравето,grizha-za-zdraveto,grizha-za-zdraveto,false,0,,ASBIS,false,2026-05-19 15:47:31.069,2026-05-19 15:47:31.069,system,system,
411,,,,,,Медии,Медии,medii,medii,false,0,,ASBIS,false,2026-05-19 15:47:30.464,2026-05-19 15:47:30.464,system,system,
404,,,,,,Цифрови фотоапарати,Цифрови фотоапарати,tsifrovi-fotoaparati,tsifrovi-fotoaparati,false,0,,ASBIS,false,2026-05-19 15:47:30.400,2026-05-19 15:47:30.400,system,system,
804,,,,,,Gaming Racing Wheel,Гейминг волан за рейсинг,gaming-racing-wheel-asbis,other/gaming-racing-wheel-asbis,false,0,788,ASBIS,false,2026-08-06 12:12:45.199,2026-08-06 12:16:17.030,ignatov_rs@abv.bg,ignatov_rs@abv.bg,
433,,,,,,Мултимедийни компоненти,Мултимедийни компоненти,multimediyni-komponenti,multimediyni-komponenti,false,0,,ASBIS,false,2026-05-19 15:47:30.674,2026-05-19 15:47:30.674,system,system,
890,,,,,,Ready to wear,Готово за носене,ready-to-wear-asbis,other-asbis/ready-to-wear-asbis,false,0,875,ASBIS,false,2026-08-06 12:30:01.404,2026-08-06 12:36:59.635,ignatov_rs@abv.bg,ignatov_rs@abv.bg,
893,,,,,,VC Docks,Видеоконферентни докинг станции,vc-docks-asbis,other-asbis/vc-docks-asbis,false,0,875,ASBIS,false,2026-08-06 12:30:01.783,2026-08-06 12:36:59.635,ignatov_rs@abv.bg,ignatov_rs@abv.bg,
894,,,,,,Gaming Wheel Base,Гейминг база за волан,gaming-wheel-base-asbis,other-asbis/gaming-wheel-base-asbis,false,0,875,ASBIS,false,2026-08-06 12:30:01.901,2026-08-06 12:36:59.635,ignatov_rs@abv.bg,ignatov_rs@abv.bg,
895,,,,,,Desktop NAS,Настолен NAS,desktop-nas-asbis,other-asbis/desktop-nas-asbis,false,0,875,ASBIS,false,2026-08-06 12:30:02.004,2026-08-06 12:36:59.635,ignatov_rs@abv.bg,ignatov_rs@abv.bg,
906,,,,,,Hand Blender,Hand Blender,hand-blender-asbis,other-asbis/hand-blender-asbis,false,0,875,ASBIS,false,2026-08-06 12:30:02.939,2026-08-06 12:36:59.635,ignatov_rs@abv.bg,ignatov_rs@abv.bg,
907,,,,,,Несъответствие с Розета данните,Несъответствие с Розета данните,nesaotvetstvie-s-rozeta-dannite-asbis,other-asbis/nesaotvetstvie-s-rozeta-dannite-asbis,false,0,875,ASBIS,false,2026-08-06 12:30:02.998,2026-08-06 12:36:59.635,ignatov_rs@abv.bg,ignatov_rs@abv.bg,
348,,,,,,Софтуеър,Софтуеър,softuear,softuear,false,0,,ASBIS,false,2026-05-19 15:47:29.832,2026-05-19 15:47:29.832,system,system,
398,,,,,,Адаптери,Адаптери,adapteri,adapteri,false,0,,ASBIS,false,2026-05-19 15:47:30.348,2026-05-19 15:47:30.348,system,system,
298,,,,,,Аксесоари,Аксесоари,aksesoari,aksesoari,false,0,,ASBIS,false,2026-05-19 15:47:29.361,2026-05-19 15:47:29.361,system,system,
350,,,,,,ОЕМ Сървърен лиценз,ОЕМ Сървърен лиценз,oem-sarvaren-litsenz,softuear/oem-sarvaren-litsenz,false,0,192,ASBIS,false,2026-05-19 15:47:29.847,2026-05-20 09:32:57.821,system,system,
37,,,,,543,Laptops,Лаптопи,laptops,,true,1,36,VALI,false,2026-04-02 10:02:00.904,2026-08-06 12:34:33.425,system,system,
40,,,,,508,Laptop bags,Чанти за лаптопи,laptop-bags,,true,2,36,VALI,false,2026-04-02 10:02:00.909,2026-08-06 12:34:33.425,system,system,
43,,,,,525,Coolers for notebooks,Охлаждащи поставки за лаптопи,coolers-for-notebooks,,true,4,36,VALI,false,2026-04-02 10:02:00.919,2026-08-06 12:34:33.425,system,system,
39,,,,,605,Pen Tablets,Графични таблети,pen-tablets,,true,8,36,VALI,false,2026-04-02 10:02:00.908,2026-08-06 12:34:33.425,system,system,
756,,,,,,Мултиборд,Мултиборд,multibord-asbis,multibord-asbis,false,0,,ASBIS,false,2026-08-06 11:58:57.649,2026-08-06 11:58:57.649,ignatov_rs@abv.bg,ignatov_rs@abv.bg,
709,,,,,,RAID контролер - аксесоари,RAID контролер - аксесоари,raid-kontroler-aksesoari-asbis,sarvarni-komponenti/raid-kontroler-aksesoari-asbis,false,0,423,ASBIS,false,2026-08-06 11:58:57.170,2026-08-06 12:06:45.475,ignatov_rs@abv.bg,ignatov_rs@abv.bg,
710,,,,,,Сървър,Сървър,sarvar-asbis,sarvari/sarvar-asbis,false,0,430,ASBIS,false,2026-08-06 11:58:57.178,2026-08-06 12:06:45.475,ignatov_rs@abv.bg,ignatov_rs@abv.bg,
711,,,,,,Дънна платка сървърна,Дънна платка сървърна,danna-platka-sarvarna-asbis,sarvari/danna-platka-sarvarna-asbis,false,0,430,ASBIS,false,2026-08-06 11:58:57.185,2026-08-06 12:06:45.475,ignatov_rs@abv.bg,ignatov_rs@abv.bg,
927,,,,,,Acc - Vacuum Cleaners,Аксесоари за прахосмукачки,acc-vacuum-cleaners-asbis,aksesoari/acc-vacuum-cleaners-asbis,false,0,298,ASBIS,false,2026-08-06 12:30:03.693,2026-08-06 12:36:59.635,ignatov_rs@abv.bg,ignatov_rs@abv.bg,
928,,,,,,Acc - Dental care,Аксесоари за грижа за зъби,acc-dental-care-asbis,aksesoari/acc-dental-care-asbis,false,0,298,ASBIS,false,2026-08-06 12:30:03.723,2026-08-06 12:36:59.635,ignatov_rs@abv.bg,ignatov_rs@abv.bg,
929,,,,,,Security - Surveillance System Accessories,Аксесоари за системи за видеонаблюдение,security-surveillance-system-accessories-asbis,aksesoari/security-surveillance-system-accessories-asbis,false,0,298,ASBIS,false,2026-08-06 12:30:03.760,2026-08-06 12:36:59.635,ignatov_rs@abv.bg,ignatov_rs@abv.bg,
930,,,,,,Acc - Air Purifiers,Аксесоари за пречиствателни устройства,acc-air-purifiers-asbis,aksesoari/acc-air-purifiers-asbis,false,0,298,ASBIS,false,2026-08-06 12:30:03.793,2026-08-06 12:36:59.635,ignatov_rs@abv.bg,ignatov_rs@abv.bg,
712,,,,,,Звукова Карта,Звукова Карта,zvukova-karta-asbis,multimediyni-komponenti/zvukova-karta-asbis,false,0,433,ASBIS,false,2026-08-06 11:58:57.192,2026-08-06 12:06:45.475,ignatov_rs@abv.bg,ignatov_rs@abv.bg,
931,,,,,,Multimedia - Soundbar,Мултимедия - Саундбар,multimedia-soundbar-asbis,multimedien-harduer/multimedia-soundbar-asbis,false,0,325,ASBIS,false,2026-08-06 12:30:03.840,2026-08-06 12:36:59.635,ignatov_rs@abv.bg,ignatov_rs@abv.bg,
805,,,,,,Vacuum Cleaner Stick,Прахосмукачка прътова,vacuum-cleaner-stick-asbis,other/vacuum-cleaner-stick-asbis,false,0,788,ASBIS,false,2026-08-06 12:12:45.259,2026-08-06 12:16:17.030,ignatov_rs@abv.bg,ignatov_rs@abv.bg,
758,,,,,,PC за мултиборд,PC за мултиборд,pc-za-multibord-asbis,multibord-asbis/pc-za-multibord-asbis,false,0,756,ASBIS,false,2026-08-06 11:58:57.660,2026-08-06 11:58:57.660,ignatov_rs@abv.bg,ignatov_rs@abv.bg,
134,,,,,675,Printer cables,Кабели за принтери,printer-cables,,true,5,127,VALI,false,2026-04-02 10:02:02.057,2026-08-06 12:34:33.425,system,system,
129,,,,,495,"Cables, adapters",Кабели за мобилни устройства,cables-adapters,,true,6,127,VALI,false,2026-04-02 10:02:02.043,2026-08-06 12:34:33.425,system,system,
132,,,,,535,Power cables,Захранващи кабели,power-cables,,true,7,127,VALI,false,2026-04-02 10:02:02.054,2026-08-06 12:34:33.425,system,system,
137,,,,,680,Optical cables,Оптични кабели,optical-cables,,true,8,127,VALI,false,2026-04-02 10:02:02.064,2026-08-06 12:34:33.425,system,system,
136,,,,,678,Antenna Cable,Антенни кабели,antenna-cable,,true,9,127,VALI,false,2026-04-02 10:02:02.062,2026-08-06 12:34:33.425,system,system,
128,,,,,442,"Adapters, converters","Адаптери, конвертори",adapters-converters,,true,10,127,VALI,false,2026-04-02 10:02:02.041,2026-08-06 12:34:33.425,system,system,
150,,,,,403,Memory cards,Карти памет,memory-cards,,true,1,144,VALI,false,2026-04-02 10:02:02.096,2026-08-06 12:34:33.425,system,system,
145,,,,,454,Photo albums,Фотоалбуми,photo-albums,,true,2,144,VALI,false,2026-04-02 10:02:02.082,2026-08-06 12:34:33.425,system,system,
147,,,,,455,Tripods,Стативи /Триподи/,tripods,,true,3,144,VALI,false,2026-04-02 10:02:02.089,2026-08-06 12:34:33.425,system,system,
277,,,,,,Desktop NAS,Настолен NAS,desktop-nas,other/desktop-nas,false,0,99,ASBIS,false,2026-05-19 15:47:29.105,2026-05-20 09:32:57.821,system,system,
261,,,,,,Networking - Access Control,Мрежово - Контрол на достъп,networking-access-control,other/networking-access-control,false,0,99,ASBIS,false,2026-05-19 15:47:28.785,2026-05-20 09:32:57.821,system,system,
271,,,,,,Solar Panel,Слънчев панел,solar-panel,other/solar-panel,false,0,454,ASBIS,false,2026-05-19 15:47:28.989,2026-05-20 09:32:57.821,system,system,
259,,,,,,Security - Surveillance Video Recorder,Сигурност - Видеорекордер,security-surveillance-video-recorder,other/security-surveillance-video-recorder,false,0,230,ASBIS,false,2026-05-19 15:47:28.726,2026-05-20 09:32:57.821,system,system,
265,,,,,,AI Recorder,AI рекордер,ai-recorder,other/ai-recorder,false,0,230,ASBIS,false,2026-05-19 15:47:28.879,2026-05-20 09:32:57.821,system,system,
295,,,,,,Security - Surveillance Kit,Сигурност - Комплект за видеонаблюдение,security-surveillance-kit,other/security-surveillance-kit,false,0,230,ASBIS,false,2026-05-19 15:47:29.323,2026-05-20 09:32:57.821,system,system,
280,,,,,,PC Mini,Мини PC,pc-mini,other/pc-mini,false,0,31,ASBIS,false,2026-05-19 15:47:29.139,2026-05-20 09:32:57.821,system,system,
281,,,,,,Smart Tracker,Смарт тракер,smart-tracker,other/smart-tracker,false,0,153,ASBIS,false,2026-05-19 15:47:29.154,2026-05-20 09:32:57.821,system,system,
287,,,,,,Smart Indoor Siren,Смарт вътрешна сирена,smart-indoor-siren,other/smart-indoor-siren,false,0,153,ASBIS,false,2026-05-19 15:47:29.224,2026-05-20 09:32:57.821,system,system,
495,,,,,,Мултиборд,Мултиборд,multibord,multibord,false,0,184,ASBIS,false,2026-05-19 15:47:31.135,2026-05-20 09:32:57.821,system,system,
234,"23",aksesoari,,,,Accessories,Аксесоари,videonablyudenie-aksesoari,videonablyudenie/aksesoari,true,4,230,TEKRA,false,2026-04-02 10:15:19.909,2026-08-19 15:14:44.045,system,system,
233,"241",ndaa,,,,"NDAA, NIS2","NDAA, NIS2",videonablyudenie-ndaa,videonablyudenie/ndaa,true,3,230,TEKRA,false,2026-04-02 10:15:19.884,2026-08-19 15:14:44.045,system,system,
713,,,,,,Цифров медия плеър,Цифров медия плеър,tsifrov-mediya-plear-asbis,multimediyni-komponenti/tsifrov-mediya-plear-asbis,false,0,433,ASBIS,false,2026-08-06 11:58:57.200,2026-08-06 12:06:45.475,ignatov_rs@abv.bg,ignatov_rs@abv.bg,
1,,,,,373,Computer components,Компютърни компоненти,computer-components,,true,2,,VALI,false,2026-04-02 10:02:00.761,2026-08-06 12:37:18.489,system,system,
737,,,,,,Ютии,Ютии,yutii,drebni-domakinski-uredi/yutii,false,0,454,ASBIS,false,2026-08-06 11:58:57.466,2026-08-06 12:06:45.475,ignatov_rs@abv.bg,ignatov_rs@abv.bg,
800,,,,,,Vacuum Cleaner Robot,Робот прахосмукачка,vacuum-cleaner-robot-asbis,other/vacuum-cleaner-robot-asbis,false,0,788,ASBIS,false,2026-08-06 12:12:44.585,2026-08-06 12:16:17.030,ignatov_rs@abv.bg,ignatov_rs@abv.bg,
3,,,,,379,CPU,Процесори,cpu,,true,2,1,VALI,false,2026-04-02 10:02:00.811,2026-08-06 12:37:18.489,system,system,
6,,,,,389,Memory,Памети,memory,,true,4,1,VALI,false,2026-04-02 10:02:00.821,2026-08-06 12:37:18.489,system,system,
903,,,,,,Compressor,Compressor,compressor-asbis,other-asbis/compressor-asbis,false,0,875,ASBIS,false,2026-08-06 12:30:02.789,2026-08-06 12:36:59.635,ignatov_rs@abv.bg,ignatov_rs@abv.bg,
107,,,,,419,Wireless routers,Безжични рутери,wireless-routers,,true,2,99,VALI,false,2026-04-02 10:02:01.958,2026-08-06 12:34:33.425,system,system,
32,,,,,550,Desktop Computers,Настолни компютри,pc-systems,,true,1,31,VALI,false,2026-04-02 10:02:00.896,2026-08-06 12:32:01.954,system,system,
33,,,,,576,Servers,Сървъри,servers,,false,2,31,VALI,false,2026-04-02 10:02:00.898,2026-08-06 12:32:01.954,system,system,
34,,,,,617,Workstations,Работни станции,hin-clients,,false,3,31,VALI,false,2026-04-02 10:02:00.899,2026-08-06 12:32:01.954,system,system,
86,,,,,486,Consumables (toners) for laser devices,Консумативи(тонери) за лазерни устройства,consumables-for-laser-printers,,true,8,78,VALI,false,2026-04-02 10:02:01.032,2026-08-06 12:32:01.954,system,system,
87,,,,,449,Consumables for inkjet devices,Консумативи за мастиленоструйни устройства,cartridges-for-inkjet-printers,,true,9,78,VALI,false,2026-04-02 10:02:01.037,2026-08-06 12:32:01.954,system,system,
90,,,,,450,Liquid inks for printers,Наливни мастила за принтери,refili-and-liquid-inks-for-printers,,true,12,78,VALI,false,2026-04-02 10:02:01.043,2026-08-06 12:32:01.954,system,system,
91,,,,,451,Paper for printers,Хартия за принтери,paper-for-inkjet-printers,,false,13,78,VALI,false,2026-04-02 10:02:01.046,2026-08-06 12:32:01.954,system,system,
238,"20",,,,,DVR,DVR,videonablyudenie-hd-analogovi-sistemi-zapisvashti-ustroystva,videonablyudenie/hd-analogovi-sistemi/zapisvashti-ustroystva,true,2,231,TEKRA,false,2026-04-02 10:15:20.000,2026-08-19 15:37:53.531,system,system,
100,"208",,,,413,IP Cameras,IP камери,ip-cameras,videonablyudenie/ip-sistemi/kameri,true,1,232,TEKRA,false,2026-04-02 10:02:01.060,2026-08-19 15:37:53.531,system,system,
156,,,,,484,Smartwatches,Смарт часовници,smartwatches,,true,2,153,VALI,false,2026-04-02 10:02:02.111,2026-08-06 12:32:01.954,system,system,
17,,,,,377,Solid State Drive (SSD),SSD (Solid State Drive),solid-state-drive-ssd,,true,12,1,VALI,true,2026-04-02 10:02:00.867,2026-08-06 12:37:18.489,system,system,
212,,,,,645,Serving sets,Комплекти за сервиране,serving-sets,,false,248,211,VALI,false,2026-04-02 10:02:02.385,2026-08-06 12:32:01.954,system,system,
213,,,,,695,Lunch Box,Кутии за храна,lunch-box,,false,253,211,VALI,false,2026-04-02 10:02:02.387,2026-08-06 12:32:01.954,system,system,
948,,,,,,Acc - Multibakers/Grills,Аксесоари за мултипекари/грилове,acc-multibakers-grills-asbis,drebni-domakinski-uredi/acc-multibakers-grills-asbis,false,0,454,ASBIS,false,2026-08-06 12:30:04.124,2026-08-06 12:36:59.635,ignatov_rs@abv.bg,ignatov_rs@abv.bg,
546,,,,,,Security - Surveillance Video Recorder,Сигурност - Видеорекордер,security-surveillance-video-recorder-asbis,other/security-surveillance-video-recorder-asbis,false,0,,ASBIS,false,2026-08-06 11:58:55.253,2026-08-06 11:58:55.253,ignatov_rs@abv.bg,ignatov_rs@abv.bg,
42,,,,,536,Laptop Chargers,Зарядни за лаптопи,power-supplies-for-laptops,,true,3,36,VALI,false,2026-04-02 10:02:00.916,2026-08-06 12:34:33.425,system,system,
109,,,,,420,Unmanaged switches,Суичове - неуправляеми,unmanaged-switches,,true,3,99,VALI,false,2026-04-02 10:02:01.967,2026-08-06 12:34:33.425,system,system,
110,,,,,523,Managed switches,Суичове - управляеми,manageable-switches,,true,4,99,VALI,false,2026-04-02 10:02:01.972,2026-08-06 12:34:33.425,system,system,
950,,,,,,Multimedia - PC Headsets,Мултимедия - PC слушалки,multimedia-pc-headsets-asbis,aidio-ustroystva/multimedia-pc-headsets-asbis,false,0,489,ASBIS,false,2026-08-06 12:30:04.176,2026-08-06 12:36:59.635,ignatov_rs@abv.bg,ignatov_rs@abv.bg,
788,,,,,,Other,Други,other,other,false,0,,ASBIS,false,2026-08-06 12:12:42.691,2026-08-06 12:16:17.030,ignatov_rs@abv.bg,ignatov_rs@abv.bg,
4,,,,,386,Coolers for CPU,Охладители за процесори,coolers-for-cpu,,true,3,1,VALI,false,2026-04-02 10:02:00.813,2026-08-06 12:37:18.489,system,system,
5,,,,,623,Graphics Cards Cooler,Охладители за видео карти,graphics-cards-cooler,,false,7,1,VALI,false,2026-04-02 10:02:00.816,2026-08-06 12:37:18.489,system,system,
955,,,,,,SSD Server Optane,SSD сървърен Optane,ssd-server-optane-asbis,optane/ssd-server-optane-asbis,false,0,523,ASBIS,false,2026-08-06 12:30:04.309,2026-08-06 12:36:59.635,ignatov_rs@abv.bg,ignatov_rs@abv.bg,
957,,,,,,Robot Arm Grippers,Роботизирани манипулатори,robot-arm-grippers-asbis,robotic-solutions-asbis/robot-arm-grippers-asbis,false,0,956,ASBIS,false,2026-08-06 12:30:04.331,2026-08-06 12:36:59.635,ignatov_rs@abv.bg,ignatov_rs@abv.bg,
958,,,,,,Robotic Arms,Роботизирани ръце,robotic-arms-asbis,robotic-solutions-asbis/robotic-arms-asbis,false,0,956,ASBIS,false,2026-08-06 12:30:04.340,2026-08-06 12:36:59.635,ignatov_rs@abv.bg,ignatov_rs@abv.bg,
959,,,,,,Robot-Cleaner,Робот почистващ,robot-cleaner-asbis,robotic-solutions-asbis/robot-cleaner-asbis,false,0,956,ASBIS,false,2026-08-06 12:30:04.350,2026-08-06 12:36:59.635,ignatov_rs@abv.bg,ignatov_rs@abv.bg,
960,,,,,,Robot Kitchen,Кухненски робот,robot-kitchen-asbis,robotic-solutions-asbis/robot-kitchen-asbis,false,0,956,ASBIS,false,2026-08-06 12:30:04.361,2026-08-06 12:36:59.635,ignatov_rs@abv.bg,ignatov_rs@abv.bg,
876,,,,,,Networking - Cloud Keys & Gateways - Cloud Key Enterprise,Мрежово - Cloud Key Enterprise,networking-cloud-keys-gateways-cloud-key-enterprise-asbis,other-asbis/networking-cloud-keys-gateways-cloud-key-enterprise-asbis,false,0,875,ASBIS,false,2026-08-06 12:30:01.034,2026-08-06 12:36:59.635,ignatov_rs@abv.bg,ignatov_rs@abv.bg,
878,,,,,,Antenna,Антена,antenna-asbis,other-asbis/antenna-asbis,false,0,875,ASBIS,false,2026-08-06 12:30:01.062,2026-08-06 12:36:59.635,ignatov_rs@abv.bg,ignatov_rs@abv.bg,
879,,,,,,Networking - Access Control,Мрежово - Контрол на достъп,networking-access-control-asbis,other-asbis/networking-access-control-asbis,false,0,875,ASBIS,false,2026-08-06 12:30:01.086,2026-08-06 12:36:59.635,ignatov_rs@abv.bg,ignatov_rs@abv.bg,
881,,,,,,Accessories for Staged,Аксесоари за сценична употреба,accessories-for-staged-asbis,other-asbis/accessories-for-staged-asbis,false,0,875,ASBIS,false,2026-08-06 12:30:01.131,2026-08-06 12:36:59.635,ignatov_rs@abv.bg,ignatov_rs@abv.bg,
898,,,,,,Solar Panel,Слънчев панел,solar-panel-asbis,other-asbis/solar-panel-asbis,false,0,875,ASBIS,false,2026-08-06 12:30:02.414,2026-08-06 12:36:59.635,ignatov_rs@abv.bg,ignatov_rs@abv.bg,
891,,,,,,Gaming Racing Wheel,Гейминг волан за рейсинг,gaming-racing-wheel-asbis,other-asbis/gaming-racing-wheel-asbis,false,0,875,ASBIS,false,2026-08-06 12:30:01.513,2026-08-06 12:36:59.635,ignatov_rs@abv.bg,ignatov_rs@abv.bg,
896,,,,,,Production Material,Производствени материали,production-material-asbis,other-asbis/production-material-asbis,false,0,875,ASBIS,false,2026-08-06 12:30:02.147,2026-08-06 12:36:59.635,ignatov_rs@abv.bg,ignatov_rs@abv.bg,
912,,,,,,Acc - Vacuum sealer,Аксесоари за вакуумзатваряне,acc-vacuum-sealer-asbis,other-asbis/acc-vacuum-sealer-asbis,false,0,875,ASBIS,false,2026-08-06 12:30:03.285,2026-08-06 12:36:59.635,ignatov_rs@abv.bg,ignatov_rs@abv.bg,
7,,,,,615,Memory SODIMM,Памети за лаптоп,memory-sodimm,,true,5,1,VALI,false,2026-04-02 10:02:00.824,2026-08-06 12:37:18.489,system,system,
8,,,,,388,Graphic Cards,Видео карти,graphic-cards,,true,6,1,VALI,false,2026-04-02 10:02:00.827,2026-08-06 12:37:18.489,system,system,
550,,,,,,Accessories for Staged,Аксесоари за сценична употреба,accessories-for-staged,other/accessories-for-staged,false,0,,ASBIS,false,2026-08-06 11:58:55.379,2026-08-06 12:06:45.475,ignatov_rs@abv.bg,ignatov_rs@abv.bg,
552,,,,,,Accessories for OTG,Аксесоари OTG,accessories-for-otg-asbis,other/accessories-for-otg-asbis,false,0,,ASBIS,false,2026-08-06 11:58:55.414,2026-08-06 12:06:45.475,ignatov_rs@abv.bg,ignatov_rs@abv.bg,
47,,,,,577,Accessories for laptops/tablets,Аксесоари за лаптопи/таблети,accessories-for-laptopstablets,,true,5,36,VALI,false,2026-04-02 10:02:00.927,2026-08-06 12:34:33.425,system,system,
44,,,,,541,Lockung devices,Заключващи устройства за лаптоп,lockung-devices,,true,6,36,VALI,false,2026-04-02 10:02:00.921,2026-08-06 12:34:33.425,system,system,
41,,,,,509,Sleeve for Tablet,Калъфи за таблети,sleeve-for-tablet,,true,9,36,VALI,false,2026-04-02 10:02:00.913,2026-08-06 12:34:33.425,system,system,
397,,,,,,Калъфи за таблети,Калъфи за таблети,kalafi-za-tableti,konektori/kalafi-za-tableti,false,9,36,ASBIS,false,2026-05-19 15:47:30.336,2026-08-06 12:34:33.425,system,system,
46,,,,,544,Holder,Поставки за таблет,holder,,true,10,36,VALI,false,2026-04-02 10:02:00.925,2026-08-06 12:34:33.425,system,system,
48,,,,,685,Accessories for graphics tablets,Аксесоари за графични таблети,accessories-for-graphics-tablets,,true,11,36,VALI,false,2026-04-02 10:02:00.931,2026-08-06 12:34:33.425,system,system,
45,,,,,634,Charging carts & trolleys,Колички и шкафове за зареждане,charging-carts-and-trolleys,,true,12,36,VALI,false,2026-04-02 10:02:00.923,2026-08-06 12:34:33.425,system,system,
553,,,,,,AI Recorder,AI рекордер,ai-recorder-asbis,other/ai-recorder-asbis,false,0,,ASBIS,false,2026-08-06 11:58:55.426,2026-08-06 12:06:45.475,ignatov_rs@abv.bg,ignatov_rs@abv.bg,
62,,,,,407,Mice,Мишки,mice,,true,1,54,VALI,false,2026-04-02 10:02:00.966,2026-08-06 12:34:33.425,system,system,
64,,,,,408,Mouse pads,Падове за мишки,mouse-pads,,true,2,54,VALI,false,2026-04-02 10:02:00.971,2026-08-06 12:34:33.425,system,system,
61,,,,,504,Keyboards,Клавиатури,keyboards,,true,3,54,VALI,false,2026-04-02 10:02:00.965,2026-08-06 12:34:33.425,system,system,
66,,,,,410,Earphones,Слушалки,earphones,,true,4,54,VALI,false,2026-04-02 10:02:00.976,2026-08-06 12:34:33.425,system,system,
555,,,,,,"2nd life PC Notebook Commercial",Реновиран лаптоп,"2nd-life-pc-notebook-commercial",other/2nd-life-pc-notebook-commercial,false,0,,ASBIS,false,2026-08-06 11:58:55.497,2026-08-06 12:06:45.475,ignatov_rs@abv.bg,ignatov_rs@abv.bg,
490,,,,,,Слушалки,Слушалки,slushalki,aidio-ustroystva/slushalki,false,4,54,ASBIS,false,2026-05-19 15:47:31.098,2026-08-06 12:34:33.425,system,system,
67,,,,,506,Headsets,Слушалки (тапи),headsets,,true,5,54,VALI,true,2026-04-02 10:02:00.978,2026-08-06 12:34:33.425,system,system,
65,,,,,406,Microphones,Микрофони,microphones,,true,6,54,VALI,false,2026-04-02 10:02:00.973,2026-08-06 12:34:33.425,system,system,
59,,,,,401,Sound Systems & Loudspeakers,Звукови системи и тонколони,sound-systems-and-loudspeakers,,true,7,54,VALI,false,2026-04-02 10:02:00.959,2026-08-06 12:34:33.425,system,system,
57,,,,,399,USB sticks,USB памети,usb-sticks,,true,8,54,VALI,false,2026-04-02 10:02:00.956,2026-08-06 12:34:33.425,system,system,
55,,,,,490,External HDD,Външни дискове,external-hdd,,true,9,54,VALI,false,2026-04-02 10:02:00.952,2026-08-06 12:34:33.425,system,system,
60,,,,,402,Web Cams,Уеб камери,web-cams,,true,12,54,VALI,false,2026-04-02 10:02:00.962,2026-08-06 12:34:33.425,system,system,
63,,,,,411,Card readers,Четци за карти,card-readers,,true,13,54,VALI,false,2026-04-02 10:02:00.968,2026-08-06 12:34:33.425,system,system,
108,,,,,629,Routers,Рутери,routers,,true,1,99,VALI,false,2026-04-02 10:02:01.962,2026-08-06 12:34:33.425,system,system,
102,,,,,415,Access Point,Access Point,access-point,,true,5,99,VALI,false,2026-04-02 10:02:01.945,2026-08-06 12:34:33.425,system,system,
104,,,,,557,Wireless Adapters,Безжични адаптери,wireless-adapters,,true,6,99,VALI,false,2026-04-02 10:02:01.950,2026-08-06 12:34:33.425,system,system,
103,,,,,416,Bluetooth Adapters,Блутут адаптери,bluetooth-adapters,,true,7,99,VALI,false,2026-04-02 10:02:01.947,2026-08-06 12:34:33.425,system,system,
111,,,,,422,Network Cards,Мрежови карти,network-cards,,true,8,99,VALI,false,2026-04-02 10:02:01.986,2026-08-06 12:34:33.425,system,system,
113,,,,,580,Firewall,Защитни стени,firewall,,false,9,99,VALI,false,2026-04-02 10:02:01.994,2026-08-06 12:34:33.425,system,system,
101,,,,,414,KVM Switches,KVM Суичове,kvm-switches,,true,10,99,VALI,false,2026-04-02 10:02:01.941,2026-08-06 12:34:33.425,system,system,
105,,,,,417,Powerline Adapters,Powerline адаптери,powerline-adapters,,true,11,99,VALI,false,2026-04-02 10:02:01.953,2026-08-06 12:34:33.425,system,system,
112,,,,,579,Cable duct and cable bundle tube,Кабелни канали и шлаух спирали,cable-duct-and-cable-bundle-tube,,true,13,99,VALI,false,2026-04-02 10:02:01.990,2026-08-06 12:34:33.425,system,system,
106,,,,,418,Communication cabinets - RACK,Комуникационни шкафове - RACK,rack,,false,14,99,VALI,false,2026-04-02 10:02:01.956,2026-08-06 12:34:33.425,system,system,
169,,,,,493,Gaming seats,Геймърски столове,gaming-seats,,true,6,167,VALI,true,2026-04-02 10:02:02.144,2026-08-06 12:34:33.425,system,system,
178,,,,,540,Gaming eyewear,Компютърни и геймърски очила,gaming-eyewear,,true,7,167,VALI,false,2026-04-02 10:02:02.167,2026-08-06 12:34:33.425,system,system,
168,,,,,668,Gaming Consoles,Гейминг конзоли,gaming-consoles,,true,8,167,VALI,false,2026-04-02 10:02:02.142,2026-08-06 12:34:33.425,system,system,
175,,,,,710,Wheels and Pedals,Волани и педали,wheels-and-pedals,,true,9,167,VALI,false,2026-04-02 10:02:02.162,2026-08-06 12:34:33.425,system,system,
177,,,,,546,Gamepads,Геймпадове,gamepads,,true,10,167,VALI,false,2026-04-02 10:02:02.165,2026-08-06 12:34:33.425,system,system,
9,,,,,376,Power Supplies,Захранвания,power-supplies,,true,8,1,VALI,false,2026-04-02 10:02:00.838,2026-08-06 12:37:18.489,system,system,
738,,,,,,Acc - Multibakers/Grills,Аксесоари за мултипекари/грилове,acc-multibakers-grills-asbis,drebni-domakinski-uredi/acc-multibakers-grills-asbis,false,0,454,ASBIS,false,2026-08-06 11:58:57.473,2026-08-06 12:06:45.475,ignatov_rs@abv.bg,ignatov_rs@abv.bg,
754,,,,,,Multimedia - PC Headsets,Мултимедия - PC слушалки,multimedia-pc-headsets-asbis,aidio-ustroystva/multimedia-pc-headsets-asbis,false,0,489,ASBIS,false,2026-08-06 11:58:57.636,2026-08-06 12:06:45.475,ignatov_rs@abv.bg,ignatov_rs@abv.bg,
761,,,,,,Kids Watch,Детски часовник,kids-watch-asbis,smart-ustroystva/kids-watch-asbis,false,0,500,ASBIS,false,2026-08-06 11:58:57.672,2026-08-06 12:06:45.475,ignatov_rs@abv.bg,ignatov_rs@abv.bg,
875,,,,,,Other,Други,other-asbis,other-asbis,false,0,,ASBIS,false,2026-08-06 12:30:00.894,2026-08-06 12:36:59.635,ignatov_rs@abv.bg,ignatov_rs@abv.bg,
131,,,,,677,Video cables,Видео кабели,video-cables,,true,1,127,VALI,false,2026-04-02 10:02:02.052,2026-08-06 12:34:33.425,system,system,
135,,,,,423,Network Cables,Мрежови кабели,network-cables,,true,3,127,VALI,false,2026-04-02 10:02:02.060,2026-08-06 12:34:33.425,system,system,
130,,,,,676,Audio cables,Аудио кабели,audio-cables,,true,4,127,VALI,false,2026-04-02 10:02:02.050,2026-08-06 12:34:33.425,system,system,
149,,,,,456,Backs for digital cameras end camcorders,Чанти за камери и камкордери,backs-for-digital-cameras-end-camcorders,,true,4,144,VALI,false,2026-04-02 10:02:02.094,2026-08-06 12:34:33.425,system,system,
146,,,,,578,Picture frames,Фото рамки,picture-frames,,true,5,144,VALI,false,2026-04-02 10:02:02.084,2026-08-06 12:34:33.425,system,system,
148,,,,,602,Selfie sticks,Селфи стикове,selfie-sticks,,true,6,144,VALI,false,2026-04-02 10:02:02.092,2026-08-06 12:34:33.425,system,system,
151,,,,,601,Accessories for Lenses,Аксесоари за обективи,accessories-for-lenses,,false,7,144,VALI,false,2026-04-02 10:02:02.098,2026-08-06 12:34:33.425,system,system,
152,,,,,458,Others,Други фото и видео аксесоари,other-photo-video-accessories,,true,8,144,VALI,false,2026-04-02 10:02:02.100,2026-08-06 12:34:33.425,system,system,
174,,,,,511,Gaming mouse,Геймърски мишки,gaming-mouse,,true,1,167,VALI,true,2026-04-02 10:02:02.160,2026-08-06 12:34:33.425,system,system,
172,,,,,404,Gaming Keyboards,Геймърски клавиатури,gaming-keyboards,,true,2,167,VALI,true,2026-04-02 10:02:02.155,2026-08-06 12:34:33.425,system,system,
173,,,,,524,Gaming pads,Геймърски падове,gaming-pads,,true,3,167,VALI,false,2026-04-02 10:02:02.156,2026-08-06 12:34:33.425,system,system,
171,,,,,502,Gaming headset,Геймърски слушалки,gaming-headset,,true,4,167,VALI,false,2026-04-02 10:02:02.149,2026-08-06 12:34:33.425,system,system,
170,,,,,587,Gaming desks,Геймърски бюра,gaming-desks,,true,5,167,VALI,false,2026-04-02 10:02:02.147,2026-08-06 12:34:33.425,system,system,
176,,,,,712,Wheel Accesories,Аксесоари за Волани,wheel-accesories,,true,11,167,VALI,false,2026-04-02 10:02:02.163,2026-08-06 12:34:33.425,system,system,
179,,,,,569,Gaming accessories,Геймърски аксесоари,gaming-accessories,,true,12,167,VALI,false,2026-04-02 10:02:02.168,2026-08-06 12:34:33.425,system,system,
181,,,,,666,Figures,Фигурки,figures,,true,13,167,VALI,false,2026-04-02 10:02:02.171,2026-08-06 12:34:33.425,system,system,
11,,,,,382,Computer Cases,Кутии за компютри,computer-cases,,true,9,1,VALI,false,2026-04-02 10:02:00.852,2026-08-06 12:37:18.489,system,system,
19,,,,,381,"CD, DVD, Blue ray",Оптични устройства,cd-dvd-blue-ray,,true,10,1,VALI,false,2026-04-02 10:02:00.870,2026-08-06 12:37:18.489,system,system,
10,,,,,391,Sound Cards,Звукови карти,sound-cards,,true,11,1,VALI,false,2026-04-02 10:02:00.849,2026-08-06 12:37:18.489,system,system,
16,,,,,496,"HDD - 3.5""","Хард дискове - 3.5""",hdd-35,,true,13,1,VALI,false,2026-04-02 10:02:00.865,2026-08-06 12:37:18.489,system,system,
15,,,,,512,"HDD 2.5""","Хард дискове - 2.5""",hdd-25,,true,14,1,VALI,false,2026-04-02 10:02:00.863,2026-08-06 12:37:18.489,system,system,
12,,,,,384,Fans,Вентилатори,fans,,true,15,1,VALI,false,2026-04-02 10:02:00.855,2026-08-06 12:37:18.489,system,system,
13,,,,,614,Fan Controller,Контролери за вентилатори,fan-controller,,true,16,1,VALI,false,2026-04-02 10:02:00.857,2026-08-06 12:37:18.489,system,system,
14,,,,,530,Thermal paste,Термо пасти и подложки,thermal-paste,,true,17,1,VALI,false,2026-04-02 10:02:00.860,2026-08-06 12:37:18.489,system,system,
21,,,,,392,Controllers / RAID Cards,Контролери / RAID Контролери,controllers-raid-cards,,true,18,1,VALI,false,2026-04-02 10:02:00.876,2026-08-06 12:37:18.489,system,system,
18,,,,,640,Enclosures for HDD,Чекмеджета за дискове,enclosures-for-hdd,,true,19,1,VALI,false,2026-04-02 10:02:00.868,2026-08-06 12:37:18.489,system,system,
20,,,,,387,TV Tuners & Video Devices,TV Тунери и Видео устройства,tv-tuners-and-video-devices,,true,20,1,VALI,false,2026-04-02 10:02:00.873,2026-08-06 12:37:18.489,system,system,
22,,,,,393,Input & Output Controllers,Входно-изходни контролери,input-and-output-controllers,,true,21,1,VALI,false,2026-04-02 10:02:00.878,2026-08-06 12:37:18.489,system,system,
31,,,,,549,Computer Systems,КОМПЮТРИ,computer-systems,,true,1,,VALI,false,2026-04-02 10:02:00.894,2026-08-06 12:37:18.489,system,system,
36,,,,,482,"Laptops, tablets and accessories","Лаптопи, таблети и аксесоари",laptops-tablets-and-accessories,,true,3,,VALI,false,2026-04-02 10:02:00.902,2026-08-06 12:37:18.489,system,system,
50,,,,,394,Monitors,Монитори,monitors-and-public-displays,,true,4,49,VALI,false,2026-04-02 10:02:00.940,2026-08-06 12:37:18.489,system,system,
54,,,,,398,Computer peripherals,Компютърна периферия,computer-peripherals,,true,5,,VALI,false,2026-04-02 10:02:00.950,2026-08-06 12:37:18.489,system,system,
167,,,,,554,Gaming peripheral devices,Геймърска периферия,gaming-peripheral-devices,,true,6,,VALI,false,2026-04-02 10:02:02.139,2026-08-06 12:37:18.489,system,system,
78,,,,,436,"Printers, scanners and consumables","Принтери, скенери и консумативи",printers-scanners-and-consumables,,true,7,,VALI,false,2026-04-02 10:02:01.008,2026-08-06 12:37:18.489,system,system,
99,"213",mrezhovo,,,412,Routers and network equipment,Рутери и мрежово оборудване,network-equipment,videonablyudenie/ndaa/mrezhovo,true,8,,TEKRA,false,2026-04-02 10:02:01.059,2026-08-06 12:37:18.489,system,system,
230,"44",videonablyudenie,,,,,Видеонаблюдение,videonablyudenie,videonablyudenie,true,9,,TEKRA,false,2026-04-02 10:15:19.724,2026-08-06 12:37:18.489,system,system,
72,,,,,395,Power Protection,Непрекъсваеми токозахранващи устройства,power-protection,,true,10,,VALI,false,2026-04-02 10:02:00.987,2026-08-06 12:37:18.489,system,system,
71,,,,,568,Storage devices and consumables,Сторидж у-ва и консумативи,storage-devices-and-consumables,,true,11,,VALI,false,2026-04-02 10:02:00.986,2026-08-06 12:37:18.489,system,system,
198,,,,,481,Batteries and Chargers,Батерии и зарядни у-ва,batteries-and-chargers,,true,12,,VALI,false,2026-04-02 10:02:02.347,2026-08-06 12:37:18.489,system,system,
144,,,,,453,Photo and video accessories,Фото и видео аксесоари,photo-and-video-accessories,,true,14,,VALI,false,2026-04-02 10:02:02.080,2026-08-06 12:37:18.489,system,system,
138,,,,,553,"TV, Video and accessories","TV, Видео и аксесоари",tv-video-and-accessories,,true,15,,VALI,false,2026-04-02 10:02:02.066,2026-08-06 12:37:18.489,system,system,
119,,,,,625,Electronics,Електроника и роботика,electronics,,true,16,,VALI,false,2026-04-02 10:02:02.013,2026-08-06 12:37:18.489,system,system,
182,,,,,469,"Navigation systems, dashcam","Навигации, камери и аксесоари за коли",navigation-systems-dashcam,,true,17,,VALI,false,2026-04-02 10:02:02.173,2026-08-06 12:37:18.489,system,system,
153,,,,,459,"Smartwatches, phones and accessories","Смарт часовници, телефони и аксесоари",mobile-phones-and-accessories,,true,18,,VALI,false,2026-04-02 10:02:02.103,2026-08-06 12:37:18.489,system,system,
114,,,,,424,"Projectors, interactive floor, accessories","Проектори, интерактивен под, стойки",projectors-interactive-floor-accessories,,true,19,,VALI,false,2026-04-02 10:02:01.996,2026-08-06 12:37:18.489,system,system,
192,,,,,497,Software,Софтуер,software,,true,20,,VALI,false,2026-04-02 10:02:02.211,2026-08-06 12:37:18.489,system,system,
23,,,,,686,Water / Liquid Cooling,Водно охлаждане,water-liquid-cooling,,true,21,,VALI,false,2026-04-02 10:02:00.880,2026-08-06 12:37:18.489,system,system,
68,,,,,609,VR ( Virtual Reality),VR - Виртуална реалност,vr-virtual-reality,,true,22,,VALI,false,2026-04-02 10:02:00.980,2026-08-06 12:37:18.489,system,system,
184,,,,,513,Office products,Офис продукти,office-products,,true,23,,VALI,false,2026-04-02 10:02:02.176,2026-08-06 12:37:18.489,system,system,
211,,,,,491,Tools and accessories,Инструменти и аксесоари,household-products,,true,24,,VALI,false,2026-04-02 10:02:02.382,2026-08-06 12:37:18.489,system,system,
454,,,,,,Дребни домакински уреди,Дребни домакински уреди,drebni-domakinski-uredi,drebni-domakinski-uredi,false,25,,ASBIS,false,2026-05-19 15:47:30.834,2026-08-06 12:37:18.489,system,system,
520,,,,,,Digital signage IDS,Дигитална сигнализация IDS,digital-signage-ids,digital-signage-ids,false,26,,ASBIS,false,2026-05-19 15:47:31.335,2026-08-06 12:37:18.489,system,system,
525,,,,,,Robotic Solutions,Роботизирани решения,robotic-solutions,robotic-solutions,false,27,,ASBIS,false,2026-05-19 15:47:31.375,2026-08-06 12:37:18.489,system,system,
222,,,,,698,STEM,STEM,stem,,false,28,,VALI,false,2026-04-02 10:02:02.409,2026-08-06 12:37:18.489,system,system,
221,,,,,708,Service,СЕРВИЗНИ УСЛУГИ,service,,false,29,,VALI,false,2026-04-02 10:02:02.407,2026-08-06 12:37:18.489,system,system,
612,,,,,,Дистанционно Управление,Дистанционно Управление,distantsionno-upravlenie-asbis,aksesoari/distantsionno-upravlenie-asbis,false,0,298,ASBIS,false,2026-08-06 11:58:56.289,2026-08-06 12:06:45.475,ignatov_rs@abv.bg,ignatov_rs@abv.bg,
614,,,,,,iPhone аксесоари,iPhone аксесоари,iphone-aksesoari-asbis,aksesoari/iphone-aksesoari-asbis,false,0,298,ASBIS,false,2026-08-06 11:58:56.313,2026-08-06 12:06:45.475,ignatov_rs@abv.bg,ignatov_rs@abv.bg,
615,,,,,,Аксесоари за мултиборд,Аксесоари за мултиборд,aksesoari-za-multibord-asbis,aksesoari/za-multibord-asbis,false,0,298,ASBIS,false,2026-08-06 11:58:56.338,2026-08-06 12:06:45.475,ignatov_rs@abv.bg,ignatov_rs@abv.bg,
915,,,,,,Tools,Tools,tools-asbis,other-asbis/tools-asbis,false,0,875,ASBIS,false,2026-08-06 12:30:03.404,2026-08-06 12:36:59.635,ignatov_rs@abv.bg,ignatov_rs@abv.bg,
680,,,,,,Шаси,Шаси,shasi-asbis,kompyutarni-kutii/shasi-asbis,false,0,392,ASBIS,false,2026-08-06 11:58:56.961,2026-08-06 12:06:45.475,ignatov_rs@abv.bg,ignatov_rs@abv.bg,
681,,,,,,Чекмедже за диск,Чекмедже за диск,chekmedzhe-za-disk-asbis,kompyutarni-kutii/chekmedzhe-za-disk-asbis,false,0,392,ASBIS,false,2026-08-06 11:58:56.968,2026-08-06 12:06:45.475,ignatov_rs@abv.bg,ignatov_rs@abv.bg,
916,,,,,,Electric Fans,Electric Fans,electric-fans-asbis,other-asbis/electric-fans-asbis,false,0,875,ASBIS,false,2026-08-06 12:30:03.446,2026-08-06 12:36:59.635,ignatov_rs@abv.bg,ignatov_rs@abv.bg,
897,,,,,,Vacuum Cleaner Transformer,Прахосмукачка трансформер,vacuum-cleaner-transformer-asbis,other-asbis/vacuum-cleaner-transformer-asbis,false,0,875,ASBIS,false,2026-08-06 12:30:02.362,2026-08-06 12:36:59.635,ignatov_rs@abv.bg,ignatov_rs@abv.bg,
899,,,,,,Fashion Accessories,Модни аксесоари,fashion-accessories-asbis,other-asbis/fashion-accessories-asbis,false,0,875,ASBIS,false,2026-08-06 12:30:02.522,2026-08-06 12:36:59.635,ignatov_rs@abv.bg,ignatov_rs@abv.bg,
900,,,,,,PC Mini,Мини PC,pc-mini-asbis,other-asbis/pc-mini-asbis,false,0,875,ASBIS,false,2026-08-06 12:30:02.591,2026-08-06 12:36:59.635,ignatov_rs@abv.bg,ignatov_rs@abv.bg,
902,,,,,,Smart Tracker,Смарт тракер,smart-tracker-asbis,other-asbis/smart-tracker-asbis,false,0,875,ASBIS,false,2026-08-06 12:30:02.712,2026-08-06 12:36:59.635,ignatov_rs@abv.bg,ignatov_rs@abv.bg,
904,,,,,,Gaming Simracing Accessories,Гейминг симрейсинг аксесоари,gaming-simracing-accessories-asbis,other-asbis/gaming-simracing-accessories-asbis,false,0,875,ASBIS,false,2026-08-06 12:30:02.831,2026-08-06 12:36:59.635,ignatov_rs@abv.bg,ignatov_rs@abv.bg,
905,,,,,,Accessories for Flexible,Аксесоари за флексибилни устройства,accessories-for-flexible-asbis,other-asbis/accessories-for-flexible-asbis,false,0,875,ASBIS,false,2026-08-06 12:30:02.905,2026-08-06 12:36:59.635,ignatov_rs@abv.bg,ignatov_rs@abv.bg,
908,,,,,,Gaming Monitor,Гейминг монитор,gaming-monitor-asbis,other-asbis/gaming-monitor-asbis,false,0,875,ASBIS,false,2026-08-06 12:30:03.058,2026-08-06 12:36:59.635,ignatov_rs@abv.bg,ignatov_rs@abv.bg,
909,,,,,,Extended Warranty,Удължена гаранция,extended-warranty-asbis,other-asbis/extended-warranty-asbis,false,0,875,ASBIS,false,2026-08-06 12:30:03.115,2026-08-06 12:36:59.635,ignatov_rs@abv.bg,ignatov_rs@abv.bg,
910,,,,,,Smart Indoor Siren,Смарт вътрешна сирена,smart-indoor-siren-asbis,other-asbis/smart-indoor-siren-asbis,false,0,875,ASBIS,false,2026-08-06 12:30:03.169,2026-08-06 12:36:59.635,ignatov_rs@abv.bg,ignatov_rs@abv.bg,
911,,,,,,Gaming Handbrake,Гейминг ръчна спирачка,gaming-handbrake-asbis,other-asbis/gaming-handbrake-asbis,false,0,875,ASBIS,false,2026-08-06 12:30:03.201,2026-08-06 12:36:59.635,ignatov_rs@abv.bg,ignatov_rs@abv.bg,
913,,,,,,Gaming Shifter,Гейминг скоростен лост,gaming-shifter-asbis,other-asbis/gaming-shifter-asbis,false,0,875,ASBIS,false,2026-08-06 12:30:03.330,2026-08-06 12:36:59.635,ignatov_rs@abv.bg,ignatov_rs@abv.bg,
914,,,,,,VC WebCams,Видеоконферентни уеб камери,vc-webcams-asbis,other-asbis/vc-webcams-asbis,false,0,875,ASBIS,false,2026-08-06 12:30:03.370,2026-08-06 12:36:59.635,ignatov_rs@abv.bg,ignatov_rs@abv.bg,
703,,,,,,Фото Принтер,Фото Принтер,foto-printer,printeri/foto-printer,false,0,701,ASBIS,false,2026-08-06 11:58:57.108,2026-08-06 12:06:45.475,ignatov_rs@abv.bg,ignatov_rs@abv.bg,
704,,,,,,Сървърна кутия,Сървърна кутия,sarvarna-kutiya-asbis,sarvarni-komponenti/sarvarna-kutiya-asbis,false,0,423,ASBIS,false,2026-08-06 11:58:57.114,2026-08-06 12:06:45.475,ignatov_rs@abv.bg,ignatov_rs@abv.bg,
919,,,,,,Digital Signage Display,Digital Signage Display,digital-signage-display-asbis,other-asbis/digital-signage-display-asbis,false,0,875,ASBIS,false,2026-08-06 12:30:03.523,2026-08-06 12:36:59.635,ignatov_rs@abv.bg,ignatov_rs@abv.bg,
705,,,,,,Сървърни аксесоари,Сървърни аксесоари,sarvarni-aksesoari-asbis,sarvarni-komponenti/sarvarni-aksesoari-asbis,false,0,423,ASBIS,false,2026-08-06 11:58:57.122,2026-08-06 12:06:45.475,ignatov_rs@abv.bg,ignatov_rs@abv.bg,
922,,,,,,Smart Locks,Smart Locks,smart-locks-asbis,other-asbis/smart-locks-asbis,false,0,875,ASBIS,false,2026-08-06 12:30:03.580,2026-08-06 12:36:59.635,ignatov_rs@abv.bg,ignatov_rs@abv.bg,
923,,,,,,Lint Removers,Lint Removers,lint-removers-asbis,other-asbis/lint-removers-asbis,false,0,875,ASBIS,false,2026-08-06 12:30:03.595,2026-08-06 12:36:59.635,ignatov_rs@abv.bg,ignatov_rs@abv.bg,
706,,,,,,RAID контролер,RAID контролер,raid-kontroler-asbis,sarvarni-komponenti/raid-kontroler-asbis,false,0,423,ASBIS,false,2026-08-06 11:58:57.130,2026-08-06 12:06:45.475,ignatov_rs@abv.bg,ignatov_rs@abv.bg,
695,,,,,,Memory Gaming Desktop,Памет гейминг настолна,memory-gaming-desktop-asbis,pamet/memory-gaming-desktop-asbis,false,0,415,ASBIS,false,2026-08-06 11:58:57.058,2026-08-06 12:06:45.475,ignatov_rs@abv.bg,ignatov_rs@abv.bg,
707,,,,,,HBA контролер,HBA контролер,hba-kontroler-asbis,sarvarni-komponenti/hba-kontroler-asbis,false,0,423,ASBIS,false,2026-08-06 11:58:57.144,2026-08-06 12:06:45.475,ignatov_rs@abv.bg,ignatov_rs@abv.bg,
708,,,,,,Сървърно охлаждане,Сървърно охлаждане,sarvarno-ohlazhdane-asbis,sarvarni-komponenti/sarvarno-ohlazhdane-asbis,false,0,423,ASBIS,false,2026-08-06 11:58:57.154,2026-08-06 12:06:45.475,ignatov_rs@abv.bg,ignatov_rs@abv.bg,
924,,,,,,Security - Surveillance Outdoor Camera,Security - Surveillance Outdoor Camera,security-surveillance-outdoor-camera-asbis,other-asbis/security-surveillance-outdoor-camera-asbis,false,0,875,ASBIS,false,2026-08-06 12:30:03.616,2026-08-06 12:36:59.635,ignatov_rs@abv.bg,ignatov_rs@abv.bg,
918,,,,,,Gaming Simracing Cockpit,Гейминг симрейсинг кокпит,gaming-simracing-cockpit-asbis,other-asbis/gaming-simracing-cockpit-asbis,false,0,875,ASBIS,false,2026-08-06 12:30:03.504,2026-08-06 12:36:59.635,ignatov_rs@abv.bg,ignatov_rs@abv.bg,
556,,,,,,Vacuum Cleaner Robot,Робот прахосмукачка,vacuum-cleaner-robot,other/vacuum-cleaner-robot,false,0,,ASBIS,false,2026-08-06 11:58:55.508,2026-08-06 12:06:45.475,ignatov_rs@abv.bg,ignatov_rs@abv.bg,
559,,,,,,Ready to wear,Готово за носене,ready-to-wear,other/ready-to-wear,false,0,,ASBIS,false,2026-08-06 11:58:55.592,2026-08-06 12:06:45.475,ignatov_rs@abv.bg,ignatov_rs@abv.bg,
567,,,,,,Solar Panel,Слънчев панел,solar-panel-asbis,other/solar-panel-asbis,false,0,,ASBIS,false,2026-08-06 11:58:55.767,2026-08-06 12:06:45.475,ignatov_rs@abv.bg,ignatov_rs@abv.bg,
561,,,,,,Vacuum Cleaner Stick,Прахосмукачка прътова,vacuum-cleaner-stick,other/vacuum-cleaner-stick,false,0,,ASBIS,false,2026-08-06 11:58:55.675,2026-08-06 12:06:45.475,ignatov_rs@abv.bg,ignatov_rs@abv.bg,
562,,,,,,VC Docks,Видеоконферентни докинг станции,vc-docks-asbis,other/vc-docks-asbis,false,0,,ASBIS,false,2026-08-06 11:58:55.696,2026-08-06 12:06:45.475,ignatov_rs@abv.bg,ignatov_rs@abv.bg,
565,,,,,,Production Material,Производствени материали,production-material,other/production-material,false,0,,ASBIS,false,2026-08-06 11:58:55.749,2026-08-06 12:06:45.475,ignatov_rs@abv.bg,ignatov_rs@abv.bg,
564,,,,,,Desktop NAS,Настолен NAS,desktop-nas-asbis,other/desktop-nas-asbis,false,0,,ASBIS,false,2026-08-06 11:58:55.739,2026-08-06 12:06:45.475,ignatov_rs@abv.bg,ignatov_rs@abv.bg,
566,,,,,,Vacuum Cleaner Transformer,Прахосмукачка трансформер,vacuum-cleaner-transformer,other/vacuum-cleaner-transformer,false,0,,ASBIS,false,2026-08-06 11:58:55.756,2026-08-06 12:06:45.475,ignatov_rs@abv.bg,ignatov_rs@abv.bg,
571,,,,,,Smart Tracker,Смарт тракер,smart-tracker-asbis,other/smart-tracker-asbis,false,0,,ASBIS,false,2026-08-06 11:58:55.809,2026-08-06 12:06:45.475,ignatov_rs@abv.bg,ignatov_rs@abv.bg,
779,,,,,,IDS стенен монтаж,IDS стенен монтаж,ids-stenen-montazh-asbis,digital-signage-ids-asbis/ids-stenen-montazh-asbis,false,0,778,ASBIS,false,2026-08-06 11:58:57.798,2026-08-06 12:06:45.475,ignatov_rs@abv.bg,ignatov_rs@abv.bg,
578,,,,,,Extended Warranty,Удължена гаранция,extended-warranty,other/extended-warranty,false,0,,ASBIS,false,2026-08-06 11:58:55.891,2026-08-06 12:06:45.475,ignatov_rs@abv.bg,ignatov_rs@abv.bg,
579,,,,,,Smart Indoor Siren,Смарт вътрешна сирена,smart-indoor-siren-asbis,other/smart-indoor-siren-asbis,false,0,,ASBIS,false,2026-08-06 11:58:55.907,2026-08-06 12:06:45.475,ignatov_rs@abv.bg,ignatov_rs@abv.bg,
580,,,,,,Gaming Handbrake,Гейминг ръчна спирачка,gaming-handbrake-asbis,other/gaming-handbrake-asbis,false,0,,ASBIS,false,2026-08-06 11:58:55.920,2026-08-06 12:06:45.475,ignatov_rs@abv.bg,ignatov_rs@abv.bg,
581,,,,,,Acc - Vacuum sealer,Аксесоари за вакуумзатваряне,acc-vacuum-sealer,other/acc-vacuum-sealer,false,0,,ASBIS,false,2026-08-06 11:58:55.931,2026-08-06 12:06:45.475,ignatov_rs@abv.bg,ignatov_rs@abv.bg,
582,,,,,,Gaming Shifter,Гейминг скоростен лост,gaming-shifter-asbis,other/gaming-shifter-asbis,false,0,,ASBIS,false,2026-08-06 11:58:55.948,2026-08-06 12:06:45.475,ignatov_rs@abv.bg,ignatov_rs@abv.bg,
583,,,,,,VC WebCams,Видеоконферентни уеб камери,vc-webcams-asbis,other/vc-webcams-asbis,false,0,,ASBIS,false,2026-08-06 11:58:55.959,2026-08-06 12:06:45.475,ignatov_rs@abv.bg,ignatov_rs@abv.bg,
586,,,,,,Irrigators,Иригатори,irrigators,other/irrigators,false,0,,ASBIS,false,2026-08-06 11:58:55.994,2026-08-06 12:06:45.475,ignatov_rs@abv.bg,ignatov_rs@abv.bg,
776,,,,,,Флаш памети,Флаш памети,flash-pameti-asbis,flash-pameti-asbis/flash-pameti-asbis,false,0,517,ASBIS,false,2026-08-06 11:58:57.783,2026-08-06 12:06:45.475,ignatov_rs@abv.bg,ignatov_rs@abv.bg,
777,,,,,,USB флаш памет,USB флаш памет,usb-flash-pamet-asbis,flash-pameti-asbis/usb-flash-pamet-asbis,false,0,517,ASBIS,false,2026-08-06 11:58:57.788,2026-08-06 12:06:45.475,ignatov_rs@abv.bg,ignatov_rs@abv.bg,
599,,,,,,Мрежови аксесоари,Мрежови аксесоари,mrezhovi-aksesoari-asbis,aksesoari/mrezhovi-aksesoari-asbis,false,0,298,ASBIS,false,2026-08-06 11:58:56.140,2026-08-06 12:06:45.475,ignatov_rs@abv.bg,ignatov_rs@abv.bg,
600,,,,,,Аксесоари за автомобили,Аксесоари за автомобили,aksesoari-za-avtomobili-asbis,aksesoari/za-avtomobili-asbis,false,0,298,ASBIS,false,2026-08-06 11:58:56.147,2026-08-06 12:06:45.475,ignatov_rs@abv.bg,ignatov_rs@abv.bg,
602,,,,,,Bluetooth Слушалки,Bluetooth Слушалки,bluetooth-slushalki-asbis,aksesoari/bluetooth-slushalki-asbis,false,0,298,ASBIS,false,2026-08-06 11:58:56.167,2026-08-06 12:06:45.475,ignatov_rs@abv.bg,ignatov_rs@abv.bg,
603,,,,,,Зарядно устройство,Зарядно устройство,zaryadno-ustroystvo-asbis,aksesoari/zaryadno-ustroystvo-asbis,false,0,298,ASBIS,false,2026-08-06 11:58:56.180,2026-08-06 12:06:45.475,ignatov_rs@abv.bg,ignatov_rs@abv.bg,
604,,,,,,Уеб камера,Уеб камера,ueb-kamera-asbis,aksesoari/ueb-kamera-asbis,false,0,298,ASBIS,false,2026-08-06 11:58:56.193,2026-08-06 12:06:45.475,ignatov_rs@abv.bg,ignatov_rs@abv.bg,
605,,,,,,Аксесоари за настолни компютри,Аксесоари за настолни компютри,aksesoari-za-nastolni-kompyutri-asbis,aksesoari/za-nastolni-kompyutri-asbis,false,0,298,ASBIS,false,2026-08-06 11:58:56.204,2026-08-06 12:06:45.475,ignatov_rs@abv.bg,ignatov_rs@abv.bg,
610,,,,,,Подложка за мишка,Подложка за мишка,podlozhka-za-mishka-asbis,aksesoari/podlozhka-za-mishka-asbis,false,0,298,ASBIS,false,2026-08-06 11:58:56.256,2026-08-06 12:06:45.475,ignatov_rs@abv.bg,ignatov_rs@abv.bg,
611,,,,,,Охладителни стойки за мобилни компютри,Охладителни стойки за мобилни компютри,ohladitelni-stoyki-za-mobilni-kompyutri-asbis,aksesoari/ohladitelni-stoyki-za-mobilni-kompyutri-asbis,false,0,298,ASBIS,false,2026-08-06 11:58:56.270,2026-08-06 12:06:45.475,ignatov_rs@abv.bg,ignatov_rs@abv.bg,
568,,,,,,Fashion Accessories,Модни аксесоари,fashion-accessories,other/fashion-accessories,false,0,,ASBIS,false,2026-08-06 11:58:55.774,2026-08-06 12:06:45.475,ignatov_rs@abv.bg,ignatov_rs@abv.bg,
616,,,,,,Флаш памети,Флаш памети,flash-pameti-asbis,periferni-ustroystva/flash-pameti-asbis,false,0,320,ASBIS,false,2026-08-06 11:58:56.347,2026-08-06 12:06:45.475,ignatov_rs@abv.bg,ignatov_rs@abv.bg,
589,,,,,,VC Services,Видеоконферентни услуги,vc-services,other/vc-services,false,0,,ASBIS,false,2026-08-06 11:58:56.030,2026-08-06 12:06:45.475,ignatov_rs@abv.bg,ignatov_rs@abv.bg,
618,,,,,,Централен процесор - сървърен,Централен процесор - сървърен,tsentralen-protsesor-sarvaren-asbis,protsesori/tsentralen-protsesor-sarvaren-asbis,false,0,322,ASBIS,false,2026-08-06 11:58:56.360,2026-08-06 12:06:45.475,ignatov_rs@abv.bg,ignatov_rs@abv.bg,
619,,,,,,Мултимедия - Аудио система,Мултимедия - Аудио система,multimediya-audio-sistema-asbis,multimedien-harduer/multimediya-audio-sistema-asbis,false,0,325,ASBIS,false,2026-08-06 11:58:56.367,2026-08-06 12:06:45.475,ignatov_rs@abv.bg,ignatov_rs@abv.bg,
620,,,,,,Аудио видео системи,Аудио видео системи,audio-video-sistemi-asbis,multimedien-harduer/audio-video-sistemi-asbis,false,0,325,ASBIS,false,2026-08-06 11:58:56.374,2026-08-06 12:06:45.475,ignatov_rs@abv.bg,ignatov_rs@abv.bg,
920,,,,,,VC Services,Видеоконферентни услуги,vc-services-asbis,other-asbis/vc-services-asbis,false,0,875,ASBIS,false,2026-08-06 12:30:03.541,2026-08-06 12:36:59.635,ignatov_rs@abv.bg,ignatov_rs@abv.bg,
621,,,,,,Видеоконферентно решение,Видеоконферентно решение,videokonferentno-reshenie-asbis,multimedien-harduer/videokonferentno-reshenie-asbis,false,0,325,ASBIS,false,2026-08-06 11:58:56.381,2026-08-06 12:06:45.475,ignatov_rs@abv.bg,ignatov_rs@abv.bg,
622,,,,,,Високоговорител,Високоговорител,visokogovoritel-asbis,multimedien-harduer/visokogovoritel-asbis,false,0,325,ASBIS,false,2026-08-06 11:58:56.387,2026-08-06 12:06:45.475,ignatov_rs@abv.bg,ignatov_rs@abv.bg,
625,,,,,,TV сет,TV сет,tv-set-asbis,multimedien-harduer/tv-set-asbis,false,0,325,ASBIS,false,2026-08-06 11:58:56.411,2026-08-06 12:06:45.475,ignatov_rs@abv.bg,ignatov_rs@abv.bg,
549,,,,,,Massage Guns,Massage Guns,massage-guns,other/massage-guns,false,0,,ASBIS,false,2026-08-06 11:58:55.356,2026-08-06 12:06:45.475,ignatov_rs@abv.bg,ignatov_rs@abv.bg,
795,,,,,,Multimedia - Speaker Wi-Fi,Мултимедия - Wi-Fi говорител,multimedia-speaker-wi-fi-asbis,other/multimedia-speaker-wi-fi-asbis,false,0,788,ASBIS,false,2026-08-06 12:12:44.378,2026-08-06 12:16:17.030,ignatov_rs@abv.bg,ignatov_rs@abv.bg,
626,,,,,,Безжична точка за достъп,Безжична точка за достъп,bezzhichna-tochka-za-dostap-asbis,mrezhovi-produkti/bezzhichna-tochka-za-dostap-asbis,false,0,333,ASBIS,false,2026-08-06 11:58:56.417,2026-08-06 12:06:45.475,ignatov_rs@abv.bg,ignatov_rs@abv.bg,
627,,,,,,Wireless външна точка за достъп,Wireless външна точка за достъп,wireless-vanshna-tochka-za-dostap-asbis,mrezhovi-produkti/wireless-vanshna-tochka-za-dostap-asbis,false,0,333,ASBIS,false,2026-08-06 11:58:56.423,2026-08-06 12:06:45.475,ignatov_rs@abv.bg,ignatov_rs@abv.bg,
629,,,,,,Маршрутизатор,Маршрутизатор,marshrutizator-asbis,mrezhovi-produkti/marshrutizator-asbis,false,0,333,ASBIS,false,2026-08-06 11:58:56.434,2026-08-06 12:06:45.475,ignatov_rs@abv.bg,ignatov_rs@abv.bg,
630,,,,,,Трансийвър,Трансийвър,transiyvar-asbis,mrezhovi-produkti/transiyvar-asbis,false,0,333,ASBIS,false,2026-08-06 11:58:56.451,2026-08-06 12:06:45.475,ignatov_rs@abv.bg,ignatov_rs@abv.bg,
631,,,,,,Мрежови кабели,Мрежови кабели,mrezhovi-kabeli-asbis,mrezhovi-produkti/mrezhovi-kabeli-asbis,false,0,333,ASBIS,false,2026-08-06 11:58:56.461,2026-08-06 12:06:45.475,ignatov_rs@abv.bg,ignatov_rs@abv.bg,
613,,,,,,Acc - Air Purifiers,Аксесоари за пречиствателни устройства,acc-air-purifiers-asbis,aksesoari/acc-air-purifiers-asbis,false,0,298,ASBIS,false,2026-08-06 11:58:56.298,2026-08-06 12:06:45.475,ignatov_rs@abv.bg,ignatov_rs@abv.bg,
638,,,,,,Апаратура за Контрол на Достъпа,Апаратура за Контрол на Достъпа,aparatura-za-kontrol-na-dostapa-asbis,mrezhovi-produkti/aparatura-za-kontrol-na-dostapa-asbis,false,0,333,ASBIS,false,2026-08-06 11:58:56.533,2026-08-06 12:06:45.475,ignatov_rs@abv.bg,ignatov_rs@abv.bg,
640,,,,,,Електронни лицензи,Електронни лицензи,elektronni-litsenzi-asbis,softuear/elektronni-litsenzi-asbis,false,0,348,ASBIS,false,2026-08-06 11:58:56.550,2026-08-06 12:06:45.475,ignatov_rs@abv.bg,ignatov_rs@abv.bg,
641,,,,,,Операционна система за РС (кутия с DVD носители),Операционна система за РС (кутия с DVD носители),operatsionna-sistema-za-rs-kutiya-s-dvd-nositeli-asbis,softuear/operatsionna-sistema-za-rs-kutiya-s-dvd-nositeli-asbis,false,0,348,ASBIS,false,2026-08-06 11:58:56.556,2026-08-06 12:06:45.475,ignatov_rs@abv.bg,ignatov_rs@abv.bg,
557,,,,,,Air Fryers,Air Fryers,air-fryers,other/air-fryers,false,0,,ASBIS,false,2026-08-06 11:58:55.534,2026-08-06 12:06:45.475,ignatov_rs@abv.bg,ignatov_rs@abv.bg,
642,,,,,,ОЕМ Сървърен лиценз,ОЕМ Сървърен лиценз,oem-sarvaren-litsenz-asbis,softuear/oem-sarvaren-litsenz-asbis,false,0,348,ASBIS,false,2026-08-06 11:58:56.565,2026-08-06 12:06:45.475,ignatov_rs@abv.bg,ignatov_rs@abv.bg,
644,,,,,,Софтуер за мултиборд,Софтуер за мултиборд,softuer-za-multibord-asbis,softuear/softuer-za-multibord-asbis,false,0,348,ASBIS,false,2026-08-06 11:58:56.578,2026-08-06 12:06:45.475,ignatov_rs@abv.bg,ignatov_rs@abv.bg,
645,,,,,,Приложен софтуер за PC (кутия с DVD носители),Приложен софтуер за PC (кутия с DVD носители),prilozhen-softuer-za-pc-kutiya-s-dvd-nositeli-asbis,softuear/prilozhen-softuer-za-pc-kutiya-s-dvd-nositeli-asbis,false,0,348,ASBIS,false,2026-08-06 11:58:56.587,2026-08-06 12:06:45.475,ignatov_rs@abv.bg,ignatov_rs@abv.bg,
646,,,,,,ОЕМ операционна система за РС,ОЕМ операционна система за РС,oem-operatsionna-sistema-za-rs-asbis,softuear/oem-operatsionna-sistema-za-rs-asbis,false,0,348,ASBIS,false,2026-08-06 11:58:56.595,2026-08-06 12:06:45.475,ignatov_rs@abv.bg,ignatov_rs@abv.bg,
647,,,,,,Софтуер за Мрежово Администриране и Обслужване,Софтуер за Мрежово Администриране и Обслужване,softuer-za-mrezhovo-administrirane-i-obsluzhvane-asbis,softuear/softuer-za-mrezhovo-administrirane-i-obsluzhvane-asbis,false,0,348,ASBIS,false,2026-08-06 11:58:56.601,2026-08-06 12:06:45.475,ignatov_rs@abv.bg,ignatov_rs@abv.bg,
648,,,,,,IDS софтуер,IDS софтуер,ids-softuer-asbis,softuear/ids-softuer-asbis,false,0,348,ASBIS,false,2026-08-06 11:58:56.619,2026-08-06 12:06:45.475,ignatov_rs@abv.bg,ignatov_rs@abv.bg,
649,,,,,,Soft OEM. MS OS for PC media CD,Soft OEM. MS OS for PC media CD,soft-oem-ms-os-for-pc-media-cd,softuear/soft-oem-ms-os-for-pc-media-cd,false,0,348,ASBIS,false,2026-08-06 11:58:56.625,2026-08-06 12:06:45.475,ignatov_rs@abv.bg,ignatov_rs@abv.bg,
650,,,,,,Офис пакет за PC (кутия с DVD носители),Офис пакет за PC (кутия с DVD носители),ofis-paket-za-pc-kutiya-s-dvd-nositeli-asbis,softuear/ofis-paket-za-pc-kutiya-s-dvd-nositeli-asbis,false,0,348,ASBIS,false,2026-08-06 11:58:56.630,2026-08-06 12:06:45.475,ignatov_rs@abv.bg,ignatov_rs@abv.bg,
652,,,,,,Мрежово Устройство за Съхранение на Данни,Мрежово Устройство за Съхранение на Данни,mrezhovo-ustroystvo-za-sahranenie-na-danni-asbis,ustroystva-za-sahranenie-na-danni/mrezhovo-ustroystvo-za-sahranenie-na-danni-asbis,false,0,360,ASBIS,false,2026-08-06 11:58:56.646,2026-08-06 12:06:45.475,ignatov_rs@abv.bg,ignatov_rs@abv.bg,
654,,,,,,LED телевизор,LED телевизор,led-televizor-asbis,displei/led-televizor-asbis,false,0,362,ASBIS,false,2026-08-06 11:58:56.655,2026-08-06 12:06:45.475,ignatov_rs@abv.bg,ignatov_rs@abv.bg,
655,,,,,,Широкоформатни дисплеи,Широкоформатни дисплеи,shirokoformatni-displei-asbis,displei/shirokoformatni-displei-asbis,false,0,362,ASBIS,false,2026-08-06 11:58:56.660,2026-08-06 12:06:45.475,ignatov_rs@abv.bg,ignatov_rs@abv.bg,
656,,,,,,Проектор,Проектор,proektor,displei/proektor,false,0,362,ASBIS,false,2026-08-06 11:58:56.665,2026-08-06 12:06:45.475,ignatov_rs@abv.bg,ignatov_rs@abv.bg,
657,,,,,,Твърд диск видеонаблюдение,Твърд диск видеонаблюдение,tvard-disk-videonablyudenie-asbis,tvardi-diskove/tvard-disk-videonablyudenie-asbis,false,0,366,ASBIS,false,2026-08-06 11:58:56.670,2026-08-06 12:06:45.475,ignatov_rs@abv.bg,ignatov_rs@abv.bg,
658,,,,,,Твърд диск сървърен,Твърд диск сървърен,tvard-disk-sarvaren-asbis,tvardi-diskove/tvard-disk-sarvaren-asbis,false,0,366,ASBIS,false,2026-08-06 11:58:56.675,2026-08-06 12:06:45.475,ignatov_rs@abv.bg,ignatov_rs@abv.bg,
307,,,,,,Уеб камера,Уеб камера,ueb-kamera,aksesoari/ueb-kamera,false,0,54,ASBIS,false,2026-05-19 15:47:29.462,2026-08-06 12:36:15.225,system,system,
659,,,,,,Твърд диск външен,Твърд диск външен,tvard-disk-vanshen-asbis,tvardi-diskove/tvard-disk-vanshen-asbis,false,0,366,ASBIS,false,2026-08-06 11:58:56.682,2026-08-06 12:06:45.475,ignatov_rs@abv.bg,ignatov_rs@abv.bg,
660,,,,,,Твърд диск NAS,Твърд диск NAS,tvard-disk-nas-asbis,tvardi-diskove/tvard-disk-nas-asbis,false,0,366,ASBIS,false,2026-08-06 11:58:56.692,2026-08-06 12:06:45.475,ignatov_rs@abv.bg,ignatov_rs@abv.bg,
661,,,,,,Докинг станция за твърд диск,Докинг станция за твърд диск,doking-stantsiya-za-tvard-disk-asbis,tvardi-diskove/doking-stantsiya-za-tvard-disk-asbis,false,0,366,ASBIS,false,2026-08-06 11:58:56.701,2026-08-06 12:06:45.475,ignatov_rs@abv.bg,ignatov_rs@abv.bg,
662,,,,,,Твърд диск настолен,Твърд диск настолен,tvard-disk-nastolen-asbis,tvardi-diskove/tvard-disk-nastolen-asbis,false,0,366,ASBIS,false,2026-08-06 11:58:56.715,2026-08-06 12:06:45.475,ignatov_rs@abv.bg,ignatov_rs@abv.bg,
663,,,,,,DVD-RW,DVD-RW,dvd-rw-asbis,optichni-ustroystva/dvd-rw-asbis,false,0,373,ASBIS,false,2026-08-06 11:58:56.724,2026-08-06 12:06:45.475,ignatov_rs@abv.bg,ignatov_rs@abv.bg,
664,,,,,,Настолна система,Настолна система,nastolna-sistema-asbis,nastolni-rs/nastolna-sistema-asbis,false,0,375,ASBIS,false,2026-08-06 11:58:56.754,2026-08-06 12:06:45.475,ignatov_rs@abv.bg,ignatov_rs@abv.bg,
665,,,,,,Работна станция,Работна станция,rabotna-stantsiya-asbis,nastolni-rs/rabotna-stantsiya-asbis,false,0,375,ASBIS,false,2026-08-06 11:58:56.770,2026-08-06 12:06:45.475,ignatov_rs@abv.bg,ignatov_rs@abv.bg,
667,,,,,,Компютър за геймъри,Компютър за геймъри,kompyutar-za-geymari-asbis,nastolni-rs/kompyutar-za-geymari-asbis,false,0,375,ASBIS,false,2026-08-06 11:58:56.795,2026-08-06 12:06:45.475,ignatov_rs@abv.bg,ignatov_rs@abv.bg,
668,,,,,,Адаптер за Захранване,Адаптер за Захранване,adapter-za-zahranvane-asbis,zahranvane-i-kabeli/adapter-za-zahranvane-asbis,false,0,380,ASBIS,false,2026-08-06 11:58:56.805,2026-08-06 12:06:45.475,ignatov_rs@abv.bg,ignatov_rs@abv.bg,
669,,,,,,Захранване,Захранване,zahranvane-asbis,zahranvane-i-kabeli/zahranvane-asbis,false,0,380,ASBIS,false,2026-08-06 11:58:56.812,2026-08-06 12:06:45.475,ignatov_rs@abv.bg,ignatov_rs@abv.bg,
670,,,,,,Кабел,Кабел,kabel-asbis,zahranvane-i-kabeli/kabel-asbis,false,0,380,ASBIS,false,2026-08-06 11:58:56.836,2026-08-06 12:06:45.475,ignatov_rs@abv.bg,ignatov_rs@abv.bg,
671,,,,,,Захранване - разпределително устройство,Захранване - разпределително устройство,zahranvane-razpredelitelno-ustroystvo,zahranvane-i-kabeli/zahranvane-razpredelitelno-ustroystvo,false,0,380,ASBIS,false,2026-08-06 11:58:56.851,2026-08-06 12:06:45.475,ignatov_rs@abv.bg,ignatov_rs@abv.bg,
672,,,,,,USB Кабели,USB Кабели,usb-kabeli-asbis,zahranvane-i-kabeli/usb-kabeli-asbis,false,0,380,ASBIS,false,2026-08-06 11:58:56.869,2026-08-06 12:06:45.475,ignatov_rs@abv.bg,ignatov_rs@abv.bg,
673,,,,,,Непрекъсваемо Токозахранване,Непрекъсваемо Токозахранване,neprekasvaemo-tokozahranvane-asbis,zahranvane-i-kabeli/neprekasvaemo-tokozahranvane-asbis,false,0,380,ASBIS,false,2026-08-06 11:58:56.891,2026-08-06 12:06:45.475,ignatov_rs@abv.bg,ignatov_rs@abv.bg,
674,,,,,,HDMI Кабели,HDMI Кабели,hdmi-kabeli-asbis,zahranvane-i-kabeli/hdmi-kabeli-asbis,false,0,380,ASBIS,false,2026-08-06 11:58:56.907,2026-08-06 12:06:45.475,ignatov_rs@abv.bg,ignatov_rs@abv.bg,
676,,,,,,VGA Кабели,VGA Кабели,vga-kabeli-asbis,zahranvane-i-kabeli/vga-kabeli-asbis,false,0,380,ASBIS,false,2026-08-06 11:58:56.935,2026-08-06 12:06:45.475,ignatov_rs@abv.bg,ignatov_rs@abv.bg,
678,,,,,,Смартфони,Смартфони,smartfoni,telefoni/smartfoni,false,0,677,ASBIS,false,2026-08-06 11:58:56.948,2026-08-06 12:06:45.475,ignatov_rs@abv.bg,ignatov_rs@abv.bg,
797,,,,,,AI Recorder,AI рекордер,ai-recorder-asbis,other/ai-recorder-asbis,false,0,788,ASBIS,false,2026-08-06 12:12:44.518,2026-08-06 12:16:17.030,ignatov_rs@abv.bg,ignatov_rs@abv.bg,
682,,,,,,Опаковка за пренасяне,Опаковка за пренасяне,opakovka-za-prenasyane-asbis,konektori/opakovka-za-prenasyane-asbis,false,0,395,ASBIS,false,2026-08-06 11:58:56.974,2026-08-06 12:06:45.475,ignatov_rs@abv.bg,ignatov_rs@abv.bg,
798,,,,,,VC Headsets,Видеоконферентни слушалки,vc-headsets-asbis,other/vc-headsets-asbis,false,0,788,ASBIS,false,2026-08-06 12:12:44.528,2026-08-06 12:16:17.030,ignatov_rs@abv.bg,ignatov_rs@abv.bg,
683,,,,,,Калъфи за таблети,Калъфи за таблети,kalafi-za-tableti-asbis,konektori/kalafi-za-tableti-asbis,false,0,395,ASBIS,false,2026-08-06 11:58:56.981,2026-08-06 12:06:45.475,ignatov_rs@abv.bg,ignatov_rs@abv.bg,
684,,,,,,Адаптери,Адаптери,adapteri-asbis,adapteri/asbis,false,0,398,ASBIS,false,2026-08-06 11:58:56.987,2026-08-06 12:06:45.475,ignatov_rs@abv.bg,ignatov_rs@abv.bg,
417,,,,,,Памет,Памет,pamet-asbis,pamet/asbis,false,0,1,ASBIS,false,2026-05-19 15:47:30.542,2026-08-06 12:36:15.225,system,system,
407,,,,,,Клавиатура,Клавиатура,klaviatura,periferiya/klaviatura,false,0,54,ASBIS,false,2026-05-19 15:47:30.431,2026-08-06 12:36:15.225,system,system,
685,,,,,,Контролерна карта,Контролерна карта,kontrolerna-karta-asbis,adapteri/kontrolerna-karta-asbis,false,0,398,ASBIS,false,2026-08-06 11:58:56.994,2026-08-06 12:06:45.475,ignatov_rs@abv.bg,ignatov_rs@abv.bg,
686,,,,,,Порт Репликатор,Порт Репликатор,port-replikator-asbis,adapteri/port-replikator-asbis,false,0,398,ASBIS,false,2026-08-06 11:58:57.001,2026-08-06 12:06:45.475,ignatov_rs@abv.bg,ignatov_rs@abv.bg,
687,,,,,,Охладител,Охладител,ohladitel-asbis,ohladiteli/ohladitel-asbis,false,0,402,ASBIS,false,2026-08-06 11:58:57.008,2026-08-06 12:06:45.475,ignatov_rs@abv.bg,ignatov_rs@abv.bg,
688,,,,,,Авто видеорегистратор,Авто видеорегистратор,avto-videoregistrator-asbis,tsifrovi-fotoaparati/avto-videoregistrator-asbis,false,0,404,ASBIS,false,2026-08-06 11:58:57.014,2026-08-06 12:06:45.475,ignatov_rs@abv.bg,ignatov_rs@abv.bg,
689,,,,,,Клавиатура,Клавиатура,klaviatura-asbis,periferiya/klaviatura-asbis,false,0,406,ASBIS,false,2026-08-06 11:58:57.020,2026-08-06 12:06:45.475,ignatov_rs@abv.bg,ignatov_rs@abv.bg,
690,,,,,,Мишка,Мишка,mishka-asbis,periferiya/mishka-asbis,false,0,406,ASBIS,false,2026-08-06 11:58:57.026,2026-08-06 12:06:45.475,ignatov_rs@abv.bg,ignatov_rs@abv.bg,
570,,,,,,Dehumidifiers,Dehumidifiers,dehumidifiers,other/dehumidifiers,false,0,,ASBIS,false,2026-08-06 11:58:55.800,2026-08-06 12:06:45.475,ignatov_rs@abv.bg,ignatov_rs@abv.bg,
590,,,,,,Security - Surveillance Kit,Сигурност - Комплект за видеонаблюдение,security-surveillance-kit-asbis,other/security-surveillance-kit-asbis,false,0,,ASBIS,false,2026-08-06 11:58:56.043,2026-08-06 12:06:45.475,ignatov_rs@abv.bg,ignatov_rs@abv.bg,
594,,,,,,Pressure Cookers,Тенджери под налягане,pressure-cookers,other/pressure-cookers,false,0,,ASBIS,false,2026-08-06 11:58:56.074,2026-08-06 12:06:45.475,ignatov_rs@abv.bg,ignatov_rs@abv.bg,
595,,,,,,Liquidaiser,Блендер,liquidaiser,other/liquidaiser,false,0,,ASBIS,false,2026-08-06 11:58:56.081,2026-08-06 12:06:45.475,ignatov_rs@abv.bg,ignatov_rs@abv.bg,
925,,,,,,Pressure Cookers,Тенджери под налягане,pressure-cookers-asbis,other-asbis/pressure-cookers-asbis,false,0,875,ASBIS,false,2026-08-06 12:30:03.642,2026-08-06 12:36:59.635,ignatov_rs@abv.bg,ignatov_rs@abv.bg,
926,,,,,,Liquidaiser,Блендер,liquidaiser-asbis,other-asbis/liquidaiser-asbis,false,0,875,ASBIS,false,2026-08-06 12:30:03.665,2026-08-06 12:36:59.635,ignatov_rs@abv.bg,ignatov_rs@abv.bg,
780,,,,,,Digital signage за вътрешна употреба,Digital signage за вътрешна употреба,digital-signage-za-vatreshna-upotreba,digital-signage-ids-asbis/digital-signage-za-vatreshna-upotreba,false,0,778,ASBIS,false,2026-08-06 11:58:57.803,2026-08-06 12:06:45.475,ignatov_rs@abv.bg,ignatov_rs@abv.bg,
714,,,,,,Видео Карта,Видео Карта,video-karta-asbis,video-adapteri/video-karta-asbis,false,0,436,ASBIS,false,2026-08-06 11:58:57.206,2026-08-06 12:06:45.475,ignatov_rs@abv.bg,ignatov_rs@abv.bg,
715,,,,,,Графичен процесор,Графичен процесор,grafichen-protsesor-asbis,video-adapteri/grafichen-protsesor-asbis,false,0,436,ASBIS,false,2026-08-06 11:58:57.216,2026-08-06 12:06:45.475,ignatov_rs@abv.bg,ignatov_rs@abv.bg,
716,,,,,,Видео адаптери,Видео адаптери,video-adapteri-asbis,video-adapteri/asbis,false,0,436,ASBIS,false,2026-08-06 11:58:57.230,2026-08-06 12:06:45.475,ignatov_rs@abv.bg,ignatov_rs@abv.bg,
717,,,,,,Преносим компютър - бизнес,Преносим компютър - бизнес,prenosim-kompyutar-biznes-asbis,prenosimi-kompyutri/prenosim-kompyutar-biznes-asbis,false,0,440,ASBIS,false,2026-08-06 11:58:57.247,2026-08-06 12:06:45.475,ignatov_rs@abv.bg,ignatov_rs@abv.bg,
718,,,,,,Преносим Компютър,Преносим Компютър,prenosim-kompyutar-asbis,prenosimi-kompyutri/prenosim-kompyutar-asbis,false,0,440,ASBIS,false,2026-08-06 11:58:57.261,2026-08-06 12:06:45.475,ignatov_rs@abv.bg,ignatov_rs@abv.bg,
719,,,,,,Гейминг аксесоари,Гейминг аксесоари,geyming-aksesoari-asbis,igri-i-multimediya/geyming-aksesoari-asbis,false,0,443,ASBIS,false,2026-08-06 11:58:57.270,2026-08-06 12:06:45.475,ignatov_rs@abv.bg,ignatov_rs@abv.bg,
720,,,,,,Гейминг стол,Гейминг стол,geyming-stol-asbis,igri-i-multimediya/geyming-stol-asbis,false,0,443,ASBIS,false,2026-08-06 11:58:57.278,2026-08-06 12:06:45.475,ignatov_rs@abv.bg,ignatov_rs@abv.bg,
721,,,,,,Гейминг клавиатура,Гейминг клавиатура,geyming-klaviatura-asbis,igri-i-multimediya/geyming-klaviatura-asbis,false,0,443,ASBIS,false,2026-08-06 11:58:57.286,2026-08-06 12:06:45.475,ignatov_rs@abv.bg,ignatov_rs@abv.bg,
722,,,,,,Гейминг мишка,Гейминг мишка,geyming-mishka-asbis,igri-i-multimediya/geyming-mishka-asbis,false,0,443,ASBIS,false,2026-08-06 11:58:57.293,2026-08-06 12:06:45.475,ignatov_rs@abv.bg,ignatov_rs@abv.bg,
723,,,,,,Гейминг слушалки,Гейминг слушалки,geyming-slushalki-asbis,igri-i-multimediya/geyming-slushalki-asbis,false,0,443,ASBIS,false,2026-08-06 11:58:57.304,2026-08-06 12:06:45.475,ignatov_rs@abv.bg,ignatov_rs@abv.bg,
726,,,,,,Гейминг контролер,Гейминг контролер,geyming-kontroler-asbis,igri-i-multimediya/geyming-kontroler-asbis,false,0,443,ASBIS,false,2026-08-06 11:58:57.347,2026-08-06 12:06:45.475,ignatov_rs@abv.bg,ignatov_rs@abv.bg,
728,,,,,,Гейминг комплекти,Гейминг комплекти,geyming-komplekti-asbis,igri-i-multimediya/geyming-komplekti-asbis,false,0,443,ASBIS,false,2026-08-06 11:58:57.379,2026-08-06 12:06:45.475,ignatov_rs@abv.bg,ignatov_rs@abv.bg,
932,,,,,,Multimedia - Subwoofer,Мултимедия - Субуфер,multimedia-subwoofer-asbis,multimedien-harduer/multimedia-subwoofer-asbis,false,0,325,ASBIS,false,2026-08-06 12:30:03.867,2026-08-06 12:36:59.635,ignatov_rs@abv.bg,ignatov_rs@abv.bg,
933,,,,,,Range Extender,Разширител на обхват,range-extender-asbis,mrezhovi-produkti/range-extender-asbis,false,0,333,ASBIS,false,2026-08-06 12:30:03.896,2026-08-06 12:36:59.635,ignatov_rs@abv.bg,ignatov_rs@abv.bg,
934,,,,,,Networking - Хардуеър,Мрежов хардуер,networking-harduear-asbis,mrezhovi-produkti/networking-harduear-asbis,false,0,333,ASBIS,false,2026-08-06 12:30:03.903,2026-08-06 12:36:59.635,ignatov_rs@abv.bg,ignatov_rs@abv.bg,
935,,,,,,Soft OEM. MS Server media CD,Софт OEM - MS Server медия CD,soft-oem-ms-server-media-cd-asbis,softuear/soft-oem-ms-server-media-cd-asbis,false,0,348,ASBIS,false,2026-08-06 12:30:03.926,2026-08-06 12:36:59.635,ignatov_rs@abv.bg,ignatov_rs@abv.bg,
806,,,,,,VC Docks,Видеоконферентни докинг станции,vc-docks-asbis,other/vc-docks-asbis,false,0,788,ASBIS,false,2026-08-06 12:12:45.264,2026-08-06 12:16:17.030,ignatov_rs@abv.bg,ignatov_rs@abv.bg,
807,,,,,,Gaming Wheel Base,Гейминг база за волан,gaming-wheel-base-asbis,other/gaming-wheel-base-asbis,false,0,788,ASBIS,false,2026-08-06 12:12:45.269,2026-08-06 12:16:17.030,ignatov_rs@abv.bg,ignatov_rs@abv.bg,
814,,,,,,Dehumidifiers,Dehumidifiers,dehumidifiers-asbis,other/dehumidifiers-asbis,false,0,788,ASBIS,false,2026-08-06 12:12:45.826,2026-08-06 12:16:17.030,ignatov_rs@abv.bg,ignatov_rs@abv.bg,
816,,,,,,Compressor,Compressor,compressor-asbis,other/compressor-asbis,false,0,788,ASBIS,false,2026-08-06 12:12:45.843,2026-08-06 12:16:17.030,ignatov_rs@abv.bg,ignatov_rs@abv.bg,
819,,,,,,Hand Blender,Hand Blender,hand-blender-asbis,other/hand-blender-asbis,false,0,788,ASBIS,false,2026-08-06 12:12:45.897,2026-08-06 12:16:17.030,ignatov_rs@abv.bg,ignatov_rs@abv.bg,
729,,,,,,Игри за конзоли,Игри за конзоли,igri-za-konzoli,igri-i-multimediya/igri-za-konzoli,false,0,443,ASBIS,false,2026-08-06 11:58:57.384,2026-08-06 12:06:45.475,ignatov_rs@abv.bg,ignatov_rs@abv.bg,
735,,,,,,Машинки за подстригване,Машинки за подстригване,mashinki-za-podstrigvane,drebni-domakinski-uredi/mashinki-za-podstrigvane,false,0,454,ASBIS,false,2026-08-06 11:58:57.448,2026-08-06 12:06:45.475,ignatov_rs@abv.bg,ignatov_rs@abv.bg,
736,,,,,,Овлажнители за въздух,Овлажнители за въздух,ovlazhniteli-za-vazduh,drebni-domakinski-uredi/ovlazhniteli-za-vazduh,false,0,454,ASBIS,false,2026-08-06 11:58:57.458,2026-08-06 12:06:45.475,ignatov_rs@abv.bg,ignatov_rs@abv.bg,
741,,,,,,Фурни,Фурни,furni,edra-domakinska-tehnika/furni,false,0,740,ASBIS,false,2026-08-06 11:58:57.554,2026-08-06 12:06:45.475,ignatov_rs@abv.bg,ignatov_rs@abv.bg,
743,,,,,,Фото аксесоари,Фото аксесоари,foto-aksesoari,foto/aksesoari,false,0,742,ASBIS,false,2026-08-06 11:58:57.567,2026-08-06 12:06:45.475,ignatov_rs@abv.bg,ignatov_rs@abv.bg,
745,,,,,,PC таблет,PC таблет,pc-tablet-asbis,tableti/pc-tablet-asbis,false,0,744,ASBIS,false,2026-08-06 11:58:57.579,2026-08-06 12:06:45.475,ignatov_rs@abv.bg,ignatov_rs@abv.bg,
746,,,,,,PC таблет с Windows,PC таблет с Windows,pc-tablet-s-windows-asbis,tableti/pc-tablet-s-windows-asbis,false,0,744,ASBIS,false,2026-08-06 11:58:57.585,2026-08-06 12:06:45.475,ignatov_rs@abv.bg,ignatov_rs@abv.bg,
953,,,,,,IDS стенен монтаж,IDS стенен монтаж,ids-stenen-montazh-asbis,digital-signage-ids-asbis/ids-stenen-montazh-asbis,false,0,952,ASBIS,false,2026-08-06 12:30:04.276,2026-08-06 12:36:59.635,ignatov_rs@abv.bg,ignatov_rs@abv.bg,
820,,,,,,Несъответствие с Розета данните,Несъответствие с Розета данните,nesaotvetstvie-s-rozeta-dannite-asbis,other/nesaotvetstvie-s-rozeta-dannite-asbis,false,0,788,ASBIS,false,2026-08-06 12:12:45.977,2026-08-06 12:16:17.030,ignatov_rs@abv.bg,ignatov_rs@abv.bg,
747,,,,,,Смарт везна,Смарт везна,smart-vezna,grizha-za-zdraveto/smart-vezna,false,0,486,ASBIS,false,2026-08-06 11:58:57.593,2026-08-06 12:06:45.475,ignatov_rs@abv.bg,ignatov_rs@abv.bg,
829,,,,,,Electric Fans,Electric Fans,electric-fans-asbis,other/electric-fans-asbis,false,0,788,ASBIS,false,2026-08-06 12:12:46.207,2026-08-06 12:16:17.030,ignatov_rs@abv.bg,ignatov_rs@abv.bg,
748,,,,,,Смарт фитнес уред,Смарт фитнес уред,smart-fitnes-ured,grizha-za-zdraveto/smart-fitnes-ured,false,0,486,ASBIS,false,2026-08-06 11:58:57.598,2026-08-06 12:06:45.475,ignatov_rs@abv.bg,ignatov_rs@abv.bg,
809,,,,,,Production Material,Производствени материали,production-material-asbis,other/production-material-asbis,false,0,788,ASBIS,false,2026-08-06 12:12:45.379,2026-08-06 12:16:17.030,ignatov_rs@abv.bg,ignatov_rs@abv.bg,
808,,,,,,Desktop NAS,Настолен NAS,desktop-nas-asbis,other/desktop-nas-asbis,false,0,788,ASBIS,false,2026-08-06 12:12:45.300,2026-08-06 12:16:17.030,ignatov_rs@abv.bg,ignatov_rs@abv.bg,
812,,,,,,Fashion Accessories,Модни аксесоари,fashion-accessories-asbis,other/fashion-accessories-asbis,false,0,788,ASBIS,false,2026-08-06 12:12:45.786,2026-08-06 12:16:17.030,ignatov_rs@abv.bg,ignatov_rs@abv.bg,
813,,,,,,PC Mini,Мини PC,pc-mini-asbis,other/pc-mini-asbis,false,0,788,ASBIS,false,2026-08-06 12:12:45.818,2026-08-06 12:16:17.030,ignatov_rs@abv.bg,ignatov_rs@abv.bg,
815,,,,,,Smart Tracker,Смарт тракер,smart-tracker-asbis,other/smart-tracker-asbis,false,0,788,ASBIS,false,2026-08-06 12:12:45.835,2026-08-06 12:16:17.030,ignatov_rs@abv.bg,ignatov_rs@abv.bg,
749,,,,,,Йонен дифузер,Йонен дифузер,yonen-difuzer-asbis,grizha-za-zdraveto/yonen-difuzer-asbis,false,0,486,ASBIS,false,2026-08-06 11:58:57.605,2026-08-06 12:06:45.475,ignatov_rs@abv.bg,ignatov_rs@abv.bg,
750,,,,,,Пречиствател на въздух,Пречиствател на въздух,prechistvatel-na-vazduh-asbis,grizha-za-zdraveto/prechistvatel-na-vazduh-asbis,false,0,486,ASBIS,false,2026-08-06 11:58:57.611,2026-08-06 12:06:45.475,ignatov_rs@abv.bg,ignatov_rs@abv.bg,
751,,,,,,TWS Bluetooth слушалки,TWS Bluetooth слушалки,tws-bluetooth-slushalki-asbis,aidio-ustroystva/tws-bluetooth-slushalki-asbis,false,0,489,ASBIS,false,2026-08-06 11:58:57.617,2026-08-06 12:06:45.475,ignatov_rs@abv.bg,ignatov_rs@abv.bg,
752,,,,,,Слушалки,Слушалки,slushalki-asbis,aidio-ustroystva/slushalki-asbis,false,0,489,ASBIS,false,2026-08-06 11:58:57.622,2026-08-06 12:06:45.475,ignatov_rs@abv.bg,ignatov_rs@abv.bg,
753,,,,,,Bluetooth говорители,Bluetooth говорители,bluetooth-govoriteli-asbis,aidio-ustroystva/bluetooth-govoriteli-asbis,false,0,489,ASBIS,false,2026-08-06 11:58:57.629,2026-08-06 12:06:45.475,ignatov_rs@abv.bg,ignatov_rs@abv.bg,
817,,,,,,Gaming Simracing Accessories,Гейминг симрейсинг аксесоари,gaming-simracing-accessories-asbis,other/gaming-simracing-accessories-asbis,false,0,788,ASBIS,false,2026-08-06 12:12:45.864,2026-08-06 12:16:17.030,ignatov_rs@abv.bg,ignatov_rs@abv.bg,
818,,,,,,Accessories for Flexible,Аксесоари за флексибилни устройства,accessories-for-flexible-asbis,other/accessories-for-flexible-asbis,false,0,788,ASBIS,false,2026-08-06 12:12:45.876,2026-08-06 12:16:17.030,ignatov_rs@abv.bg,ignatov_rs@abv.bg,
755,,,,,,Микрофон,Микрофон,mikrofon-asbis,aidio-ustroystva/mikrofon-asbis,false,0,489,ASBIS,false,2026-08-06 11:58:57.640,2026-08-06 12:06:45.475,ignatov_rs@abv.bg,ignatov_rs@abv.bg,
937,,,,,,PC all in one,Компютър всичко в едно,pc-all-in-one-asbis,nastolni-rs/pc-all-in-one-asbis,false,0,375,ASBIS,false,2026-08-06 12:30:03.959,2026-08-06 12:36:59.635,ignatov_rs@abv.bg,ignatov_rs@abv.bg,
938,,,,,,Memory Gaming Desktop,Памет гейминг настолна,memory-gaming-desktop-asbis,pamet/memory-gaming-desktop-asbis,false,0,415,ASBIS,false,2026-08-06 12:30:03.982,2026-08-06 12:36:59.635,ignatov_rs@abv.bg,ignatov_rs@abv.bg,
939,,,,,,Memory Gaming Mobile,Памет гейминг мобилна,memory-gaming-mobile-asbis,pamet/memory-gaming-mobile-asbis,false,0,415,ASBIS,false,2026-08-06 12:30:03.998,2026-08-06 12:36:59.635,ignatov_rs@abv.bg,ignatov_rs@abv.bg,
940,,,,,,Gaming Mousepads,Гейминг подложки за мишка,gaming-mousepads-asbis,igri-i-multimediya/gaming-mousepads-asbis,false,0,443,ASBIS,false,2026-08-06 12:30:04.011,2026-08-06 12:36:59.635,ignatov_rs@abv.bg,ignatov_rs@abv.bg,
942,,,,,,Gaming Microphone,Гейминг микрофон,gaming-microphone-asbis,igri-i-multimediya/gaming-microphone-asbis,false,0,443,ASBIS,false,2026-08-06 12:30:04.033,2026-08-06 12:36:59.635,ignatov_rs@abv.bg,ignatov_rs@abv.bg,
757,,,,,,Мултиборд,Мултиборд,multibord-asbis,multibord-asbis/multibord-asbis,false,0,756,ASBIS,false,2026-08-06 11:58:57.655,2026-08-06 12:06:45.475,ignatov_rs@abv.bg,ignatov_rs@abv.bg,
943,,,,,,Drinkware,Съдове за напитки,drinkware-asbis,drebni-domakinski-uredi/drinkware-asbis,false,0,454,ASBIS,false,2026-08-06 12:30:04.041,2026-08-06 12:36:59.635,ignatov_rs@abv.bg,ignatov_rs@abv.bg,
944,,,,,,Cast Iron Cookware,Готварски съдове от чугун,cast-iron-cookware-asbis,drebni-domakinski-uredi/cast-iron-cookware-asbis,false,0,454,ASBIS,false,2026-08-06 12:30:04.055,2026-08-06 12:36:59.635,ignatov_rs@abv.bg,ignatov_rs@abv.bg,
821,,,,,,Gaming Monitor,Гейминг монитор,gaming-monitor-asbis,other/gaming-monitor-asbis,false,0,788,ASBIS,false,2026-08-06 12:12:46.152,2026-08-06 12:16:17.030,ignatov_rs@abv.bg,ignatov_rs@abv.bg,
822,,,,,,Extended Warranty,Удължена гаранция,extended-warranty-asbis,other/extended-warranty-asbis,false,0,788,ASBIS,false,2026-08-06 12:12:46.158,2026-08-06 12:16:17.030,ignatov_rs@abv.bg,ignatov_rs@abv.bg,
823,,,,,,Smart Indoor Siren,Смарт вътрешна сирена,smart-indoor-siren-asbis,other/smart-indoor-siren-asbis,false,0,788,ASBIS,false,2026-08-06 12:12:46.163,2026-08-06 12:16:17.030,ignatov_rs@abv.bg,ignatov_rs@abv.bg,
824,,,,,,Gaming Handbrake,Гейминг ръчна спирачка,gaming-handbrake-asbis,other/gaming-handbrake-asbis,false,0,788,ASBIS,false,2026-08-06 12:12:46.169,2026-08-06 12:16:17.030,ignatov_rs@abv.bg,ignatov_rs@abv.bg,
826,,,,,,Gaming Shifter,Гейминг скоростен лост,gaming-shifter-asbis,other/gaming-shifter-asbis,false,0,788,ASBIS,false,2026-08-06 12:12:46.182,2026-08-06 12:16:17.030,ignatov_rs@abv.bg,ignatov_rs@abv.bg,
945,,,,,,Food Storage Container,Контейнери за съхранение на храна,food-storage-container-asbis,drebni-domakinski-uredi/food-storage-container-asbis,false,0,454,ASBIS,false,2026-08-06 12:30:04.064,2026-08-06 12:36:59.635,ignatov_rs@abv.bg,ignatov_rs@abv.bg,
946,,,,,,Smart Hairdryer,Смарт сешоар,smart-hairdryer-asbis,drebni-domakinski-uredi/smart-hairdryer-asbis,false,0,454,ASBIS,false,2026-08-06 12:30:04.083,2026-08-06 12:36:59.635,ignatov_rs@abv.bg,ignatov_rs@abv.bg,
827,,,,,,VC WebCams,Видеоконферентни уеб камери,vc-webcams-asbis,other/vc-webcams-asbis,false,0,788,ASBIS,false,2026-08-06 12:12:46.188,2026-08-06 12:16:17.030,ignatov_rs@abv.bg,ignatov_rs@abv.bg,
830,,,,,,Irrigators,Иригатори,irrigators-asbis,other/irrigators-asbis,false,0,788,ASBIS,false,2026-08-06 12:12:46.218,2026-08-06 12:16:17.030,ignatov_rs@abv.bg,ignatov_rs@abv.bg,
832,,,,,,Digital Signage Display,Digital Signage Display,digital-signage-display-asbis,other/digital-signage-display-asbis,false,0,788,ASBIS,false,2026-08-06 12:12:46.231,2026-08-06 12:16:17.030,ignatov_rs@abv.bg,ignatov_rs@abv.bg,
853,,,,,,Gaming Mousepads,Гейминг подложки за мишка,gaming-mousepads-asbis,igri-i-multimediya/gaming-mousepads-asbis,false,0,443,ASBIS,false,2026-08-06 12:12:46.430,2026-08-06 12:16:17.030,ignatov_rs@abv.bg,ignatov_rs@abv.bg,
854,,,,,,Gaming Desk,Гейминг бюро,gaming-desk-asbis,igri-i-multimediya/gaming-desk-asbis,false,0,443,ASBIS,false,2026-08-06 12:12:46.439,2026-08-06 12:16:17.030,ignatov_rs@abv.bg,ignatov_rs@abv.bg,
545,,,,,,Networking - Cloud Keys & Gateways - Cloud Key Enterprise,Мрежово - Cloud Key Enterprise,networking-cloud-keys-gateways-cloud-key-enterprise-asbis,other/networking-cloud-keys-gateways-cloud-key-enterprise-asbis,false,0,,ASBIS,false,2026-08-06 11:58:55.189,2026-08-06 11:58:55.189,ignatov_rs@abv.bg,ignatov_rs@abv.bg,
855,,,,,,Gaming Microphone,Гейминг микрофон,gaming-microphone-asbis,igri-i-multimediya/gaming-microphone-asbis,false,0,443,ASBIS,false,2026-08-06 12:12:46.457,2026-08-06 12:16:17.030,ignatov_rs@abv.bg,ignatov_rs@abv.bg,
856,,,,,,Drinkware,Съдове за напитки,drinkware-asbis,drebni-domakinski-uredi/drinkware-asbis,false,0,454,ASBIS,false,2026-08-06 12:12:46.480,2026-08-06 12:16:17.030,ignatov_rs@abv.bg,ignatov_rs@abv.bg,
857,,,,,,Cast Iron Cookware,Готварски съдове от чугун,cast-iron-cookware-asbis,drebni-domakinski-uredi/cast-iron-cookware-asbis,false,0,454,ASBIS,false,2026-08-06 12:12:46.496,2026-08-06 12:16:17.030,ignatov_rs@abv.bg,ignatov_rs@abv.bg,
858,,,,,,Food Storage Container,Контейнери за съхранение на храна,food-storage-container-asbis,drebni-domakinski-uredi/food-storage-container-asbis,false,0,454,ASBIS,false,2026-08-06 12:12:46.507,2026-08-06 12:16:17.030,ignatov_rs@abv.bg,ignatov_rs@abv.bg,
859,,,,,,Smart Hairdryer,Смарт сешоар,smart-hairdryer-asbis,drebni-domakinski-uredi/smart-hairdryer-asbis,false,0,454,ASBIS,false,2026-08-06 12:12:46.512,2026-08-06 12:16:17.030,ignatov_rs@abv.bg,ignatov_rs@abv.bg,
860,,,,,,Cast Aluminum Cookware,Готварски съдове от алуминий,cast-aluminum-cookware-asbis,drebni-domakinski-uredi/cast-aluminum-cookware-asbis,false,0,454,ASBIS,false,2026-08-06 12:12:46.517,2026-08-06 12:16:17.030,ignatov_rs@abv.bg,ignatov_rs@abv.bg,
862,,,,,,Hair Stylers,Стилери за коса,hair-stylers-asbis,drebni-domakinski-uredi/hair-stylers-asbis,false,0,454,ASBIS,false,2026-08-06 12:12:46.537,2026-08-06 12:16:17.030,ignatov_rs@abv.bg,ignatov_rs@abv.bg,
861,,,,,,Acc - Multibakers/Grills,Аксесоари за мултипекари/грилове,acc-multibakers-grills-asbis,drebni-domakinski-uredi/acc-multibakers-grills-asbis,false,0,454,ASBIS,false,2026-08-06 12:12:46.522,2026-08-06 12:16:17.030,ignatov_rs@abv.bg,ignatov_rs@abv.bg,
863,,,,,,Multimedia - PC Headsets,Мултимедия - PC слушалки,multimedia-pc-headsets-asbis,aidio-ustroystva/multimedia-pc-headsets-asbis,false,0,489,ASBIS,false,2026-08-06 12:12:46.545,2026-08-06 12:16:17.030,ignatov_rs@abv.bg,ignatov_rs@abv.bg,
864,,,,,,Kids Watch,Детски часовник,kids-watch-asbis,smart-ustroystva/kids-watch-asbis,false,0,500,ASBIS,false,2026-08-06 12:12:46.550,2026-08-06 12:16:17.030,ignatov_rs@abv.bg,ignatov_rs@abv.bg,
868,,,,,,SSD Server Optane,SSD сървърен Optane,ssd-server-optane-asbis,optane/ssd-server-optane-asbis,false,0,523,ASBIS,false,2026-08-06 12:12:46.575,2026-08-06 12:16:17.030,ignatov_rs@abv.bg,ignatov_rs@abv.bg,
870,,,,,,Robot Arm Grippers,Роботизирани манипулатори,robot-arm-grippers-asbis,robotic-solutions-asbis/robot-arm-grippers-asbis,false,0,869,ASBIS,false,2026-08-06 12:12:46.585,2026-08-06 12:16:17.030,ignatov_rs@abv.bg,ignatov_rs@abv.bg,
871,,,,,,Robotic Arms,Роботизирани ръце,robotic-arms-asbis,robotic-solutions-asbis/robotic-arms-asbis,false,0,869,ASBIS,false,2026-08-06 12:12:46.589,2026-08-06 12:16:17.030,ignatov_rs@abv.bg,ignatov_rs@abv.bg,
872,,,,,,Robot-Cleaner,Робот почистващ,robot-cleaner-asbis,robotic-solutions-asbis/robot-cleaner-asbis,false,0,869,ASBIS,false,2026-08-06 12:12:46.594,2026-08-06 12:16:17.030,ignatov_rs@abv.bg,ignatov_rs@abv.bg,
873,,,,,,Robot Kitchen,Кухненски робот,robot-kitchen-asbis,robotic-solutions-asbis/robot-kitchen-asbis,false,0,869,ASBIS,false,2026-08-06 12:12:46.599,2026-08-06 12:16:17.030,ignatov_rs@abv.bg,ignatov_rs@abv.bg,
874,,,,,,Robot for Deliveries,Робот за доставки,robot-for-deliveries-asbis,robotic-solutions-asbis/robot-for-deliveries-asbis,false,0,869,ASBIS,false,2026-08-06 12:12:46.603,2026-08-06 12:16:17.030,ignatov_rs@abv.bg,ignatov_rs@abv.bg,
789,,,,,,Networking - Cloud Keys & Gateways - Cloud Key Enterprise,Мрежово - Cloud Key Enterprise,networking-cloud-keys-gateways-cloud-key-enterprise-asbis,other/networking-cloud-keys-gateways-cloud-key-enterprise-asbis,false,0,788,ASBIS,false,2026-08-06 12:12:43.613,2026-08-06 12:16:17.030,ignatov_rs@abv.bg,ignatov_rs@abv.bg,
802,,,,,,Gaming Racing Pedals,Гейминг педали за рейсинг,gaming-racing-pedals-asbis,other/gaming-racing-pedals-asbis,false,0,788,ASBIS,false,2026-08-06 12:12:44.612,2026-08-06 12:16:17.030,ignatov_rs@abv.bg,ignatov_rs@abv.bg,
811,,,,,,Solar Panel,Слънчев панел,solar-panel-asbis,other/solar-panel-asbis,false,0,788,ASBIS,false,2026-08-06 12:12:45.768,2026-08-06 12:16:17.030,ignatov_rs@abv.bg,ignatov_rs@abv.bg,
810,,,,,,Vacuum Cleaner Transformer,Прахосмукачка трансформер,vacuum-cleaner-transformer-asbis,other/vacuum-cleaner-transformer-asbis,false,0,788,ASBIS,false,2026-08-06 12:12:45.390,2026-08-06 12:16:17.030,ignatov_rs@abv.bg,ignatov_rs@abv.bg,
825,,,,,,Acc - Vacuum sealer,Аксесоари за вакуумзатваряне,acc-vacuum-sealer-asbis,other/acc-vacuum-sealer-asbis,false,0,788,ASBIS,false,2026-08-06 12:12:46.174,2026-08-06 12:16:17.030,ignatov_rs@abv.bg,ignatov_rs@abv.bg,
831,,,,,,Gaming Simracing Cockpit,Гейминг симрейсинг кокпит,gaming-simracing-cockpit-asbis,other/gaming-simracing-cockpit-asbis,false,0,788,ASBIS,false,2026-08-06 12:12:46.223,2026-08-06 12:16:17.030,ignatov_rs@abv.bg,ignatov_rs@abv.bg,
842,,,,,,Security - Surveillance System Accessories,Аксесоари за системи за видеонаблюдение,security-surveillance-system-accessories-asbis,aksesoari/security-surveillance-system-accessories-asbis,false,0,298,ASBIS,false,2026-08-06 12:12:46.350,2026-08-06 12:16:17.030,ignatov_rs@abv.bg,ignatov_rs@abv.bg,
867,,,,,,Digital signage за вътрешна употреба,Digital signage за вътрешна употреба,digital-signage-za-vatreshna-upotreba-asbis,digital-signage-ids-asbis/digital-signage-za-vatreshna-upotreba-asbis,false,0,865,ASBIS,false,2026-08-06 12:12:46.570,2026-08-06 12:16:17.030,ignatov_rs@abv.bg,ignatov_rs@abv.bg,
548,,,,,,Networking - Access Control,Мрежово - Контрол на достъп,networking-access-control-asbis,other/networking-access-control-asbis,false,0,,ASBIS,false,2026-08-06 11:58:55.314,2026-08-06 11:58:55.314,ignatov_rs@abv.bg,ignatov_rs@abv.bg,
551,,,,,,Multimedia - Speaker Wi-Fi,Мултимедия - Wi-Fi говорител,multimedia-speaker-wi-fi-asbis,other/multimedia-speaker-wi-fi-asbis,false,0,,ASBIS,false,2026-08-06 11:58:55.394,2026-08-06 11:58:55.394,ignatov_rs@abv.bg,ignatov_rs@abv.bg,
554,,,,,,VC Headsets,Видеоконферентни слушалки,vc-headsets-asbis,other/vc-headsets-asbis,false,0,,ASBIS,false,2026-08-06 11:58:55.443,2026-08-06 11:58:55.443,ignatov_rs@abv.bg,ignatov_rs@abv.bg,
558,,,,,,Gaming Racing Pedals,Гейминг педали за рейсинг,gaming-racing-pedals-asbis,other/gaming-racing-pedals-asbis,false,0,,ASBIS,false,2026-08-06 11:58:55.567,2026-08-06 11:58:55.567,ignatov_rs@abv.bg,ignatov_rs@abv.bg,
560,,,,,,Gaming Racing Wheel,Гейминг волан за рейсинг,gaming-racing-wheel-asbis,other/gaming-racing-wheel-asbis,false,0,,ASBIS,false,2026-08-06 11:58:55.631,2026-08-06 11:58:55.631,ignatov_rs@abv.bg,ignatov_rs@abv.bg,
563,,,,,,Gaming Wheel Base,Гейминг база за волан,gaming-wheel-base-asbis,other/gaming-wheel-base-asbis,false,0,,ASBIS,false,2026-08-06 11:58:55.711,2026-08-06 11:58:55.711,ignatov_rs@abv.bg,ignatov_rs@abv.bg,
573,,,,,,Gaming Simracing Accessories,Гейминг симрейсинг аксесоари,gaming-simracing-accessories-asbis,other/gaming-simracing-accessories-asbis,false,0,,ASBIS,false,2026-08-06 11:58:55.825,2026-08-06 11:58:55.825,ignatov_rs@abv.bg,ignatov_rs@abv.bg,
577,,,,,,Gaming Monitor,Гейминг монитор,gaming-monitor-asbis,other/gaming-monitor-asbis,false,0,,ASBIS,false,2026-08-06 11:58:55.877,2026-08-06 11:58:55.877,ignatov_rs@abv.bg,ignatov_rs@abv.bg,
587,,,,,,Gaming Simracing Cockpit,Гейминг симрейсинг кокпит,gaming-simracing-cockpit-asbis,other/gaming-simracing-cockpit-asbis,false,0,,ASBIS,false,2026-08-06 11:58:56.006,2026-08-06 11:58:56.006,ignatov_rs@abv.bg,ignatov_rs@abv.bg,
547,,,,,,Antenna,Антена,antenna-asbis,other/antenna-asbis,false,0,,ASBIS,false,2026-08-06 11:58:55.283,2026-08-06 12:06:45.475,ignatov_rs@abv.bg,ignatov_rs@abv.bg,
951,,,,,,Kids Watch,Детски часовник,kids-watch-asbis,smart-ustroystva/kids-watch-asbis,false,0,500,ASBIS,false,2026-08-06 12:30:04.206,2026-08-06 12:36:59.635,ignatov_rs@abv.bg,ignatov_rs@abv.bg,
954,,,,,,Digital signage за вътрешна употреба,Digital signage за вътрешна употреба,digital-signage-za-vatreshna-upotreba-asbis,digital-signage-ids-asbis/digital-signage-za-vatreshna-upotreba-asbis,false,0,952,ASBIS,false,2026-08-06 12:30:04.288,2026-08-06 12:36:59.635,ignatov_rs@abv.bg,ignatov_rs@abv.bg,
917,,,,,,Irrigators,Иригатори,irrigators-asbis,other-asbis/irrigators-asbis,false,0,875,ASBIS,false,2026-08-06 12:30:03.471,2026-08-06 12:36:59.635,ignatov_rs@abv.bg,ignatov_rs@abv.bg,
921,,,,,,Security - Surveillance Kit,Сигурност - Комплект за видеонаблюдение,security-surveillance-kit-asbis,other-asbis/security-surveillance-kit-asbis,false,0,875,ASBIS,false,2026-08-06 12:30:03.563,2026-08-06 12:36:59.635,ignatov_rs@abv.bg,ignatov_rs@abv.bg,
936,,,,,,Application ( Server ) License,Приложен лиценз (Сървърен),application-server-license-asbis,softuear/application-server-license-asbis,false,0,348,ASBIS,false,2026-08-06 12:30:03.943,2026-08-06 12:36:59.635,ignatov_rs@abv.bg,ignatov_rs@abv.bg,
961,,,,,,Robot for Deliveries,Робот за доставки,robot-for-deliveries-asbis,robotic-solutions-asbis/robot-for-deliveries-asbis,false,0,956,ASBIS,false,2026-08-06 12:30:04.372,2026-08-06 12:36:59.635,ignatov_rs@abv.bg,ignatov_rs@abv.bg,
760,,,,,,LED осветление,LED осветление,led-osvetlenie-asbis,led-osvetlenie/asbis,false,0,759,ASBIS,false,2026-08-06 11:58:57.668,2026-08-06 12:06:45.475,ignatov_rs@abv.bg,ignatov_rs@abv.bg,
762,,,,,,Смарт часовник,Смарт часовник,smart-chasovnik-asbis,smart-ustroystva/smart-chasovnik-asbis,false,0,500,ASBIS,false,2026-08-06 11:58:57.678,2026-08-06 12:06:45.475,ignatov_rs@abv.bg,ignatov_rs@abv.bg,
763,,,,,,Смарт LED осветление,Смарт LED осветление,smart-led-osvetlenie-asbis,smart-ustroystva/smart-led-osvetlenie-asbis,false,0,500,ASBIS,false,2026-08-06 11:58:57.683,2026-08-06 12:06:45.475,ignatov_rs@abv.bg,ignatov_rs@abv.bg,
764,,,,,,Смарт контакт,Смарт контакт,smart-kontakt-asbis,smart-ustroystva/smart-kontakt-asbis,false,0,500,ASBIS,false,2026-08-06 11:58:57.687,2026-08-06 12:06:45.475,ignatov_rs@abv.bg,ignatov_rs@abv.bg,
765,,,,,,Външна смарт IP камера,Външна смарт IP камера,vanshna-smart-ip-kamera-asbis,smart-ustroystva/vanshna-smart-ip-kamera-asbis,false,0,500,ASBIS,false,2026-08-06 11:58:57.694,2026-08-06 12:06:45.475,ignatov_rs@abv.bg,ignatov_rs@abv.bg,
766,,,,,,Смарт безжичен ключ,Смарт безжичен ключ,smart-bezzhichen-klyuch-asbis,smart-ustroystva/smart-bezzhichen-klyuch-asbis,false,0,500,ASBIS,false,2026-08-06 11:58:57.702,2026-08-06 12:06:45.475,ignatov_rs@abv.bg,ignatov_rs@abv.bg,
767,,,,,,Вътрешна смарт IP камера,Вътрешна смарт IP камера,vatreshna-smart-ip-kamera-asbis,smart-ustroystva/vatreshna-smart-ip-kamera-asbis,false,0,500,ASBIS,false,2026-08-06 11:58:57.708,2026-08-06 12:06:45.475,ignatov_rs@abv.bg,ignatov_rs@abv.bg,
768,,,,,,Смарт сензори за дома,Смарт сензори за дома,smart-senzori-za-doma-asbis,smart-ustroystva/smart-senzori-za-doma-asbis,false,0,500,ASBIS,false,2026-08-06 11:58:57.714,2026-08-06 12:06:45.475,ignatov_rs@abv.bg,ignatov_rs@abv.bg,
769,,,,,,Смарт дистанционно у-ние,Смарт дистанционно у-ние,smart-distantsionno-u-nie-asbis,smart-ustroystva/smart-distantsionno-u-nie-asbis,false,0,500,ASBIS,false,2026-08-06 11:58:57.719,2026-08-06 12:06:45.475,ignatov_rs@abv.bg,ignatov_rs@abv.bg,
770,,,,,,Смарт хъб,Смарт хъб,smart-hab-asbis,smart-ustroystva/smart-hab-asbis,false,0,500,ASBIS,false,2026-08-06 11:58:57.726,2026-08-06 12:06:45.475,ignatov_rs@abv.bg,ignatov_rs@abv.bg,
771,,,,,,Смарт комплект,Смарт комплект,smart-komplekt-asbis,smart-ustroystva/smart-komplekt-asbis,false,0,500,ASBIS,false,2026-08-06 11:58:57.731,2026-08-06 12:06:45.475,ignatov_rs@abv.bg,ignatov_rs@abv.bg,
772,,,,,,Смарт реле,Смарт реле,smart-rele-asbis,smart-ustroystva/smart-rele-asbis,false,0,500,ASBIS,false,2026-08-06 11:58:57.738,2026-08-06 12:06:45.475,ignatov_rs@abv.bg,ignatov_rs@abv.bg,
773,,,,,,SSD за сървъри,SSD за сървъри,ssd-za-sarvari-asbis,ssd/za-sarvari-asbis,false,0,513,ASBIS,false,2026-08-06 11:58:57.755,2026-08-06 12:06:45.475,ignatov_rs@abv.bg,ignatov_rs@abv.bg,
774,,,,,,Външен SSD,Външен SSD,vanshen-ssd-asbis,ssd/vanshen-ssd-asbis,false,0,513,ASBIS,false,2026-08-06 11:58:57.767,2026-08-06 12:06:45.475,ignatov_rs@abv.bg,ignatov_rs@abv.bg,
775,,,,,,SSD за настолен и мобилен компютър,SSD за настолен и мобилен компютър,ssd-za-nastolen-i-mobilen-kompyutar-asbis,ssd/za-nastolen-i-mobilen-kompyutar-asbis,false,0,513,ASBIS,false,2026-08-06 11:58:57.773,2026-08-06 12:06:45.475,ignatov_rs@abv.bg,ignatov_rs@abv.bg,
601,,,,,,Acc - Vacuum Cleaners,Аксесоари за прахосмукачки,acc-vacuum-cleaners-asbis,aksesoari/acc-vacuum-cleaners-asbis,false,0,298,ASBIS,false,2026-08-06 11:58:56.159,2026-08-06 12:06:45.475,ignatov_rs@abv.bg,ignatov_rs@abv.bg,
606,,,,,,Acc - Dental care,Аксесоари за грижа за зъби,acc-dental-care-asbis,aksesoari/acc-dental-care-asbis,false,0,298,ASBIS,false,2026-08-06 11:58:56.217,2026-08-06 12:06:45.475,ignatov_rs@abv.bg,ignatov_rs@abv.bg,
608,,,,,,Security - Surveillance System Accessories,Аксесоари за системи за видеонаблюдение,security-surveillance-system-accessories-asbis,aksesoari/security-surveillance-system-accessories-asbis,false,0,298,ASBIS,false,2026-08-06 11:58:56.239,2026-08-06 12:06:45.475,ignatov_rs@abv.bg,ignatov_rs@abv.bg,
623,,,,,,Multimedia - Soundbar,Мултимедия - Саундбар,multimedia-soundbar-asbis,multimedien-harduer/multimedia-soundbar-asbis,false,0,325,ASBIS,false,2026-08-06 11:58:56.394,2026-08-06 12:06:45.475,ignatov_rs@abv.bg,ignatov_rs@abv.bg,
624,,,,,,Multimedia - Subwoofer,Мултимедия - Субуфер,multimedia-subwoofer-asbis,multimedien-harduer/multimedia-subwoofer-asbis,false,0,325,ASBIS,false,2026-08-06 11:58:56.400,2026-08-06 12:06:45.475,ignatov_rs@abv.bg,ignatov_rs@abv.bg,
633,,,,,,Range Extender,Разширител на обхват,range-extender-asbis,mrezhovi-produkti/range-extender-asbis,false,0,333,ASBIS,false,2026-08-06 11:58:56.490,2026-08-06 12:06:45.475,ignatov_rs@abv.bg,ignatov_rs@abv.bg,
635,,,,,,Networking - Хардуеър,Мрежов хардуер,networking-harduear-asbis,mrezhovi-produkti/networking-harduear-asbis,false,0,333,ASBIS,false,2026-08-06 11:58:56.510,2026-08-06 12:06:45.475,ignatov_rs@abv.bg,ignatov_rs@abv.bg,
643,,,,,,Soft OEM. MS Server media CD,Софт OEM - MS Server медия CD,soft-oem-ms-server-media-cd-asbis,softuear/soft-oem-ms-server-media-cd-asbis,false,0,348,ASBIS,false,2026-08-06 11:58:56.572,2026-08-06 12:06:45.475,ignatov_rs@abv.bg,ignatov_rs@abv.bg,
651,,,,,,Application ( Server ) License,Приложен лиценз (Сървърен),application-server-license-asbis,softuear/application-server-license-asbis,false,0,348,ASBIS,false,2026-08-06 11:58:56.641,2026-08-06 12:06:45.475,ignatov_rs@abv.bg,ignatov_rs@abv.bg,
666,,,,,,PC all in one,Компютър всичко в едно,pc-all-in-one-asbis,nastolni-rs/pc-all-in-one-asbis,false,0,375,ASBIS,false,2026-08-06 11:58:56.781,2026-08-06 12:06:45.475,ignatov_rs@abv.bg,ignatov_rs@abv.bg,
699,,,,,,Memory Gaming Mobile,Памет гейминг мобилна,memory-gaming-mobile-asbis,pamet/memory-gaming-mobile-asbis,false,0,415,ASBIS,false,2026-08-06 11:58:57.082,2026-08-06 12:06:45.475,ignatov_rs@abv.bg,ignatov_rs@abv.bg,
724,,,,,,Gaming Mousepads,Гейминг подложки за мишка,gaming-mousepads-asbis,igri-i-multimediya/gaming-mousepads-asbis,false,0,443,ASBIS,false,2026-08-06 11:58:57.324,2026-08-06 12:06:45.475,ignatov_rs@abv.bg,ignatov_rs@abv.bg,
725,,,,,,Gaming Desk,Гейминг бюро,gaming-desk-asbis,igri-i-multimediya/gaming-desk-asbis,false,0,443,ASBIS,false,2026-08-06 11:58:57.334,2026-08-06 12:06:45.475,ignatov_rs@abv.bg,ignatov_rs@abv.bg,
727,,,,,,Gaming Microphone,Гейминг микрофон,gaming-microphone-asbis,igri-i-multimediya/gaming-microphone-asbis,false,0,443,ASBIS,false,2026-08-06 11:58:57.364,2026-08-06 12:06:45.475,ignatov_rs@abv.bg,ignatov_rs@abv.bg,
730,,,,,,Drinkware,Съдове за напитки,drinkware-asbis,drebni-domakinski-uredi/drinkware-asbis,false,0,454,ASBIS,false,2026-08-06 11:58:57.395,2026-08-06 12:06:45.475,ignatov_rs@abv.bg,ignatov_rs@abv.bg,
731,,,,,,Cast Iron Cookware,Готварски съдове от чугун,cast-iron-cookware-asbis,drebni-domakinski-uredi/cast-iron-cookware-asbis,false,0,454,ASBIS,false,2026-08-06 11:58:57.416,2026-08-06 12:06:45.475,ignatov_rs@abv.bg,ignatov_rs@abv.bg,
732,,,,,,Food Storage Container,Контейнери за съхранение на храна,food-storage-container-asbis,drebni-domakinski-uredi/food-storage-container-asbis,false,0,454,ASBIS,false,2026-08-06 11:58:57.425,2026-08-06 12:06:45.475,ignatov_rs@abv.bg,ignatov_rs@abv.bg,
733,,,,,,Smart Hairdryer,Смарт сешоар,smart-hairdryer-asbis,drebni-domakinski-uredi/smart-hairdryer-asbis,false,0,454,ASBIS,false,2026-08-06 11:58:57.432,2026-08-06 12:06:45.475,ignatov_rs@abv.bg,ignatov_rs@abv.bg,
734,,,,,,Cast Aluminum Cookware,Готварски съдове от алуминий,cast-aluminum-cookware-asbis,drebni-domakinski-uredi/cast-aluminum-cookware-asbis,false,0,454,ASBIS,false,2026-08-06 11:58:57.440,2026-08-06 12:06:45.475,ignatov_rs@abv.bg,ignatov_rs@abv.bg,
739,,,,,,Hair Stylers,Стилери за коса,hair-stylers-asbis,drebni-domakinski-uredi/hair-stylers-asbis,false,0,454,ASBIS,false,2026-08-06 11:58:57.543,2026-08-06 12:06:45.475,ignatov_rs@abv.bg,ignatov_rs@abv.bg,
781,,,,,,SSD Server Optane,SSD сървърен Optane,ssd-server-optane-asbis,optane/ssd-server-optane-asbis,false,0,523,ASBIS,false,2026-08-06 11:58:57.812,2026-08-06 12:06:45.475,ignatov_rs@abv.bg,ignatov_rs@abv.bg,
783,,,,,,Robot Arm Grippers,Роботизирани манипулатори,robot-arm-grippers-asbis,robotic-solutions-asbis/robot-arm-grippers-asbis,false,0,782,ASBIS,false,2026-08-06 11:58:57.824,2026-08-06 12:06:45.475,ignatov_rs@abv.bg,ignatov_rs@abv.bg,
784,,,,,,Robotic Arms,Роботизирани ръце,robotic-arms-asbis,robotic-solutions-asbis/robotic-arms-asbis,false,0,782,ASBIS,false,2026-08-06 11:58:57.829,2026-08-06 12:06:45.475,ignatov_rs@abv.bg,ignatov_rs@abv.bg,
785,,,,,,Robot-Cleaner,Робот почистващ,robot-cleaner-asbis,robotic-solutions-asbis/robot-cleaner-asbis,false,0,782,ASBIS,false,2026-08-06 11:58:57.835,2026-08-06 12:06:45.475,ignatov_rs@abv.bg,ignatov_rs@abv.bg,
786,,,,,,Robot Kitchen,Кухненски робот,robot-kitchen,robotic-solutions-asbis/robot-kitchen,false,0,782,ASBIS,false,2026-08-06 11:58:57.848,2026-08-06 12:06:45.475,ignatov_rs@abv.bg,ignatov_rs@abv.bg,
787,,,,,,Robot for Deliveries,Робот за доставки,robot-for-deliveries-asbis,robotic-solutions-asbis/robot-for-deliveries-asbis,false,0,782,ASBIS,false,2026-08-06 11:58:57.856,2026-08-06 12:06:45.475,ignatov_rs@abv.bg,ignatov_rs@abv.bg,
677,,,,,,Телефони,Телефони,telefoni,telefoni,false,0,,ASBIS,false,2026-08-06 11:58:56.942,2026-08-06 12:06:45.475,ignatov_rs@abv.bg,ignatov_rs@abv.bg,
740,,,,,,Едра домакинска техника,Едра домакинска техника,edra-domakinska-tehnika,edra-domakinska-tehnika,false,0,,ASBIS,false,2026-08-06 11:58:57.549,2026-08-06 12:06:45.475,ignatov_rs@abv.bg,ignatov_rs@abv.bg,
744,,,,,,Таблети,Таблети,tableti,tableti,false,0,,ASBIS,false,2026-08-06 11:58:57.572,2026-08-06 12:06:45.475,ignatov_rs@abv.bg,ignatov_rs@abv.bg,
759,,,,,,LED осветление,LED осветление,led-osvetlenie,led-osvetlenie,false,0,,ASBIS,false,2026-08-06 11:58:57.664,2026-08-06 12:06:45.475,ignatov_rs@abv.bg,ignatov_rs@abv.bg,
701,,,,,,Принтери,Принтери,printeri,printeri,false,7,,ASBIS,false,2026-08-06 11:58:57.094,2026-08-06 12:37:18.489,ignatov_rs@abv.bg,ignatov_rs@abv.bg,
742,,,,,,Фото,Фото,foto,foto,false,14,,ASBIS,false,2026-08-06 11:58:57.561,2026-08-06 12:37:18.489,ignatov_rs@abv.bg,ignatov_rs@abv.bg,
865,,,,,,Digital signage IDS,Дигитална сигнализация IDS,digital-signage-ids-asbis,digital-signage-ids-asbis,false,26,,ASBIS,false,2026-08-06 12:12:46.560,2026-08-06 12:37:18.489,ignatov_rs@abv.bg,ignatov_rs@abv.bg,
952,,,,,,Digital signage IDS,Дигитална сигнализация IDS,digital-signage-ids-asbis,digital-signage-ids-asbis,false,26,,ASBIS,false,2026-08-06 12:30:04.241,2026-08-06 12:37:18.489,ignatov_rs@abv.bg,ignatov_rs@abv.bg,
778,,,,,,Digital signage IDS,Дигитална сигнализация IDS,digital-signage-ids-asbis,digital-signage-ids-asbis,false,26,,ASBIS,false,2026-08-06 11:58:57.793,2026-08-06 12:37:18.489,ignatov_rs@abv.bg,ignatov_rs@abv.bg,
869,,,,,,Robotic Solutions,Роботизирани решения,robotic-solutions-asbis,robotic-solutions-asbis,false,27,,ASBIS,false,2026-08-06 12:12:46.579,2026-08-06 12:37:18.489,ignatov_rs@abv.bg,ignatov_rs@abv.bg,
956,,,,,,Robotic Solutions,Роботизирани решения,robotic-solutions-asbis,robotic-solutions-asbis,false,27,,ASBIS,false,2026-08-06 12:30:04.321,2026-08-06 12:37:18.489,ignatov_rs@abv.bg,ignatov_rs@abv.bg,
782,,,,,,Robotic Solutions,Роботизирани решения,robotic-solutions-asbis,robotic-solutions-asbis,false,27,,ASBIS,false,2026-08-06 11:58:57.818,2026-08-06 12:37:18.489,ignatov_rs@abv.bg,ignatov_rs@abv.bg,
