"id","external_id","tekra_key","asbis_key","name_bg","name_en","sort_order","platform","created_at","updated_at","created_by","last_modified_by","is_filter","most_key","filter_order"
5961,,,,Expansion slots,Expansion slots,50,MOST,2026-06-02 09:59:35.377,2026-06-02 09:59:35.377,system,system,true,expansion_slots,
3129,65,,,Интерфейс,Intarface,145,VALI,2026-05-18 11:42:03.092,2026-05-18 11:42:03.092,system,system,true,,
5964,,,,Operating temperature,Operating temperature,50,MOST,2026-06-02 09:59:35.908,2026-06-02 09:59:35.908,system,system,true,operating_temperature,
3132,82,,,Интерфейс,Interface,258,VALI,2026-05-18 11:42:03.283,2026-05-18 11:42:03.283,system,system,true,,
5965,,,,Storage,Storage,50,MOST,2026-06-02 09:59:36.070,2026-06-02 09:59:36.070,system,system,true,storage,
5966,,,,Speed,Speed,50,MOST,2026-06-02 09:59:36.083,2026-06-02 09:59:36.083,system,system,true,speed,
5967,,,,Security,Security,50,MOST,2026-06-02 09:59:36.118,2026-06-02 09:59:36.118,system,system,true,security,
5968,,,,Sensors,Sensors,50,MOST,2026-06-02 09:59:36.347,2026-06-02 09:59:36.347,system,system,true,sensors,
3138,176,,,Интерфейс,Interface,495,VALI,2026-05-18 11:42:03.706,2026-05-18 11:42:03.706,system,system,true,,
3139,194,,,Размери,Dimensions,524,VALI,2026-05-18 11:42:03.748,2026-05-18 11:42:03.748,system,system,false,,
3140,197,,,Консумирана мощност,Power consumption,507,VALI,2026-05-18 11:42:03.771,2026-05-18 11:42:03.771,system,system,false,,
3141,198,,,Операционна система,Operating systems,522,VALI,2026-05-18 11:42:03.779,2026-05-18 11:42:03.779,system,system,false,,
3142,208,,,Цвят,Colour,2336,VALI,2026-05-18 11:42:03.865,2026-05-18 11:42:03.865,system,system,true,,
5969,13,,,Скорост при четене (MB/s),Read (MB/s),21,VALI,2026-06-03 01:02:12.643,2026-06-03 01:02:12.643,system,system,false,,
5970,14,,,Скорост при запис (MB/s),Write (MB/s),22,VALI,2026-06-03 01:02:12.904,2026-06-03 01:02:12.904,system,system,false,,
5971,16,,,Размери (мм),Dimensions (mm),25,VALI,2026-06-03 01:02:13.161,2026-06-03 01:02:13.161,system,system,false,,
5972,21,,,IOPS,IOPS,23,VALI,2026-06-03 01:02:13.487,2026-06-03 01:02:13.487,system,system,false,,
5973,24,,,Кеш памет,Cache (MB),20,VALI,2026-06-03 01:02:13.568,2026-06-03 01:02:13.568,system,system,true,,
5974,26,,,Серия процесори,Series CPU,37,VALI,2026-06-03 01:02:13.588,2026-06-03 01:02:13.588,system,system,true,,
5975,27,,,Работна честота,Operating frequency,40,VALI,2026-06-03 01:02:13.649,2026-06-03 01:02:13.649,system,system,true,,
5976,28,,,Сокет,CPU Socket:,39,VALI,2026-06-03 01:02:13.691,2026-06-03 01:02:13.691,system,system,true,,
5977,29,,,Физически ядра,Core Count,42,VALI,2026-06-03 01:02:13.733,2026-06-03 01:02:13.733,system,system,true,,
5978,30,,,Логически ядра,Thread Count,43,VALI,2026-06-03 01:02:13.754,2026-06-03 01:02:13.754,system,system,true,,
5979,31,,,Кеш памет,Cache,44,VALI,2026-06-03 01:02:13.779,2026-06-03 01:02:13.779,system,system,true,,
5980,32,,,Технология на производството,Manufacturing Tech,45,VALI,2026-06-03 01:02:13.824,2026-06-03 01:02:13.824,system,system,true,,
5981,33,,,Термична мощност - TDP (W),TDP (W),46,VALI,2026-06-03 01:02:13.839,2026-06-03 01:02:13.839,system,system,true,,
5983,44,,,Поддържана памет,Memory Standard,790,VALI,2026-06-03 01:02:14.081,2026-06-03 01:02:14.081,system,system,true,,
5984,45,,,Максимален капацитет поддържана памет,Maximum Memory Supported,791,VALI,2026-06-03 01:02:14.094,2026-06-03 01:02:14.094,system,system,true,,
5985,46,,,Брой слотове памет,Number of Memory Slots,792,VALI,2026-06-03 01:02:14.105,2026-06-03 01:02:14.105,system,system,true,,
5986,55,,,Размер на шината (битове),Memory Bus (bits),117,VALI,2026-06-03 01:02:14.222,2026-06-03 01:02:14.222,system,system,true,,
5987,57,,,Видео изходи,Video outputs,122,VALI,2026-06-03 01:02:14.239,2026-06-03 01:02:14.239,system,system,true,,
3162,282,,,Функции,Features,400,VALI,2026-05-18 11:42:04.342,2026-05-18 11:42:04.342,system,system,true,,
3163,286,,,Интерфейс,Interface,403,VALI,2026-05-18 11:42:04.349,2026-05-18 11:42:04.349,system,system,false,,
5988,60,,,Честота (MHz),Frequency Range,130,VALI,2026-06-03 01:02:14.272,2026-06-03 01:02:14.272,system,system,true,,
5989,61,,,Волтаж,Voltage,131,VALI,2026-06-03 01:02:14.306,2026-06-03 01:02:14.306,system,system,true,,
5990,70,,,Яркост,Brightness,161,VALI,2026-06-03 01:02:14.443,2026-06-03 01:02:14.443,system,system,true,,
3167,300,,,Други,Other,409,VALI,2026-05-18 11:42:04.480,2026-05-18 11:42:04.480,system,system,true,,
3168,301,,,Размери,Dimensions,413,VALI,2026-05-18 11:42:04.493,2026-05-18 11:42:04.493,system,system,false,,
3169,303,,,Материал,Material,717,VALI,2026-05-18 11:42:04.506,2026-05-18 11:42:04.506,system,system,true,,
3170,305,,,Размери,Dimensions,727,VALI,2026-05-18 11:42:04.514,2026-05-18 11:42:04.514,system,system,true,,
3171,308,,,Яркост,Brightness,720,VALI,2026-05-18 11:42:04.518,2026-05-18 11:42:04.518,system,system,true,,
3172,310,,,Други,Other,1629,VALI,2026-05-18 11:42:04.522,2026-05-18 11:42:04.522,system,system,true,,
3173,311,,,Цвят,Colour,726,VALI,2026-05-18 11:42:04.552,2026-05-18 11:42:04.552,system,system,true,,
5991,74,,,Система,System,207,VALI,2026-06-03 01:02:14.474,2026-06-03 01:02:14.474,system,system,true,,
5992,75,,,Тип памет,Type,233,VALI,2026-06-03 01:02:14.479,2026-06-03 01:02:14.479,system,system,true,,
5993,77,,,Клас,Speed Class Rating,234,VALI,2026-06-03 01:02:14.490,2026-06-03 01:02:14.490,system,system,true,,
5994,78,,,Интерфейс,Interface,243,VALI,2026-06-03 01:02:14.503,2026-06-03 01:02:14.503,system,system,true,,
5995,80,,,Свързване,Connection,242,VALI,2026-06-03 01:02:14.517,2026-06-03 01:02:14.517,system,system,true,,
3179,349,,,Волтаж,Voltage,750,VALI,2026-05-18 11:42:04.757,2026-05-18 11:42:04.757,system,system,true,,
3180,350,,,Капацитет,Capacity,751,VALI,2026-05-18 11:42:04.791,2026-05-18 11:42:04.791,system,system,false,,
3181,351,,,Размери (мм),Dimension (mm),755,VALI,2026-05-18 11:42:04.861,2026-05-18 11:42:04.861,system,system,false,,
3182,353,,,Тип аксесоар,Type,742,VALI,2026-05-18 11:42:04.876,2026-05-18 11:42:04.876,system,system,true,,
5996,81,,,Включена мишка.,Mouse Included,249,VALI,2026-06-03 01:02:14.523,2026-06-03 01:02:14.523,system,system,true,,
5997,88,,,Микрофон,Microphone,821,VALI,2026-06-03 01:02:14.536,2026-06-03 01:02:14.536,system,system,true,,
5998,91,,,Скорост на прехвърляне Wi-Fi (Mbps).,Data transfer Wi-Fi (Mbps),354,VALI,2026-06-03 01:02:14.543,2026-06-03 01:02:14.543,system,system,true,,
5999,93,,,Скорост на трансфер (MB/s),Data transfer rate (MB/s),378,VALI,2026-06-03 01:02:14.596,2026-06-03 01:02:14.596,system,system,true,,
5963,,,frequency,Frequency,Frequency,50,MOST,2026-06-02 09:59:35.851,2026-07-02 02:27:38.215,system,system,true,frequency,
6000,99,,,Размер на екрана,Screen size,415,VALI,2026-06-03 01:02:14.603,2026-06-03 01:02:14.603,system,system,true,,
6001,103,,,Стойка за,Type,526,VALI,2026-06-03 01:02:14.629,2026-06-03 01:02:14.629,system,system,true,,
6002,104,,,Макс.тегло (кг),Weight Capacity (kg),533,VALI,2026-06-03 01:02:14.642,2026-06-03 01:02:14.642,system,system,true,,
6003,105,,,Макс.диагонал (инча),Screen Size max. (inch),529,VALI,2026-06-03 01:02:14.661,2026-06-03 01:02:14.661,system,system,true,,
6004,106,,,VESA Стандарт,VESA Standard,532,VALI,2026-06-03 01:02:14.685,2026-06-03 01:02:14.685,system,system,false,,
6005,107,,,Тип стойка,Version,527,VALI,2026-06-03 01:02:14.728,2026-06-03 01:02:14.728,system,system,true,,
6006,109,,,Дължина,Length,761,VALI,2026-06-03 01:02:14.732,2026-06-03 01:02:14.732,system,system,true,,
6007,113,,,Капацитет.,Capacity,578,VALI,2026-06-03 01:02:14.767,2026-06-03 01:02:14.767,system,system,true,,
3198,401,,,Памет,RAM,779,VALI,2026-05-18 11:42:05.324,2026-05-18 11:42:05.324,system,system,true,,
6008,129,,,Консумирана мощност,Consumption,2124,VALI,2026-06-03 01:02:14.790,2026-06-03 01:02:14.790,system,system,false,,
6009,131,,,Формат на картината,Aspect Ratio,156,VALI,2026-06-03 01:02:14.896,2026-06-03 01:02:14.896,system,system,true,,
6010,132,,,Размери пиксел,Pixel Pitch,157,VALI,2026-06-03 01:02:14.903,2026-06-03 01:02:14.903,system,system,false,,
6011,133,,,Брой цветове,Display Colors,165,VALI,2026-06-03 01:02:14.965,2026-06-03 01:02:14.965,system,system,true,,
6012,137,,,Статичен контраст,Contrast(Typical),163,VALI,2026-06-03 01:02:14.998,2026-06-03 01:02:14.998,system,system,true,,
6013,138,,,Динамичен контраст,Active Contrast,164,VALI,2026-06-03 01:02:15.033,2026-06-03 01:02:15.033,system,system,true,,
6014,144,,,Вградени говорители,Built-in Speakers,175,VALI,2026-06-03 01:02:15.465,2026-06-03 01:02:15.465,system,system,true,,
6015,145,,,Монтиране на стена,VESA Mounting,1445,VALI,2026-06-03 01:02:15.487,2026-06-03 01:02:15.487,system,system,true,,
6016,148,,,Видео портове,Video Ports,170,VALI,2026-06-03 01:02:15.495,2026-06-03 01:02:15.495,system,system,true,,
3208,435,,,Размери (mm),Dimension (mm),1799,VALI,2026-05-18 11:42:05.486,2026-05-18 11:42:05.486,system,system,false,,
6017,152,,,Въртене(портрет)/Pivot,Pivot,176,VALI,2026-06-03 01:02:15.592,2026-06-03 01:02:15.592,system,system,true,,
3210,437,,,Приложение,Application,785,VALI,2026-05-18 11:42:05.520,2026-05-18 11:42:05.520,system,system,true,,
3211,450,,,Размери,Dimension,850,VALI,2026-05-18 11:42:05.531,2026-05-18 11:42:05.531,system,system,false,,
3212,460,,,Технология,Type,826,VALI,2026-05-18 11:42:05.546,2026-05-18 11:42:05.546,system,system,true,,
6018,153,,,Накланяне/Tilt,Tilt,177,VALI,2026-06-03 01:02:15.602,2026-06-03 01:02:15.602,system,system,false,,
6019,154,,,Регулиране(ляво/дясно)/Swivel,Swivel,179,VALI,2026-06-03 01:02:15.656,2026-06-03 01:02:15.656,system,system,true,,
6020,155,,,Регулиране височина,Height adjust range,180,VALI,2026-06-03 01:02:15.680,2026-06-03 01:02:15.680,system,system,true,,
3216,477,,,Приложение,Application,82,VALI,2026-05-18 11:42:05.565,2026-05-18 11:42:05.565,system,system,true,,
3217,479,,,Ниво на шум,Noise Level,87,VALI,2026-05-18 11:42:05.570,2026-05-18 11:42:05.570,system,system,false,,
3218,480,,,Размери,Dimension,83,VALI,2026-05-18 11:42:05.577,2026-05-18 11:42:05.577,system,system,true,,
3219,483,,,Други,Other,2235,VALI,2026-05-18 11:42:05.582,2026-05-18 11:42:05.582,system,system,true,,
6021,157,,,Тип аксесоар,"",686,VALI,2026-06-03 01:02:15.703,2026-06-03 01:02:15.703,system,system,true,,
6022,159,,,Цвят,Color,693,VALI,2026-06-03 01:02:15.718,2026-06-03 01:02:15.718,system,system,true,,
3222,496,,,Конектори,Connectors,753,VALI,2026-05-18 11:42:05.627,2026-05-18 11:42:05.627,system,system,true,,
6023,160,,,Съвместими телефони,Compatible phones,696,VALI,2026-06-03 01:02:15.730,2026-06-03 01:02:15.730,system,system,true,,
6024,161,,,Други,Other,2354,VALI,2026-06-03 01:02:15.732,2026-06-03 01:02:15.732,system,system,true,,
6025,163,,,Размери (мм),Size,708,VALI,2026-06-03 01:02:15.758,2026-06-03 01:02:15.758,system,system,true,,
6026,165,,,Акумулатор,Battery type,698,VALI,2026-06-03 01:02:15.792,2026-06-03 01:02:15.792,system,system,true,,
6027,166,,,Издръжливост на батерията,Battery life,699,VALI,2026-06-03 01:02:15.809,2026-06-03 01:02:15.809,system,system,true,,
6028,167,,,Сензори,Sensor,703,VALI,2026-06-03 01:02:15.827,2026-06-03 01:02:15.827,system,system,true,,
6029,168,,,Технология,Technology,706,VALI,2026-06-03 01:02:15.840,2026-06-03 01:02:15.840,system,system,true,,
6030,170,,,Резолюция (пиксели),Resolution,691,VALI,2026-06-03 01:02:15.846,2026-06-03 01:02:15.846,system,system,true,,
6031,219,,,Тип консуматив,Type,709,VALI,2026-06-03 01:02:15.875,2026-06-03 01:02:15.875,system,system,true,,
6032,220,,,Цвят,Colour,711,VALI,2026-06-03 01:02:15.888,2026-06-03 01:02:15.888,system,system,true,,
6033,221,,,Макс. брой копия,Page yield,712,VALI,2026-06-03 01:02:15.901,2026-06-03 01:02:15.901,system,system,false,,
6034,222,,,Съвместими модели,Compatible with printers,713,VALI,2026-06-03 01:02:15.988,2026-06-03 01:02:15.988,system,system,false,,
6035,223,,,Консуматив,Consumable,714,VALI,2026-06-03 01:02:16.190,2026-06-03 01:02:16.190,system,system,true,,
6036,225,,,Формати ел. книги,Text,469,VALI,2026-06-03 01:02:16.192,2026-06-03 01:02:16.192,system,system,false,,
6037,227,,,Wireless,Wireless,470,VALI,2026-06-03 01:02:16.236,2026-06-03 01:02:16.236,system,system,true,,
6038,228,,,Батерия,Battery,471,VALI,2026-06-03 01:02:16.240,2026-06-03 01:02:16.240,system,system,true,,
6039,229,,,Процесор,CPU,464,VALI,2026-06-03 01:02:16.242,2026-06-03 01:02:16.242,system,system,true,,
6040,230,,,Височина,Height,480,VALI,2026-06-03 01:02:16.250,2026-06-03 01:02:16.250,system,system,true,,
6041,231,,,Вътрешна памет,Memory,466,VALI,2026-06-03 01:02:16.258,2026-06-03 01:02:16.258,system,system,true,,
6042,232,,,Аудио,Audio,473,VALI,2026-06-03 01:02:16.262,2026-06-03 01:02:16.262,system,system,true,,
6043,233,,,Свързаност,Connectivity ,475,VALI,2026-06-03 01:02:16.265,2026-06-03 01:02:16.265,system,system,true,,
6044,235,,,Цвят,Colour,482,VALI,2026-06-03 01:02:16.269,2026-06-03 01:02:16.269,system,system,true,,
6045,236,,,RAM,RAM,465,VALI,2026-06-03 01:02:16.281,2026-06-03 01:02:16.281,system,system,true,,
7081,,,console_port,Console Port,Console Port,50,ASBIS,2026-06-04 02:17:19.139,2026-06-04 02:17:19.139,system,system,true,,
3249,566,,,Мощност,Wattage (W),7,VALI,2026-05-18 11:42:05.785,2026-05-18 11:42:05.785,system,system,true,,
3250,569,,,Конектори,Connectors,9,VALI,2026-05-18 11:42:05.787,2026-05-18 11:42:05.787,system,system,false,,
3251,570,,,Входно напрежение,Input Voltage,2380,VALI,2026-05-18 11:42:05.790,2026-05-18 11:42:05.790,system,system,true,,
3252,572,,,Размери,Dimension,2372,VALI,2026-05-18 11:42:05.792,2026-05-18 11:42:05.792,system,system,true,,
3253,573,,,Форм фактор,Form Factor,8,VALI,2026-05-18 11:42:05.795,2026-05-18 11:42:05.795,system,system,true,,
6046,237,,,Формати изображение,Photo,476,VALI,2026-06-03 01:02:16.285,2026-06-03 01:02:16.285,system,system,true,,
6047,238,,,Размер на екрана,Screen Size,460,VALI,2026-06-03 01:02:16.289,2026-06-03 01:02:16.289,system,system,true,,
6048,239,,,Вход слушалки,Headset,474,VALI,2026-06-03 01:02:16.295,2026-06-03 01:02:16.295,system,system,true,,
6049,241,,,Слот карта памет,Слот карта памет,468,VALI,2026-06-03 01:02:16.297,2026-06-03 01:02:16.297,system,system,true,,
6050,243,,,Функции,Features,477,VALI,2026-06-03 01:02:16.300,2026-06-03 01:02:16.300,system,system,true,,
6051,244,,,Брой цветове,Colors,462,VALI,2026-06-03 01:02:16.312,2026-06-03 01:02:16.312,system,system,true,,
6052,245,,,Други,Other,1984,VALI,2026-06-03 01:02:16.314,2026-06-03 01:02:16.314,system,system,true,,
6053,246,,,Резолюция,Resolution,463,VALI,2026-06-03 01:02:16.325,2026-06-03 01:02:16.325,system,system,true,,
3262,589,,,Дължина кабел,Cable Length,259,VALI,2026-05-18 11:42:05.825,2026-05-18 11:42:05.825,system,system,true,,
3263,591,,,Свързване,Connection,256,VALI,2026-05-18 11:42:05.831,2026-05-18 11:42:05.831,system,system,true,,
3264,592,,,Честотен диапазон,Frequency Range,261,VALI,2026-05-18 11:42:05.833,2026-05-18 11:42:05.833,system,system,true,,
3265,594,,,Чувствителност,Sensitivity,1972,VALI,2026-05-18 11:42:05.838,2026-05-18 11:42:05.838,system,system,true,,
3266,597,,,Интерфейс,Interface,291,VALI,2026-05-18 11:42:05.842,2026-05-18 11:42:05.842,system,system,true,,
3267,598,,,Приложение,Application,280,VALI,2026-05-18 11:42:05.848,2026-05-18 11:42:05.848,system,system,true,,
3268,600,,,Размери,Dimension,1909,VALI,2026-05-18 11:42:05.849,2026-05-18 11:42:05.849,system,system,true,,
3269,604,,,Операционна система,Operating system,1907,VALI,2026-05-18 11:42:05.852,2026-05-18 11:42:05.852,system,system,true,,
3270,606,,,Сензор,Image Sensor,282,VALI,2026-05-18 11:42:05.862,2026-05-18 11:42:05.862,system,system,true,,
3271,607,,,Захранване,Power supply,1908,VALI,2026-05-18 11:42:05.863,2026-05-18 11:42:05.863,system,system,true,,
6054,247,,,Тъч екран,Touch,458,VALI,2026-06-03 01:02:16.333,2026-06-03 01:02:16.333,system,system,true,,
6055,248,,,Автономия на акумулатор,Battery Life,472,VALI,2026-06-03 01:02:16.336,2026-06-03 01:02:16.336,system,system,true,,
6056,250,,,Съвместими модели,Compatible with,485,VALI,2026-06-03 01:02:16.343,2026-06-03 01:02:16.343,system,system,true,,
6057,251,,,Цвят,Colour,1970,VALI,2026-06-03 01:02:16.362,2026-06-03 01:02:16.362,system,system,true,,
6058,252,,,Размери,Dimension,487,VALI,2026-06-03 01:02:16.373,2026-06-03 01:02:16.373,system,system,true,,
3277,631,,,Материал,Material,929,VALI,2026-05-18 11:42:05.888,2026-05-18 11:42:05.888,system,system,true,,
3278,633,,,Размери,Dimension,928,VALI,2026-05-18 11:42:05.891,2026-05-18 11:42:05.891,system,system,true,,
3279,634,,,Други,Other,1651,VALI,2026-05-18 11:42:05.892,2026-05-18 11:42:05.892,system,system,true,,
6059,253,,,Материал,Material,488,VALI,2026-06-03 01:02:16.384,2026-06-03 01:02:16.384,system,system,true,,
6060,254,,,Други,Other,1971,VALI,2026-06-03 01:02:16.389,2026-06-03 01:02:16.389,system,system,false,,
6061,255,,,Въртене,Swivel Range,534,VALI,2026-06-03 01:02:16.391,2026-06-03 01:02:16.391,system,system,true,,
6062,256,,,Вертикален наклон (градуси),Tilt,535,VALI,2026-06-03 01:02:16.399,2026-06-03 01:02:16.399,system,system,true,,
6063,257,,,Разстояние спрямо стената (мм),Outside Dimension Depth (mm),536,VALI,2026-06-03 01:02:16.415,2026-06-03 01:02:16.415,system,system,false,,
6064,258,,,Цвят,Colour,2000,VALI,2026-06-03 01:02:16.449,2026-06-03 01:02:16.449,system,system,true,,
6065,259,,,Тип аксесоар,Type,422,VALI,2026-06-03 01:02:16.453,2026-06-03 01:02:16.453,system,system,true,,
6066,260,,,Вид стойка,Type stand,424,VALI,2026-06-03 01:02:16.460,2026-06-03 01:02:16.460,system,system,true,,
6067,261,,,Други,Other,2004,VALI,2026-06-03 01:02:16.462,2026-06-03 01:02:16.462,system,system,true,,
6068,262,,,Монтаж на,Mounting,425,VALI,2026-06-03 01:02:16.482,2026-06-03 01:02:16.482,system,system,true,,
6069,263,,,Хоризонтален наклон (градуси),Swivel Range,426,VALI,2026-06-03 01:02:16.485,2026-06-03 01:02:16.485,system,system,true,,
6070,264,,,Вертикален наклон (градуси),Tilt,427,VALI,2026-06-03 01:02:16.487,2026-06-03 01:02:16.487,system,system,true,,
6071,265,,,Макс. натоварване,Weight,428,VALI,2026-06-03 01:02:16.492,2026-06-03 01:02:16.492,system,system,true,,
6072,266,,,Цвят,Colour,429,VALI,2026-06-03 01:02:16.500,2026-06-03 01:02:16.500,system,system,true,,
6073,267,,,Тип екран,Type,414,VALI,2026-06-03 01:02:16.503,2026-06-03 01:02:16.503,system,system,true,,
6074,268,,,Захващане,Mounting,416,VALI,2026-06-03 01:02:16.505,2026-06-03 01:02:16.505,system,system,true,,
6075,269,,,Формат екран,Format,417,VALI,2026-06-03 01:02:16.509,2026-06-03 01:02:16.509,system,system,true,,
6076,270,,,Визуален ъгъл (градуси),Visual angle,418,VALI,2026-06-03 01:02:16.511,2026-06-03 01:02:16.511,system,system,true,,
6077,274,,,Други,Other,421,VALI,2026-06-03 01:02:16.514,2026-06-03 01:02:16.514,system,system,true,,
6078,295,,,С дистанционно управление,Remote,419,VALI,2026-06-03 01:02:16.539,2026-06-03 01:02:16.539,system,system,true,,
6079,296,,,Включено дистанционно у-во,Remote included,420,VALI,2026-06-03 01:02:16.541,2026-06-03 01:02:16.541,system,system,true,,
6080,297,,,Цвят,Colour,26,VALI,2026-06-03 01:02:16.543,2026-06-03 01:02:16.543,system,system,true,,
6081,298,,,Други,Other,28,VALI,2026-06-03 01:02:16.547,2026-06-03 01:02:16.547,system,system,true,,
6082,314,,,Цвят.,Colour,1472,VALI,2026-06-03 01:02:16.564,2026-06-03 01:02:16.564,system,system,true,,
6083,315,,,Съвместими телефони.,Compatible phones,580,VALI,2026-06-03 01:02:16.576,2026-06-03 01:02:16.576,system,system,true,,
6084,316,,,Размери (мм),Dimensions (mm),2233,VALI,2026-06-03 01:02:16.577,2026-06-03 01:02:16.577,system,system,true,,
6085,318,,,Други,Other,2232,VALI,2026-06-03 01:02:16.601,2026-06-03 01:02:16.601,system,system,true,,
6086,320,,,Свързаност.,Conetivity,582,VALI,2026-06-03 01:02:16.605,2026-06-03 01:02:16.605,system,system,true,,
6087,321,,,Съвместимост,"",728,VALI,2026-06-03 01:02:16.610,2026-06-03 01:02:16.610,system,system,true,,
6089,325,,,Цвят,Colour,739,VALI,2026-06-03 01:02:16.619,2026-06-03 01:02:16.619,system,system,true,,
6090,327,,,Регулиране височина,Adjustable seat height,730,VALI,2026-06-03 01:02:16.636,2026-06-03 01:02:16.636,system,system,true,,
6091,331,,,Материал,"",734,VALI,2026-06-03 01:02:16.694,2026-06-03 01:02:16.694,system,system,true,,
6092,332,,,Регулириеми подлакътници,"",735,VALI,2026-06-03 01:02:16.698,2026-06-03 01:02:16.698,system,system,true,,
6093,333,,,Заключващ механизъм на облегалката,"",736,VALI,2026-06-03 01:02:16.700,2026-06-03 01:02:16.700,system,system,true,,
6094,334,,,Люлеещ механизъм,"",737,VALI,2026-06-03 01:02:16.702,2026-06-03 01:02:16.702,system,system,true,,
6095,335,,,Газов амортисьор,"",738,VALI,2026-06-03 01:02:16.704,2026-06-03 01:02:16.704,system,system,true,,
3325,781,,,Други,Other,1912,VALI,2026-05-18 11:42:06.066,2026-05-18 11:42:06.066,system,system,true,,
6096,355,,,Други,Other,1852,VALI,2026-06-03 01:02:16.711,2026-06-03 01:02:16.711,system,system,true,,
6097,356,,,Тип аксесоар,Type,585,VALI,2026-06-03 01:02:16.719,2026-06-03 01:02:16.719,system,system,true,,
6098,357,,,Съвместими телефони,Compatible phones,587,VALI,2026-06-03 01:02:16.723,2026-06-03 01:02:16.723,system,system,true,,
6099,358,,,Свързаност,Connectivity,588,VALI,2026-06-03 01:02:16.730,2026-06-03 01:02:16.730,system,system,true,,
6100,359,,,Други,Other,1635,VALI,2026-06-03 01:02:16.737,2026-06-03 01:02:16.737,system,system,true,,
6101,360,,,Захранване,Supply,590,VALI,2026-06-03 01:02:16.747,2026-06-03 01:02:16.747,system,system,true,,
6102,362,,,Цвят,Colour,591,VALI,2026-06-03 01:02:16.783,2026-06-03 01:02:16.783,system,system,true,,
6103,363,,,Профил на бутоните,Structure of buttons,245,VALI,2026-06-03 01:02:16.788,2026-06-03 01:02:16.788,system,system,true,,
3334,832,,,Сензор,Sensor,226,VALI,2026-05-18 11:42:06.112,2026-05-18 11:42:06.112,system,system,true,,
3335,835,,,Микрофон,Microphone,2414,VALI,2026-05-18 11:42:06.116,2026-05-18 11:42:06.116,system,system,true,,
3336,836,,,Други,Other,2420,VALI,2026-05-18 11:42:06.121,2026-05-18 11:42:06.121,system,system,true,,
6104,365,,,Мултимедийни функции,Multimedia Features,247,VALI,2026-06-03 01:02:16.800,2026-06-03 01:02:16.800,system,system,true,,
6105,366,,,Макро бутони,Macro buttons,248,VALI,2026-06-03 01:02:16.803,2026-06-03 01:02:16.803,system,system,true,,
6106,367,,,Други,Other,2141,VALI,2026-06-03 01:02:16.806,2026-06-03 01:02:16.806,system,system,false,,
6107,369,,,Размери,Dimension,250,VALI,2026-06-03 01:02:16.852,2026-06-03 01:02:16.852,system,system,false,,
6108,372,,,Съвместими модели телефони,Compatible phones,1579,VALI,2026-06-03 01:02:16.921,2026-06-03 01:02:16.921,system,system,true,,
6109,373,,,Цвят,Colour,1423,VALI,2026-06-03 01:02:16.926,2026-06-03 01:02:16.926,system,system,true,,
6110,376,,,Свързаност,Connectors,811,VALI,2026-06-03 01:02:16.932,2026-06-03 01:02:16.932,system,system,true,,
6111,377,,,Максимална честота памет,Frequency Memory,793,VALI,2026-06-03 01:02:16.949,2026-06-03 01:02:16.949,system,system,true,,
6112,378,,,Поддръжка на Dualchannel,Support Dualchannel,794,VALI,2026-06-03 01:02:16.977,2026-06-03 01:02:16.977,system,system,true,,
6113,380,,,Капацитет.,Capacity,196,VALI,2026-06-03 01:02:16.979,2026-06-03 01:02:16.979,system,system,true,,
3347,896,,,Тип аксесоар,Type accessory,1023,VALI,2026-05-18 11:42:06.216,2026-05-18 11:42:06.216,system,system,false,,
3348,899,,,Брой батерии,Number of batteries,1028,VALI,2026-05-18 11:42:06.219,2026-05-18 11:42:06.219,system,system,true,,
3349,900,,,Време за зареждане,Charging time,1029,VALI,2026-05-18 11:42:06.224,2026-05-18 11:42:06.224,system,system,true,,
3350,901,,,Други,Other,2073,VALI,2026-05-18 11:42:06.226,2026-05-18 11:42:06.226,system,system,true,,
3351,906,,,Други,Other,2269,VALI,2026-05-18 11:42:06.229,2026-05-18 11:42:06.229,system,system,true,,
6114,381,,,Интерфейс,Interface,197,VALI,2026-06-03 01:02:16.988,2026-06-03 01:02:16.988,system,system,true,,
6115,382,,,Цвят,Colour,2268,VALI,2026-06-03 01:02:16.993,2026-06-03 01:02:16.993,system,system,true,,
6116,383,,,Скорост при четене ,Reading speed,199,VALI,2026-06-03 01:02:17.006,2026-06-03 01:02:17.006,system,system,true,,
6117,384,,,Скорост при запис,Write Speed ,201,VALI,2026-06-03 01:02:17.020,2026-06-03 01:02:17.020,system,system,true,,
6118,386,,,Вградено аудио,Integrated Audio,796,VALI,2026-06-03 01:02:17.031,2026-06-03 01:02:17.031,system,system,false,,
6119,387,,,Вграден LAN,Integrated LAN,797,VALI,2026-06-03 01:02:17.065,2026-06-03 01:02:17.065,system,system,true,,
6120,388,,,Конектор захранване,Power Connector,807,VALI,2026-06-03 01:02:17.087,2026-06-03 01:02:17.087,system,system,true,,
6121,389,,,Слотoве PCI-E x16,PCI-E x16,800,VALI,2026-06-03 01:02:17.096,2026-06-03 01:02:17.096,system,system,true,,
3360,938,,,Размери,Dimension,1040,VALI,2026-05-18 11:42:06.272,2026-05-18 11:42:06.272,system,system,true,,
3361,940,,,Цвят,Colour,1042,VALI,2026-05-18 11:42:06.274,2026-05-18 11:42:06.274,system,system,true,,
3362,944,,,Аларма,Alarm,1045,VALI,2026-05-18 11:42:06.283,2026-05-18 11:42:06.283,system,system,true,,
6122,390,,,Слотoве PCI-E x1,PCI-E x1,802,VALI,2026-06-03 01:02:17.117,2026-06-03 01:02:17.117,system,system,true,,
6123,391,,,Слотове PCI-E,PCI-E slots,803,VALI,2026-06-03 01:02:17.124,2026-06-03 01:02:17.124,system,system,true,,
6124,393,,,Форм фактор.,Dimension,1425,VALI,2026-06-03 01:02:17.126,2026-06-03 01:02:17.126,system,system,true,,
6125,394,,,Сокет,CPU Socket,786,VALI,2026-06-03 01:02:17.149,2026-06-03 01:02:17.149,system,system,true,,
6126,395,,,Тип клавиатура,Тype keyboard,241,VALI,2026-06-03 01:02:17.163,2026-06-03 01:02:17.163,system,system,true,,
6127,402,,,Дисково пространство,Disk space,780,VALI,2026-06-03 01:02:17.168,2026-06-03 01:02:17.168,system,system,true,,
3369,962,,,Съвместими модели,Compatibility,1057,VALI,2026-05-18 11:42:06.323,2026-05-18 11:42:06.323,system,system,false,,
3370,963,,,Химически състав,Chemical composition,1055,VALI,2026-05-18 11:42:06.337,2026-05-18 11:42:06.337,system,system,true,,
3371,966,,,Напрежение (V),Voltage (V),1053,VALI,2026-05-18 11:42:06.340,2026-05-18 11:42:06.340,system,system,true,,
3372,967,,,Размери,Dimension,1468,VALI,2026-05-18 11:42:06.342,2026-05-18 11:42:06.342,system,system,false,,
6128,405,,,Честота процесор,CPU Frequency,778,VALI,2026-06-03 01:02:17.170,2026-06-03 01:02:17.170,system,system,false,,
6129,407,,,Включени програми,Included programs,783,VALI,2026-06-03 01:02:17.171,2026-06-03 01:02:17.171,system,system,true,,
3408,1069,,,RAM памет,RAM,1149,VALI,2026-05-18 11:42:06.457,2026-06-02 09:59:36.517,system,system,true,ram,
3416,1103,,,Wireless,Wireless,1180,VALI,2026-05-18 11:42:06.499,2026-06-02 09:59:36.517,system,system,true,wireless,
6130,413,,,Други характеристики,Other,1426,VALI,2026-06-03 01:02:17.175,2026-06-03 01:02:17.175,system,system,true,,
6131,414,,,Интерфейс Serial ATA,Interface Serial ATA,804,VALI,2026-06-03 01:02:17.177,2026-06-03 01:02:17.177,system,system,true,,
6132,415,,,Тип аксесоар.,Gaming keyboard,240,VALI,2026-06-03 01:02:17.182,2026-06-03 01:02:17.182,system,system,true,,
6133,416,,,Съвместимост,Compatibility ,252,VALI,2026-06-03 01:02:17.184,2026-06-03 01:02:17.184,system,system,true,,
6134,417,,,Цвят.,Colour,253,VALI,2026-06-03 01:02:17.193,2026-06-03 01:02:17.193,system,system,true,,
6135,418,,,Технология,Technology,814,VALI,2026-06-03 01:02:17.212,2026-06-03 01:02:17.212,system,system,true,,
6136,419,,,Честотен диапазон на слушалките (Hz),Frequency Range (Headphone),817,VALI,2026-06-03 01:02:17.214,2026-06-03 01:02:17.214,system,system,true,,
6137,420,,,Интерфейс,Interface,815,VALI,2026-06-03 01:02:17.239,2026-06-03 01:02:17.239,system,system,true,,
6138,421,,,Диаметър високоговорител (mm),Speaker Diameter (mm),820,VALI,2026-06-03 01:02:17.254,2026-06-03 01:02:17.254,system,system,true,,
6139,422,,,Съпротивление на слушалките (Ω),Impedance (Headphone) (Ω),818,VALI,2026-06-03 01:02:17.270,2026-06-03 01:02:17.270,system,system,true,,
6140,424,,,Цвят,Colour,824,VALI,2026-06-03 01:02:17.283,2026-06-03 01:02:17.283,system,system,false,,
6141,425,,,Тип аксесоар,Accessory type,813,VALI,2026-06-03 01:02:17.309,2026-06-03 01:02:17.309,system,system,true,,
6142,426,,,Съвместимост,Compatibility,823,VALI,2026-06-03 01:02:17.312,2026-06-03 01:02:17.312,system,system,true,,
3392,1036,,,Други,Other,1051,VALI,2026-05-18 11:42:06.417,2026-05-18 11:42:06.417,system,system,false,,
3393,1037,,,Захранване,Power Supply,1119,VALI,2026-05-18 11:42:06.419,2026-05-18 11:42:06.419,system,system,true,,
3394,1038,,,Размери,Dimension,2062,VALI,2026-05-18 11:42:06.420,2026-05-18 11:42:06.420,system,system,true,,
3395,1040,,,Аларма,Alarm,1120,VALI,2026-05-18 11:42:06.421,2026-05-18 11:42:06.421,system,system,true,,
3396,1041,,,Цвят,Colour,1118,VALI,2026-05-18 11:42:06.422,2026-05-18 11:42:06.422,system,system,true,,
3397,1042,,,Дисплей,Display,1115,VALI,2026-05-18 11:42:06.432,2026-05-18 11:42:06.432,system,system,true,,
6143,427,,,Други,Other,2172,VALI,2026-06-03 01:02:17.327,2026-06-03 01:02:17.327,system,system,false,,
3399,1049,,,Други,Other,2064,VALI,2026-05-18 11:42:06.435,2026-05-18 11:42:06.435,system,system,false,,
3400,1050,,,Радиочасовник,Radio Clock,1123,VALI,2026-05-18 11:42:06.436,2026-05-18 11:42:06.436,system,system,false,,
6144,428,,,Приложение,Application,822,VALI,2026-06-03 01:02:17.378,2026-06-03 01:02:17.378,system,system,true,,
3402,1056,,,Тип аксесоар,Type accessory,2091,VALI,2026-05-18 11:42:06.440,2026-05-18 11:42:06.440,system,system,true,,
3403,1057,,,Съвместимост,Compatibility,2092,VALI,2026-05-18 11:42:06.441,2026-05-18 11:42:06.441,system,system,true,,
3404,1060,,,Други,Other,1129,VALI,2026-05-18 11:42:06.442,2026-05-18 11:42:06.442,system,system,true,,
6145,429,,,Съвместими сокети,CPU Socket,92,VALI,2026-06-03 01:02:17.382,2026-06-03 01:02:17.382,system,system,true,,
6146,431,,,Поток на въздух (CFM),CFM,96,VALI,2026-06-03 01:02:17.450,2026-06-03 01:02:17.450,system,system,false,,
6147,432,,,Ниво на шум,Noise Level,98,VALI,2026-06-03 01:02:17.530,2026-06-03 01:02:17.530,system,system,false,,
3410,1073,,,Резолюция,Resolution,1147,VALI,2026-05-18 11:42:06.468,2026-05-18 11:42:06.468,system,system,true,,
3411,1077,,,ОС,OS,1792,VALI,2026-05-18 11:42:06.477,2026-05-18 11:42:06.477,system,system,true,,
3412,1079,,,Предназначение,Type,1134,VALI,2026-05-18 11:42:06.479,2026-05-18 11:42:06.479,system,system,true,,
3413,1085,,,Тип памет,Memory type,1150,VALI,2026-05-18 11:42:06.486,2026-05-18 11:42:06.486,system,system,true,,
3414,1090,,,Аудио,Audio,1165,VALI,2026-05-18 11:42:06.494,2026-05-18 11:42:06.494,system,system,true,,
3415,1094,,,Поддържани карти,Supported cards,1167,VALI,2026-05-18 11:42:06.497,2026-05-18 11:42:06.497,system,system,true,,
6148,436,,,Други,Other,2348,VALI,2026-06-03 01:02:17.596,2026-06-03 01:02:17.596,system,system,false,,
3417,1104,,,Батерия,Battery,1449,VALI,2026-05-18 11:42:06.500,2026-05-18 11:42:06.500,system,system,false,,
3418,1105,,,Сигурност,Security,1742,VALI,2026-05-18 11:42:06.508,2026-05-18 11:42:06.508,system,system,true,,
3419,1107,,,Размери,Dimension,1793,VALI,2026-05-18 11:42:06.510,2026-05-18 11:42:06.510,system,system,false,,
3420,1108,,,Цвят,Colour,1795,VALI,2026-05-18 11:42:06.517,2026-05-18 11:42:06.517,system,system,true,,
3421,1112,,,Аспект изображение,Aspect Ratio,1148,VALI,2026-05-18 11:42:06.526,2026-05-18 11:42:06.526,system,system,true,,
3422,1115,,,Микрофон,Microphone,1172,VALI,2026-05-18 11:42:06.533,2026-05-18 11:42:06.533,system,system,true,,
6149,443,,,Защита от пренапрежение,Overload Protection,832,VALI,2026-06-03 01:02:17.652,2026-06-03 01:02:17.652,system,system,false,,
6150,458,,,Шум,Noise Level,844,VALI,2026-06-03 01:02:17.656,2026-06-03 01:02:17.656,system,system,true,,
6151,465,,,Интерфейс клавиатура,Interface keyboard,855,VALI,2026-06-03 01:02:17.661,2026-06-03 01:02:17.661,system,system,true,,
6152,467,,,Свързване,Connection,853,VALI,2026-06-03 01:02:17.666,2026-06-03 01:02:17.666,system,system,true,,
6154,470,,,Рисивър,Interface receiver,861,VALI,2026-06-03 01:02:17.669,2026-06-03 01:02:17.669,system,system,true,,
6155,471,,,Размери,Dimension,1394,VALI,2026-06-03 01:02:17.672,2026-06-03 01:02:17.672,system,system,false,,
6156,473,,,Други,Other,2427,VALI,2026-06-03 01:02:17.735,2026-06-03 01:02:17.735,system,system,true,,
6157,488,,,Свързаност,Connection,867,VALI,2026-06-03 01:02:17.755,2026-06-03 01:02:17.755,system,system,true,,
6158,489,,,Цвят,Colour,2270,VALI,2026-06-03 01:02:17.760,2026-06-03 01:02:17.760,system,system,true,,
6159,490,,,Дължина кабел,Cable Length,871,VALI,2026-06-03 01:02:17.781,2026-06-03 01:02:17.781,system,system,true,,
6160,493,,,Дизайн.,Design,862,VALI,2026-06-03 01:02:17.815,2026-06-03 01:02:17.815,system,system,true,,
6161,498,,,Стандарт Wi-Fi.,Standard Wi-Fi,349,VALI,2026-06-03 01:02:17.817,2026-06-03 01:02:17.817,system,system,true,,
6162,499,,,Скорост на прехвърляне Ethernet.,Transfer rate Ethernet,353,VALI,2026-06-03 01:02:17.830,2026-06-03 01:02:17.830,system,system,true,,
6163,500,,,Честота.,Frequency,352,VALI,2026-06-03 01:02:17.834,2026-06-03 01:02:17.834,system,system,true,,
6164,501,,,Портове WAN.,WAN ports,351,VALI,2026-06-03 01:02:17.837,2026-06-03 01:02:17.837,system,system,true,,
6165,502,,,Printserver.,Printserver,361,VALI,2026-06-03 01:02:17.848,2026-06-03 01:02:17.848,system,system,true,,
6166,503,,,Порт USB.,USB port,358,VALI,2026-06-03 01:02:17.849,2026-06-03 01:02:17.849,system,system,true,,
6167,504,,,"3G/4G.","3G/4G",360,VALI,2026-06-03 01:02:17.857,2026-06-03 01:02:17.857,system,system,true,,
6168,505,,,Размери (мм),Dimension (mm),2019,VALI,2026-06-03 01:02:17.860,2026-06-03 01:02:17.860,system,system,false,,
6169,507,,,Сигурност.,Security,356,VALI,2026-06-03 01:02:17.929,2026-06-03 01:02:17.929,system,system,true,,
3444,1179,,,Интерфейс,Interface,138,VALI,2026-05-18 11:42:06.613,2026-05-18 11:42:06.613,system,system,true,,
3445,1191,,,Размери (мм),Dimension (mm),651,VALI,2026-05-18 11:42:06.617,2026-05-18 11:42:06.617,system,system,true,,
6170,508,,,Портове LAN.,LAN ports,350,VALI,2026-06-03 01:02:17.949,2026-06-03 01:02:17.949,system,system,true,,
6171,509,,,Други,Other,2210,VALI,2026-06-03 01:02:17.970,2026-06-03 01:02:17.970,system,system,true,,
6172,510,,,Антена.,Antena,357,VALI,2026-06-03 01:02:17.989,2026-06-03 01:02:17.989,system,system,true,,
3449,1198,,,Други,Other,2259,VALI,2026-05-18 11:42:06.626,2026-05-18 11:42:06.626,system,system,true,,
3450,1200,,,Интерфейс,Interface,100,VALI,2026-05-18 11:42:06.627,2026-05-18 11:42:06.627,system,system,true,,
3451,1201,,,Тип,Type,101,VALI,2026-05-18 11:42:06.633,2026-05-18 11:42:06.633,system,system,true,,
3452,1203,,,Видео формати,Video Format,102,VALI,2026-05-18 11:42:06.634,2026-05-18 11:42:06.634,system,system,true,,
3453,1204,,,Други,Other,1966,VALI,2026-05-18 11:42:06.636,2026-05-18 11:42:06.636,system,system,false,,
6173,512,,,MAC адреси,MAC Address,366,VALI,2026-06-03 01:02:18.029,2026-06-03 01:02:18.029,system,system,true,,
3455,1209,,,Операционна система,OS,143,VALI,2026-05-18 11:42:06.648,2026-05-18 11:42:06.648,system,system,true,,
6174,514,,,Работна температура,Operating temperature,368,VALI,2026-06-03 01:02:18.034,2026-06-03 01:02:18.034,system,system,true,,
6175,515,,,Захранване,Power Requirement,369,VALI,2026-06-03 01:02:18.037,2026-06-03 01:02:18.037,system,system,true,,
6176,516,,,Размери,Dimension (mm),374,VALI,2026-06-03 01:02:18.058,2026-06-03 01:02:18.058,system,system,false,,
6177,517,,,Буфер памет,Buffer Memory,370,VALI,2026-06-03 01:02:18.121,2026-06-03 01:02:18.121,system,system,true,,
6178,522,,,Тип аксесоар,Type,872,VALI,2026-06-03 01:02:18.137,2026-06-03 01:02:18.137,system,system,true,,
6179,523,,,Цвят,Colour,2430,VALI,2026-06-03 01:02:18.139,2026-06-03 01:02:18.139,system,system,true,,
3462,1250,,,Тип консуматив,Filament Material,1215,VALI,2026-05-18 11:42:06.682,2026-05-18 11:42:06.682,system,system,true,,
3463,1260,,,Размери,Dimension,2039,VALI,2026-05-18 11:42:06.686,2026-05-18 11:42:06.686,system,system,true,,
3464,1262,,,Свързаност.,Connectivity,1210,VALI,2026-05-18 11:42:06.688,2026-05-18 11:42:06.688,system,system,true,,
3465,1263,,,Технология.,Technology,1213,VALI,2026-05-18 11:42:06.696,2026-05-18 11:42:06.696,system,system,true,,
6180,525,,,Външни размери,External Dimension,874,VALI,2026-06-03 01:02:18.160,2026-06-03 01:02:18.160,system,system,false,,
6181,527,,,Материал,material 	,876,VALI,2026-06-03 01:02:18.201,2026-06-03 01:02:18.201,system,system,true,,
3468,1272,,,Брой ядра,Number of cores,1231,VALI,2026-05-18 11:42:06.715,2026-05-18 11:42:06.715,system,system,true,,
3469,1276,,,Чипсет,Chipset,1234,VALI,2026-05-18 11:42:06.724,2026-05-18 11:42:06.724,system,system,true,,
3470,1282,,,Тип памет,Memory type,1235,VALI,2026-05-18 11:42:06.742,2026-05-18 11:42:06.742,system,system,true,,
3471,1283,,,Честота памет,Frequency Memory,1238,VALI,2026-05-18 11:42:06.748,2026-05-18 11:42:06.748,system,system,true,,
3472,1284,,,RAM памет,RAM capocity (GB),1236,VALI,2026-05-18 11:42:06.755,2026-05-18 11:42:06.755,system,system,true,,
3473,1288,,,Скорост на въртене (об/мин),HDD speed rpm,1254,VALI,2026-05-18 11:42:06.760,2026-05-18 11:42:06.760,system,system,true,,
3474,1291,,,Видео чипсет,Video chipset,1241,VALI,2026-05-18 11:42:06.762,2026-05-18 11:42:06.762,system,system,true,,
3475,1292,,,Капацитет видео памет,Capacity Video Memory,1243,VALI,2026-05-18 11:42:06.765,2026-05-18 11:42:06.765,system,system,true,,
3476,1293,,,Тип видео памет,Type video memory,1244,VALI,2026-05-18 11:42:06.770,2026-05-18 11:42:06.770,system,system,true,,
3477,1295,,,Мрежа,Network,1258,VALI,2026-05-18 11:42:06.776,2026-05-18 11:42:06.776,system,system,true,,
3478,1298,,,Клавиатура,Кeyboard,1261,VALI,2026-05-18 11:42:06.781,2026-05-18 11:42:06.781,system,system,true,,
3479,1299,,,Операционна система,Operating system,1604,VALI,2026-05-18 11:42:06.783,2026-05-18 11:42:06.783,system,system,true,,
3480,1304,,,Размери (мм),Dimension (mm),1773,VALI,2026-05-18 11:42:06.790,2026-05-18 11:42:06.790,system,system,false,,
6182,528,,,Вътрешни размери,Internal dimensions,875,VALI,2026-06-03 01:02:18.208,2026-06-03 01:02:18.208,system,system,false,,
6183,529,,,Портове,Ports,204,VALI,2026-06-03 01:02:18.254,2026-06-03 01:02:18.254,system,system,true,,
6184,530,,,Размери,Dimension,2375,VALI,2026-06-03 01:02:18.261,2026-06-03 01:02:18.261,system,system,true,,
6185,532,,,Екстри,Extras,2379,VALI,2026-06-03 01:02:18.285,2026-06-03 01:02:18.285,system,system,true,,
6186,533,,,Цвят,Colour,2378,VALI,2026-06-03 01:02:18.293,2026-06-03 01:02:18.293,system,system,true,,
6187,536,,,Дължина кабел (m), Cable Length (m),816,VALI,2026-06-03 01:02:18.299,2026-06-03 01:02:18.299,system,system,true,,
6188,537,,,Тип хард диск,Type,763,VALI,2026-06-03 01:02:18.323,2026-06-03 01:02:18.323,system,system,true,,
6189,538,,,Капацитет,Capacity,764,VALI,2026-06-03 01:02:18.326,2026-06-03 01:02:18.326,system,system,true,,
6190,539,,,Скорост,Rotational speed (RPM),765,VALI,2026-06-03 01:02:18.337,2026-06-03 01:02:18.337,system,system,true,,
6191,540,,,Интерфейс,Interface,766,VALI,2026-06-03 01:02:18.340,2026-06-03 01:02:18.340,system,system,true,,
6192,541,,,Време за четене,"Average seek, read",770,VALI,2026-06-03 01:02:18.343,2026-06-03 01:02:18.343,system,system,true,,
6193,542,,,Време за запис,"Average seek, write",771,VALI,2026-06-03 01:02:18.345,2026-06-03 01:02:18.345,system,system,true,,
6194,543,,,Форм фактор,Form Factor,768,VALI,2026-06-03 01:02:18.347,2026-06-03 01:02:18.347,system,system,true,,
6195,544,,,Буфер,Cache,769,VALI,2026-06-03 01:02:18.348,2026-06-03 01:02:18.348,system,system,true,,
6196,545,,,Скорост на трансфер SATA,Data transfer rate - SATA,767,VALI,2026-06-03 01:02:18.353,2026-06-03 01:02:18.353,system,system,true,,
6197,546,,,Размери (мм),Dimension (mm),772,VALI,2026-06-03 01:02:18.358,2026-06-03 01:02:18.358,system,system,true,,
6198,547,,,SURROUND 7.1 Dolby,SURROUND 7.1 Dolby,819,VALI,2026-06-03 01:02:18.368,2026-06-03 01:02:18.368,system,system,true,,
6199,549,,,Тип аксесоар,Accessory type ,886,VALI,2026-06-03 01:02:18.373,2026-06-03 01:02:18.373,system,system,false,,
1871,,,,Вид свързване,,14,,2026-04-23 11:19:52.415,2026-08-20 09:55:41.356,ADMIN,d.eshanovski@gmail.com,true,,
6200,550,,,Съвместимост,Compatibility,887,VALI,2026-06-03 01:02:18.375,2026-06-03 01:02:18.375,system,system,false,,
6201,552,,,Захранване.,Power supply,359,VALI,2026-06-03 01:02:18.376,2026-06-03 01:02:18.376,system,system,false,,
6202,553,,,Тип аксесоар,Type,879,VALI,2026-06-03 01:02:18.405,2026-06-03 01:02:18.405,system,system,true,,
6203,554,,,Съвместими модели,Compatibility,882,VALI,2026-06-03 01:02:18.408,2026-06-03 01:02:18.408,system,system,true,,
6204,555,,,Диагонал (inch),For Display Size (inch),880,VALI,2026-06-03 01:02:18.427,2026-06-03 01:02:18.427,system,system,true,,
3506,1394,,,Тип,Type,1313,VALI,2026-05-18 11:42:06.902,2026-05-18 11:42:06.902,system,system,false,,
3507,1396,,,Цвят,Colour,1541,VALI,2026-05-18 11:42:06.903,2026-05-18 11:42:06.903,system,system,true,,
3508,1397,,,Други,Other,1542,VALI,2026-05-18 11:42:06.905,2026-05-18 11:42:06.905,system,system,true,,
6205,556,,,Цвят,Colour,883,VALI,2026-06-03 01:02:18.438,2026-06-03 01:02:18.438,system,system,true,,
6206,557,,,Материал,Material,884,VALI,2026-06-03 01:02:18.446,2026-06-03 01:02:18.446,system,system,true,,
6207,559,,,Размери,Dimension,885,VALI,2026-06-03 01:02:18.455,2026-06-03 01:02:18.455,system,system,true,,
6208,562,,,Свързване,Connection,888,VALI,2026-06-03 01:02:18.478,2026-06-03 01:02:18.478,system,system,true,,
6209,563,,,Интерфейс,Interface receiver,892,VALI,2026-06-03 01:02:18.481,2026-06-03 01:02:18.481,system,system,true,,
6210,564,,,Цвят,Colour,894,VALI,2026-06-03 01:02:18.486,2026-06-03 01:02:18.486,system,system,true,,
6211,565,,,Други,Other,2136,VALI,2026-06-03 01:02:18.501,2026-06-03 01:02:18.501,system,system,false,,
3516,1418,,,Мрежа,LAN,1337,VALI,2026-05-18 11:42:06.941,2026-05-18 11:42:06.941,system,system,true,,
3517,1420,,,Процесор,CPU,1335,VALI,2026-05-18 11:42:06.942,2026-05-18 11:42:06.942,system,system,true,,
3518,1421,,,Памет,Memory,1336,VALI,2026-05-18 11:42:06.944,2026-05-18 11:42:06.944,system,system,true,,
3519,1423,,,Интерфейс,Interface,1333,VALI,2026-05-18 11:42:06.949,2026-05-18 11:42:06.949,system,system,true,,
3520,1426,,,RAID,RAID,1343,VALI,2026-05-18 11:42:06.951,2026-05-18 11:42:06.951,system,system,true,,
3521,1427,,,Размери,Dimension,1575,VALI,2026-05-18 11:42:06.952,2026-05-18 11:42:06.952,system,system,true,,
3522,1428,,,Тип аксесоар.,Accessory type,741,VALI,2026-05-18 11:42:06.954,2026-05-18 11:42:06.954,system,system,true,,
6213,577,,,Tип,Type,895,VALI,2026-06-03 01:02:18.599,2026-06-03 01:02:18.599,system,system,true,,
6214,578,,,Капацитет,Capacity,896,VALI,2026-06-03 01:02:18.601,2026-06-03 01:02:18.601,system,system,true,,
6215,579,,,Скорост на въртене,Rotational speed,897,VALI,2026-06-03 01:02:18.607,2026-06-03 01:02:18.607,system,system,true,,
6216,580,,,Буфер (MB),Cache (MB),898,VALI,2026-06-03 01:02:18.610,2026-06-03 01:02:18.610,system,system,true,,
6217,581,,,Интерфейс,Interface,899,VALI,2026-06-03 01:02:18.614,2026-06-03 01:02:18.614,system,system,true,,
6218,582,,,Скорост на трансфер SATA,Data transfer rate - SATA,900,VALI,2026-06-03 01:02:18.616,2026-06-03 01:02:18.616,system,system,true,,
6219,583,,,Форм фактор,Form Factor,901,VALI,2026-06-03 01:02:18.618,2026-06-03 01:02:18.618,system,system,false,,
6220,584,,,Време за четене,"",902,VALI,2026-06-03 01:02:18.620,2026-06-03 01:02:18.620,system,system,false,,
6221,585,,,Време за запис,"",903,VALI,2026-06-03 01:02:18.620,2026-06-03 01:02:18.620,system,system,false,,
6222,586,,,Размери (мм),Dimension (mm),904,VALI,2026-06-03 01:02:18.621,2026-06-03 01:02:18.621,system,system,true,,
3534,1453,,,Тип,Type,1359,VALI,2026-05-18 11:42:07.027,2026-05-18 11:42:07.027,system,system,true,,
6223,609,,,Капацитет на рязане (листи),Slitting capacity,908,VALI,2026-06-03 01:02:18.629,2026-06-03 01:02:18.629,system,system,true,,
6224,610,,,Скорост на рязане,Slitting speed,909,VALI,2026-06-03 01:02:18.636,2026-06-03 01:02:18.636,system,system,true,,
6225,611,,,Размер на рязане,Slitting size,910,VALI,2026-06-03 01:02:18.641,2026-06-03 01:02:18.641,system,system,true,,
6226,612,,,Размери,Dimension,2103,VALI,2026-06-03 01:02:18.651,2026-06-03 01:02:18.651,system,system,true,,
6227,613,,,Обем на коша,Container,911,VALI,2026-06-03 01:02:18.663,2026-06-03 01:02:18.663,system,system,true,,
6228,615,,,Ширина на отвора,Max. Feed Width,912,VALI,2026-06-03 01:02:18.673,2026-06-03 01:02:18.673,system,system,true,,
6229,616,,,Скорост на ламиниране,Speed laminating,915,VALI,2026-06-03 01:02:18.676,2026-06-03 01:02:18.676,system,system,true,,
6230,617,,,Формат на ламиниране,Size,916,VALI,2026-06-03 01:02:18.679,2026-06-03 01:02:18.679,system,system,true,,
6231,618,,,Време за загряване (сек.),Heating-Up Time (sec.),917,VALI,2026-06-03 01:02:18.680,2026-06-03 01:02:18.680,system,system,true,,
6232,619,,,Ширина на документа (mm),Laminating-Width (mm),918,VALI,2026-06-03 01:02:18.682,2026-06-03 01:02:18.682,system,system,true,,
6233,620,,,Дебелина на документа,Laminating-Height,919,VALI,2026-06-03 01:02:18.685,2026-06-03 01:02:18.685,system,system,true,,
6234,621,,,Употреба,For,913,VALI,2026-06-03 01:02:18.687,2026-06-03 01:02:18.687,system,system,false,,
3547,1489,,,Захранване,Power supply,2440,VALI,2026-05-18 11:42:07.068,2026-05-18 11:42:07.068,system,system,true,,
6235,622,,,Размери,Dimension,2143,VALI,2026-06-03 01:02:18.688,2026-06-03 01:02:18.688,system,system,true,,
6236,624,,,Тип продукт,Type,920,VALI,2026-06-03 01:02:18.694,2026-06-03 01:02:18.694,system,system,false,,
6237,625,,,Размери,Dimension,1462,VALI,2026-06-03 01:02:18.695,2026-06-03 01:02:18.695,system,system,true,,
6238,626,,,Цвят,Colour,922,VALI,2026-06-03 01:02:18.700,2026-06-03 01:02:18.700,system,system,true,,
6239,627,,,Формат,Format,924,VALI,2026-06-03 01:02:18.706,2026-06-03 01:02:18.706,system,system,true,,
6240,628,,,Брой фолиа в пакет,Number,2251,VALI,2026-06-03 01:02:18.710,2026-06-03 01:02:18.710,system,system,true,,
3554,1561,,,Тип аксесоар,Accessory type,1446,VALI,2026-05-18 11:42:07.134,2026-05-18 11:42:07.134,system,system,true,,
6241,629,,,Дебелина (µ),Thickness (µ),925,VALI,2026-06-03 01:02:18.712,2026-06-03 01:02:18.712,system,system,true,,
3556,1563,,,Говорители,Speaker,1248,VALI,2026-05-18 11:42:07.143,2026-05-18 11:42:07.143,system,system,true,,
6242,635,,,Тип продукт,Product type,931,VALI,2026-06-03 01:02:18.714,2026-06-03 01:02:18.714,system,system,true,,
6243,636,,,Материал,Material,2059,VALI,2026-06-03 01:02:18.717,2026-06-03 01:02:18.717,system,system,false,,
6244,637,,,Тип,Type,559,VALI,2026-06-03 01:02:18.717,2026-06-03 01:02:18.717,system,system,true,,
6245,638,,,Материал,Material,562,VALI,2026-06-03 01:02:18.721,2026-06-03 01:02:18.721,system,system,true,,
6246,639,,,Макс. височина (cm),Max. height (cm),565,VALI,2026-06-03 01:02:18.723,2026-06-03 01:02:18.723,system,system,true,,
7091,,,output_power,Output Power,Output Power,50,ASBIS,2026-06-14 01:40:02.280,2026-06-14 01:40:02.280,system,system,true,,
7092,,,tv_features,TV Features,TV Features,50,ASBIS,2026-06-14 01:40:02.741,2026-06-14 01:40:02.741,system,system,true,,
3570,1648,,,Съвместими модели,Compatibility,1531,VALI,2026-05-18 11:42:07.192,2026-06-02 09:59:36.517,system,system,true,compatibility,
3566,1586,,,Цвят,Color,1058,VALI,2026-05-18 11:42:07.170,2026-05-18 11:42:07.170,system,system,true,,
3567,1644,,,Напрежение (V),Voltage (V),1527,VALI,2026-05-18 11:42:07.176,2026-05-18 11:42:07.176,system,system,true,,
3568,1645,,,Капацитет (mAh),Capacity (mAh),1528,VALI,2026-05-18 11:42:07.179,2026-05-18 11:42:07.179,system,system,true,,
3569,1646,,,Химически състав,Chemical composition,1529,VALI,2026-05-18 11:42:07.190,2026-05-18 11:42:07.190,system,system,true,,
3571,1650,,,Размери,Dimension,1533,VALI,2026-05-18 11:42:07.194,2026-05-18 11:42:07.194,system,system,false,,
3572,1652,,,Тип аксесоар,Type accessory,1526,VALI,2026-05-18 11:42:07.195,2026-05-18 11:42:07.195,system,system,true,,
3573,1656,,,Предназначен за,For,1312,VALI,2026-05-18 11:42:07.198,2026-05-18 11:42:07.198,system,system,false,,
3574,1659,,,Функции,Functions,1539,VALI,2026-05-18 11:42:07.199,2026-05-18 11:42:07.199,system,system,true,,
3575,1660,,,Употреба,Use,1314,VALI,2026-05-18 11:42:07.200,2026-05-18 11:42:07.200,system,system,true,,
3576,1661,,,Дължина кабел,Cable length,1540,VALI,2026-05-18 11:42:07.201,2026-05-18 11:42:07.201,system,system,false,,
3611,1821,,,Комплектът включва,Accessories,1772,VALI,2026-05-18 11:42:07.314,2026-06-02 09:59:36.517,system,system,true,accessories,
6247,640,,,Мин. височина (cm),Min. height (cm),564,VALI,2026-06-03 01:02:18.736,2026-06-03 01:02:18.736,system,system,true,,
6248,644,,,Монтиране на фотоапарат,Thread/Connection,2109,VALI,2026-06-03 01:02:18.749,2026-06-03 01:02:18.749,system,system,true,,
6249,645,,,Макс. тегло на товароносимост,Max. weight,563,VALI,2026-06-03 01:02:18.752,2026-06-03 01:02:18.752,system,system,true,,
3581,1702,,,Цвят,Color,2038,VALI,2026-05-18 11:42:07.227,2026-05-18 11:42:07.227,system,system,true,,
6250,646,,,Монтаж в шкаф,Rack-mount,372,VALI,2026-06-03 01:02:18.757,2026-06-03 01:02:18.757,system,system,false,,
6251,647,,,PoE,PoE,373,VALI,2026-06-03 01:02:18.758,2026-06-03 01:02:18.758,system,system,false,,
6252,648,,,Капацитет (GB),Capacity,235,VALI,2026-06-03 01:02:18.760,2026-06-03 01:02:18.760,system,system,true,,
6253,649,,,Трансфер на данни (MB/s),Data transfer rate (MB/s),236,VALI,2026-06-03 01:02:18.769,2026-06-03 01:02:18.769,system,system,true,,
6254,650,,,Адаптер,Adapter,239,VALI,2026-06-03 01:02:18.776,2026-06-03 01:02:18.776,system,system,false,,
6255,672,,,Интерфейс,Interface,296,VALI,2026-06-03 01:02:18.778,2026-06-03 01:02:18.778,system,system,true,,
6256,673,,,Тип,Type,295,VALI,2026-06-03 01:02:18.782,2026-06-03 01:02:18.782,system,system,true,,
6257,675,,,Трансфер на данни,Data transfer rate,297,VALI,2026-06-03 01:02:18.784,2026-06-03 01:02:18.784,system,system,true,,
6258,676,,,Размери (мм),Dimension (mm),298,VALI,2026-06-03 01:02:18.790,2026-06-03 01:02:18.790,system,system,true,,
6259,678,,,Поддържани карти,Supported cards,300,VALI,2026-06-03 01:02:18.815,2026-06-03 01:02:18.815,system,system,true,,
3593,1750,,,Обхват,Luminous Range,725,VALI,2026-05-18 11:42:07.267,2026-05-18 11:42:07.267,system,system,true,,
3594,1751,,,Употреба,Usage,715,VALI,2026-05-18 11:42:07.271,2026-05-18 11:42:07.271,system,system,true,,
6260,679,,,Тип,Type,852,VALI,2026-06-03 01:02:18.828,2026-06-03 01:02:18.828,system,system,true,,
6261,681,,,Маршрутизация IP,IP routing,941,VALI,2026-06-03 01:02:18.848,2026-06-03 01:02:18.848,system,system,true,,
6262,682,,,Сигурност,Security,939,VALI,2026-06-03 01:02:18.850,2026-06-03 01:02:18.850,system,system,true,,
3598,1761,,,Интерфейс,Interface,1639,VALI,2026-05-18 11:42:07.279,2026-05-18 11:42:07.279,system,system,true,,
3599,1764,,,Размери (мм),Size (mm),1644,VALI,2026-05-18 11:42:07.285,2026-05-18 11:42:07.285,system,system,false,,
3600,1768,,,Други,Others,2257,VALI,2026-05-18 11:42:07.289,2026-05-18 11:42:07.289,system,system,true,,
6263,683,,,Захранване,Power supply,938,VALI,2026-06-03 01:02:18.868,2026-06-03 01:02:18.868,system,system,true,,
6264,684,,,Кабели,Cables,937,VALI,2026-06-03 01:02:18.880,2026-06-03 01:02:18.880,system,system,false,,
3603,1775,,,Предназначен за,Use,927,VALI,2026-05-18 11:42:07.294,2026-05-18 11:42:07.294,system,system,true,,
3604,1778,,,Цвят,Color,1649,VALI,2026-05-18 11:42:07.295,2026-05-18 11:42:07.295,system,system,true,,
3605,1779,,,Тип,Type,1652,VALI,2026-05-18 11:42:07.300,2026-05-18 11:42:07.300,system,system,true,,
3606,1780,,,Функции,Functions,1653,VALI,2026-05-18 11:42:07.301,2026-05-18 11:42:07.301,system,system,true,,
3607,1783,,,Тип продукт,Type,1656,VALI,2026-05-18 11:42:07.302,2026-05-18 11:42:07.302,system,system,true,,
3608,1785,,,Захранване,Power supply,1658,VALI,2026-05-18 11:42:07.303,2026-05-18 11:42:07.303,system,system,true,,
6265,685,,,Чипсет,Сhipset,105,VALI,2026-06-03 01:02:18.882,2026-06-03 01:02:18.882,system,system,true,,
6266,689,,,Конектори за захранване,Power connectors,1433,VALI,2026-06-03 01:02:18.885,2026-06-03 01:02:18.885,system,system,true,,
6267,690,,,Брой слотове,Number of slots,1434,VALI,2026-06-03 01:02:18.895,2026-06-03 01:02:18.895,system,system,true,,
6268,693,,,Тип на паметта,Memory type,113,VALI,2026-06-03 01:02:18.912,2026-06-03 01:02:18.912,system,system,true,,
6269,694,,,Макс. резолюция,Max. resolution,121,VALI,2026-06-03 01:02:18.920,2026-06-03 01:02:18.920,system,system,true,,
6270,695,,,Честота процесор (MHz),CPU Frequency (MHz),107,VALI,2026-06-03 01:02:18.930,2026-06-03 01:02:18.930,system,system,false,,
6271,697,,,Вид охлаждане,Type of cooling,119,VALI,2026-06-03 01:02:19.047,2026-06-03 01:02:19.047,system,system,true,,
6272,699,,,Интерфейс,Interface,335,VALI,2026-06-03 01:02:19.059,2026-06-03 01:02:19.059,system,system,false,,
7154,,,airflow,Airflow,Airflow,50,ASBIS,2026-07-09 02:22:50.621,2026-07-09 02:22:50.621,system,system,true,,
3619,1856,,,Интерфейс,Interface,1733,VALI,2026-05-18 11:42:07.335,2026-05-18 11:42:07.335,system,system,true,,
3620,1857,,,Цвят,Color,2313,VALI,2026-05-18 11:42:07.336,2026-05-18 11:42:07.336,system,system,true,,
3621,1858,,,Тип дисплей,Display type,1728,VALI,2026-05-18 11:42:07.338,2026-05-18 11:42:07.338,system,system,true,,
3622,1860,,,Резолюция,Resolution,1732,VALI,2026-05-18 11:42:07.340,2026-05-18 11:42:07.340,system,system,true,,
3623,1872,,,Материал,"",1743,VALI,2026-05-18 11:42:07.342,2026-05-18 11:42:07.342,system,system,false,,
3624,1875,,,Конектори,Connectors,1748,VALI,2026-05-18 11:42:07.343,2026-05-18 11:42:07.343,system,system,true,,
3625,1876,,,Размери,Dimensions,1750,VALI,2026-05-18 11:42:07.345,2026-05-18 11:42:07.345,system,system,true,,
3626,1877,,,Максимална мощност,Maximum Combined Wattage,1749,VALI,2026-05-18 11:42:07.346,2026-05-18 11:42:07.346,system,system,true,,
3627,1878,,,Волтаж,Voltage,1745,VALI,2026-05-18 11:42:07.347,2026-05-18 11:42:07.347,system,system,true,,
7155,,,ventilation_range,Ventilation Range,Ventilation Range,50,ASBIS,2026-07-09 02:22:51.773,2026-07-09 02:22:51.773,system,system,true,,
3628,1880,,,Цвят,Color,1893,VALI,2026-05-18 11:42:07.349,2026-05-18 11:42:07.349,system,system,true,,
6273,700,,,Трансфер на данни (Mbps),Data transfer rate (Mbps),336,VALI,2026-06-03 01:02:19.060,2026-06-03 01:02:19.060,system,system,true,,
6274,701,,,Стандарт Wi-Fi,Standard Wi-Fi,337,VALI,2026-06-03 01:02:19.065,2026-06-03 01:02:19.065,system,system,true,,
6275,703,,,Размери (mm),Dimension (mm),339,VALI,2026-06-03 01:02:19.070,2026-06-03 01:02:19.070,system,system,true,,
6276,704,,,Други,Other,340,VALI,2026-06-03 01:02:19.073,2026-06-03 01:02:19.073,system,system,true,,
6277,705,,,Пад,Pad,893,VALI,2026-06-03 01:02:19.083,2026-06-03 01:02:19.083,system,system,true,,
6278,706,,,Модули,Modules,132,VALI,2026-06-03 01:02:19.085,2026-06-03 01:02:19.085,system,system,true,,
6279,707,,,Капацитет,Capacity,129,VALI,2026-06-03 01:02:19.089,2026-06-03 01:02:19.089,system,system,true,,
6280,709,,,Латентност,Latency,133,VALI,2026-06-03 01:02:19.096,2026-06-03 01:02:19.096,system,system,true,,
6281,710,,,Радиатор,Radiator,134,VALI,2026-06-03 01:02:19.110,2026-06-03 01:02:19.110,system,system,true,,
6282,711,,,Други,Other,2462,VALI,2026-06-03 01:02:19.112,2026-06-03 01:02:19.112,system,system,true,,
3639,1902,,,Цвят,Color,1775,VALI,2026-05-18 11:42:07.390,2026-05-18 11:42:07.390,system,system,true,,
3640,1903,,,Тип съхранение,Storage type,1251,VALI,2026-05-18 11:42:07.398,2026-05-18 11:42:07.398,system,system,true,,
3641,1906,,,Производител процесор,CPU Manufacturer,1777,VALI,2026-05-18 11:42:07.404,2026-05-18 11:42:07.404,system,system,true,,
3642,1908,,,Предназначен за,For,2042,VALI,2026-05-18 11:42:07.409,2026-05-18 11:42:07.409,system,system,true,,
6283,713,,,Слот,Interface,118,VALI,2026-06-03 01:02:19.118,2026-06-03 01:02:19.118,system,system,true,,
6284,714,,,Други характеристики,Other specifications,2364,VALI,2026-06-03 01:02:19.129,2026-06-03 01:02:19.129,system,system,false,,
6285,718,,,Тип аксесоар,Type accessory,945,VALI,2026-06-03 01:02:19.168,2026-06-03 01:02:19.168,system,system,false,,
6286,719,,,Съвместимост,Compatibility,946,VALI,2026-06-03 01:02:19.169,2026-06-03 01:02:19.169,system,system,true,,
3647,1924,,,Брой слотове,Number of slots,1153,VALI,2026-05-18 11:42:07.415,2026-05-18 11:42:07.415,system,system,true,,
3648,1926,,,Интерфейси и портове,Ports,1168,VALI,2026-05-18 11:42:07.417,2026-05-18 11:42:07.417,system,system,false,,
6287,721,,,Цвят,Colour,949,VALI,2026-06-03 01:02:19.171,2026-06-03 01:02:19.171,system,system,true,,
3650,1955,,,Тип,Type,146,VALI,2026-05-18 11:42:07.441,2026-05-18 11:42:07.441,system,system,true,,
3651,1957,,,Размери,Dimensions,1825,VALI,2026-05-18 11:42:07.442,2026-05-18 11:42:07.442,system,system,true,,
6288,722,,,Други,Other,950,VALI,2026-06-03 01:02:19.190,2026-06-03 01:02:19.190,system,system,true,,
6289,723,,,Размери (мм),Dimension (mm),947,VALI,2026-06-03 01:02:19.203,2026-06-03 01:02:19.203,system,system,false,,
6290,725,,,Честота (GHz),Frequency (GHz),341,VALI,2026-06-03 01:02:19.360,2026-06-03 01:02:19.360,system,system,false,,
5752,,,recommended_workpiece_weight,Препоръчително тегло на детайла,Recommended Workpiece Weight,50,ASBIS,2026-05-19 15:49:20.856,2026-05-19 15:49:20.856,system,system,true,,
6291,727,,,Сигурност,Security,343,VALI,2026-06-03 01:02:19.364,2026-06-03 01:02:19.364,system,system,true,,
6292,728,,,Буфер (MB),Cache (MB),48,VALI,2026-06-03 01:02:19.368,2026-06-03 01:02:19.368,system,system,true,,
6293,729,,,Скорост на четене DVD-ROM,Read Speed DVD-ROM,56,VALI,2026-06-03 01:02:19.378,2026-06-03 01:02:19.378,system,system,true,,
6294,730,,,Скорост на запис DVD-R,Write Speed DVD-R,57,VALI,2026-06-03 01:02:19.383,2026-06-03 01:02:19.383,system,system,true,,
6295,731,,,Интерфейс,Interface,49,VALI,2026-06-03 01:02:19.390,2026-06-03 01:02:19.390,system,system,true,,
6296,732,,,ОС,OS,68,VALI,2026-06-03 01:02:19.406,2026-06-03 01:02:19.406,system,system,true,,
6297,734,,,Време за достъп DVD-ROM (ms),Access time DVD-ROM (ms),51,VALI,2026-06-03 01:02:19.433,2026-06-03 01:02:19.433,system,system,true,,
6298,735,,,Скорост на запис DVD+RW,Write Speed DVD+RW,60,VALI,2026-06-03 01:02:19.439,2026-06-03 01:02:19.439,system,system,true,,
6299,736,,,Време за достъп CD-ROM (ms),Access time CD-ROM (ms),50,VALI,2026-06-03 01:02:19.441,2026-06-03 01:02:19.441,system,system,true,,
3665,2001,,,Цвят,Color,1868,VALI,2026-05-18 11:42:07.478,2026-05-18 11:42:07.478,system,system,true,,
3666,2003,,,Тип продукт.,Product type,489,VALI,2026-05-18 11:42:07.481,2026-05-18 11:42:07.481,system,system,true,,
6300,738,,,Цвят,Colour,2494,VALI,2026-06-03 01:02:19.446,2026-06-03 01:02:19.446,system,system,true,,
6301,739,,,Скорост на запис DVD-RW,Write Speed DVD-RW,59,VALI,2026-06-03 01:02:19.449,2026-06-03 01:02:19.449,system,system,true,,
6302,740,,,Скорост на запис DVD+R,Write Speed DVD+R,58,VALI,2026-06-03 01:02:19.452,2026-06-03 01:02:19.452,system,system,true,,
6303,741,,,Размери (мм),Dimension (mm),1442,VALI,2026-06-03 01:02:19.465,2026-06-03 01:02:19.465,system,system,true,,
6304,742,,,Скорост на запис CD-R,Write Speed CD-R,54,VALI,2026-06-03 01:02:19.477,2026-06-03 01:02:19.477,system,system,true,,
6305,743,,,Скорост на запис CD-RW,Write Speed CD-RW,55,VALI,2026-06-03 01:02:19.480,2026-06-03 01:02:19.480,system,system,true,,
6306,744,,,Скорост на четене BD-ROM,Read Speed BD-ROM,62,VALI,2026-06-03 01:02:19.488,2026-06-03 01:02:19.488,system,system,true,,
6307,745,,,Скорост на запис BD-R,Write Speed BD-R,63,VALI,2026-06-03 01:02:19.491,2026-06-03 01:02:19.491,system,system,true,,
6308,746,,,Скорост на запис BD-R DL,Write Speed BD-R DL,64,VALI,2026-06-03 01:02:19.494,2026-06-03 01:02:19.494,system,system,true,,
6309,747,,,Скорост на запис BD-R LTH,Write Speed BD-R LTH,65,VALI,2026-06-03 01:02:19.497,2026-06-03 01:02:19.497,system,system,true,,
6310,748,,,Скорост на запис BD-RE,Write Speed BD-RE,66,VALI,2026-06-03 01:02:19.500,2026-06-03 01:02:19.500,system,system,true,,
6311,749,,,Скорост на запис BD-RE DL,Write Speed BD-RE DL,67,VALI,2026-06-03 01:02:19.502,2026-06-03 01:02:19.502,system,system,true,,
6312,750,,,Скорост на четене CD-ROM,Read Speed CD-ROM,53,VALI,2026-06-03 01:02:19.504,2026-06-03 01:02:19.504,system,system,true,,
6313,751,,,Dual Layer,Dual Layer,61,VALI,2026-06-03 01:02:19.507,2026-06-03 01:02:19.507,system,system,true,,
6314,752,,,Мин. диагонал,Min. Diagonal,952,VALI,2026-06-03 01:02:19.510,2026-06-03 01:02:19.510,system,system,true,,
6315,753,,,Макс. диагонал,Max. Diagonal,953,VALI,2026-06-03 01:02:19.514,2026-06-03 01:02:19.514,system,system,true,,
6316,754,,,Интерфейс,Interface,954,VALI,2026-06-03 01:02:19.530,2026-06-03 01:02:19.530,system,system,true,,
3684,2040,,,Цвят,Color,1911,VALI,2026-05-18 11:42:07.528,2026-05-18 11:42:07.528,system,system,true,,
6317,755,,,Материал,Material,955,VALI,2026-06-03 01:02:19.533,2026-06-03 01:02:19.533,system,system,true,,
3693,2064,,,Съвместим бранд,Brand,1931,VALI,2026-05-18 11:42:07.566,2026-06-02 09:59:36.517,system,system,true,brand,
3733,2179,,,Функции.,Functions,1212,VALI,2026-05-18 11:42:07.673,2026-06-02 09:59:36.518,system,system,true,functions,
3694,2065,,,Съвместими модели,Compatible models,1932,VALI,2026-05-18 11:42:07.569,2026-05-18 11:42:07.569,system,system,false,,
3695,2066,,,Тип батерия,Battery type,1933,VALI,2026-05-18 11:42:07.571,2026-05-18 11:42:07.571,system,system,true,,
3696,2067,,,Капацитет,Capacity,1934,VALI,2026-05-18 11:42:07.572,2026-05-18 11:42:07.572,system,system,true,,
6318,756,,,Ниво на шум (dB),Noise Level (dB),956,VALI,2026-06-03 01:02:19.542,2026-06-03 01:02:19.542,system,system,true,,
6319,757,,,Размери вентилатор,Fan dimensions,957,VALI,2026-06-03 01:02:19.565,2026-06-03 01:02:19.565,system,system,true,,
6320,759,,,Скорост на въртене (об/мин),Fan Speed,958,VALI,2026-06-03 01:02:19.586,2026-06-03 01:02:19.586,system,system,true,,
6321,760,,,Поток навъздух (CFM),CFM,959,VALI,2026-06-03 01:02:19.599,2026-06-03 01:02:19.599,system,system,true,,
6322,761,,,Цвят,Colour,961,VALI,2026-06-03 01:02:19.620,2026-06-03 01:02:19.620,system,system,true,,
5766,,,working_radius,Работен радиус,Working Radius,50,ASBIS,2026-05-19 15:49:20.901,2026-05-19 15:49:20.901,system,system,true,,
6323,762,,,Размери,Dimension,962,VALI,2026-06-03 01:02:19.625,2026-06-03 01:02:19.625,system,system,false,,
6324,764,,,Други,Other,964,VALI,2026-06-03 01:02:19.664,2026-06-03 01:02:19.664,system,system,true,,
6325,765,,,Напрежение (V),Voltage (V),960,VALI,2026-06-03 01:02:19.681,2026-06-03 01:02:19.681,system,system,true,,
6326,766,,,Тип аксесоар,Type accessory,951,VALI,2026-06-03 01:02:19.683,2026-06-03 01:02:19.683,system,system,true,,
6327,767,,,Капацитет на мощност,Capacity,184,VALI,2026-06-03 01:02:19.684,2026-06-03 01:02:19.684,system,system,true,,
6328,768,,,Размери (мм),Dimension (mm),192,VALI,2026-06-03 01:02:19.691,2026-06-03 01:02:19.691,system,system,true,,
6329,769,,,Входни конектори,Input Connections,187,VALI,2026-06-03 01:02:19.697,2026-06-03 01:02:19.697,system,system,true,,
3710,2099,,,Капацитет,Capacity,1967,VALI,2026-05-18 11:42:07.619,2026-05-18 11:42:07.619,system,system,true,,
3711,2101,,,Трансфер на данни,Data transfer,2359,VALI,2026-05-18 11:42:07.628,2026-05-18 11:42:07.628,system,system,true,,
3712,2102,,,Размери,Dimensions,2360,VALI,2026-05-18 11:42:07.628,2026-05-18 11:42:07.628,system,system,true,,
6330,779,,,Изходно напрежение,Output Voltage,186,VALI,2026-06-03 01:02:19.714,2026-06-03 01:02:19.714,system,system,true,,
6331,795,,,Диагонал дисплей (cm),Screen Size,977,VALI,2026-06-03 01:02:19.718,2026-06-03 01:02:19.718,system,system,true,,
3716,2107,,,Употреба,Application,2319,VALI,2026-05-18 11:42:07.635,2026-05-18 11:42:07.635,system,system,true,,
6332,796,,,Вид телевизор.,Type,979,VALI,2026-06-03 01:02:19.726,2026-06-03 01:02:19.726,system,system,true,,
3718,2109,,,Цвят,Color,2435,VALI,2026-05-18 11:42:07.637,2026-05-18 11:42:07.637,system,system,true,,
3719,2113,,,Цвят.,Color,1979,VALI,2026-05-18 11:42:07.641,2026-05-18 11:42:07.641,system,system,true,,
6333,799,,,Качество на изображението.,Image quality,980,VALI,2026-06-03 01:02:19.728,2026-06-03 01:02:19.728,system,system,true,,
6334,801,,,VESA,VESA,2301,VALI,2026-06-03 01:02:19.732,2026-06-03 01:02:19.732,system,system,true,,
6335,802,,,Размери,Dimension,2303,VALI,2026-06-03 01:02:19.740,2026-06-03 01:02:19.740,system,system,true,,
3723,2126,,,Тип продукт,Product type,1990,VALI,2026-05-18 11:42:07.652,2026-05-18 11:42:07.652,system,system,true,,
3724,2127,,,Материал,Material,1991,VALI,2026-05-18 11:42:07.653,2026-05-18 11:42:07.653,system,system,true,,
3725,2128,,,Предназначен за,For,1992,VALI,2026-05-18 11:42:07.656,2026-05-18 11:42:07.656,system,system,true,,
6337,805,,,Яркост,Brightness,989,VALI,2026-06-03 01:02:19.767,2026-06-03 01:02:19.767,system,system,true,,
6338,808,,,Визуален ъгъл,View Angles,984,VALI,2026-06-03 01:02:19.776,2026-06-03 01:02:19.776,system,system,true,,
6339,811,,,Цвят,Colour,2302,VALI,2026-06-03 01:02:19.778,2026-06-03 01:02:19.778,system,system,true,,
6340,815,,,Резолюция.,Resolution,981,VALI,2026-06-03 01:02:19.785,2026-06-03 01:02:19.785,system,system,true,,
6341,824,,,Тип продукт,Type accessory,568,VALI,2026-06-03 01:02:19.787,2026-06-03 01:02:19.787,system,system,true,,
6342,826,,,Предназначен за,For,571,VALI,2026-06-03 01:02:19.789,2026-06-03 01:02:19.789,system,system,true,,
6343,827,,,Материал,Material,572,VALI,2026-06-03 01:02:19.793,2026-06-03 01:02:19.793,system,system,true,,
6344,829,,,Размери,Dimension,570,VALI,2026-06-03 01:02:19.797,2026-06-03 01:02:19.797,system,system,true,,
6345,831,,,Цвят,Colour,574,VALI,2026-06-03 01:02:19.816,2026-06-03 01:02:19.816,system,system,true,,
6346,861,,,Тип,Type,263,VALI,2026-06-03 01:02:19.824,2026-06-03 01:02:19.824,system,system,true,,
6347,862,,,Резолюция (dpi),Resolution (dpi),267,VALI,2026-06-03 01:02:19.827,2026-06-03 01:02:19.827,system,system,true,,
6348,863,,,Интерфейс,Interface,268,VALI,2026-06-03 01:02:19.862,2026-06-03 01:02:19.862,system,system,true,,
6349,864,,,Технология,Technology,265,VALI,2026-06-03 01:02:19.869,2026-06-03 01:02:19.869,system,system,true,,
6350,865,,,Приемник,Interface receiver,270,VALI,2026-06-03 01:02:19.871,2026-06-03 01:02:19.871,system,system,true,,
6351,866,,,Размери (мм),Dimension (mm),272,VALI,2026-06-03 01:02:19.873,2026-06-03 01:02:19.873,system,system,false,,
6352,868,,,Други,Other,1590,VALI,2026-06-03 01:02:19.973,2026-06-03 01:02:19.973,system,system,true,,
6353,869,,,Цвят,Colour,271,VALI,2026-06-03 01:02:20.000,2026-06-03 01:02:20.000,system,system,true,,
6354,885,,,Бутони/Скрол,Buttons/Scroll Wheel,264,VALI,2026-06-03 01:02:20.036,2026-06-03 01:02:20.036,system,system,true,,
3746,2203,,,Материал,Material,1117,VALI,2026-05-18 11:42:07.698,2026-05-18 11:42:07.698,system,system,true,,
6355,888,,,Тип памет,Memory type,24,VALI,2026-06-03 01:02:20.043,2026-06-03 01:02:20.043,system,system,true,,
3748,2209,,,Батерия,Battery,2071,VALI,2026-05-18 11:42:07.702,2026-05-18 11:42:07.702,system,system,true,,
3749,2211,,,Предназначен за,For,2069,VALI,2026-05-18 11:42:07.703,2026-05-18 11:42:07.703,system,system,false,,
6356,890,,,Тип аксесоар,Type accessory,381,VALI,2026-06-03 01:02:20.062,2026-06-03 01:02:20.062,system,system,true,,
6357,891,,,Конектори,Connectors,384,VALI,2026-06-03 01:02:20.066,2026-06-03 01:02:20.066,system,system,true,,
6358,892,,,Дължина (м),Cable Length (m),385,VALI,2026-06-03 01:02:20.070,2026-06-03 01:02:20.070,system,system,true,,
3754,2221,,,Цвят,Color,2083,VALI,2026-05-18 11:42:07.708,2026-05-18 11:42:07.708,system,system,true,,
3755,2222,,,Материал,Material,2082,VALI,2026-05-18 11:42:07.711,2026-05-18 11:42:07.711,system,system,true,,
3756,2223,,,Съдържание пакет,What's in the Box,2085,VALI,2026-05-18 11:42:07.715,2026-05-18 11:42:07.715,system,system,true,,
3757,2224,,,Тип продукт,Product type,2105,VALI,2026-05-18 11:42:07.717,2026-05-18 11:42:07.717,system,system,true,,
6359,893,,,Тип кабел,Cable type,382,VALI,2026-06-03 01:02:20.125,2026-06-03 01:02:20.125,system,system,true,,
6360,894,,,Други,Other,2491,VALI,2026-06-03 01:02:20.130,2026-06-03 01:02:20.130,system,system,true,,
3760,2231,,,Тип рамка,Frame type,2095,VALI,2026-05-18 11:42:07.720,2026-05-18 11:42:07.720,system,system,true,,
3761,2235,,,За,For,2155,VALI,2026-05-18 11:42:07.722,2026-05-18 11:42:07.722,system,system,true,,
6361,895,,,Качество,Quality,386,VALI,2026-06-03 01:02:20.132,2026-06-03 01:02:20.132,system,system,true,,
6362,907,,,Тип продукт,Product type,445,VALI,2026-06-03 01:02:20.137,2026-06-03 01:02:20.137,system,system,true,,
3764,2244,,,Предназначен за,For,2081,VALI,2026-05-18 11:42:07.728,2026-05-18 11:42:07.728,system,system,true,,
6363,908,,,Мрежова връзка,LAN,449,VALI,2026-06-03 01:02:20.139,2026-06-03 01:02:20.139,system,system,true,,
6364,909,,,Функции,Functions,450,VALI,2026-06-03 01:02:20.153,2026-06-03 01:02:20.153,system,system,true,,
6365,910,,,Размери (мм),Dimension (mm),2021,VALI,2026-06-03 01:02:20.159,2026-06-03 01:02:20.159,system,system,true,,
6366,911,,,Видео формати,Video file formats,451,VALI,2026-06-03 01:02:20.171,2026-06-03 01:02:20.171,system,system,true,,
6367,912,,,Аудио формати,Audio file formats,452,VALI,2026-06-03 01:02:20.201,2026-06-03 01:02:20.201,system,system,true,,
6368,913,,,Фото формати,Picture file formats,453,VALI,2026-06-03 01:02:20.220,2026-06-03 01:02:20.220,system,system,true,,
6369,914,,,Субтитри,Subtitles,454,VALI,2026-06-03 01:02:20.222,2026-06-03 01:02:20.222,system,system,true,,
3772,2268,,,Логически ядра,Number of Threads,1140,VALI,2026-05-18 11:42:07.777,2026-05-18 11:42:07.777,system,system,true,,
6370,915,,,Модел Процесор,Model CPU,447,VALI,2026-06-03 01:02:20.228,2026-06-03 01:02:20.228,system,system,true,,
6371,916,,,Свързване,Connection,455,VALI,2026-06-03 01:02:20.243,2026-06-03 01:02:20.243,system,system,true,,
5777,,,repeat_accuracy_swiveling,Повторна точност (въртене)(±),Repeat Accuracy (swiveling)(±),50,ASBIS,2026-05-19 15:49:20.915,2026-05-19 15:49:20.915,system,system,true,,
6372,917,,,Други,Other,2022,VALI,2026-06-03 01:02:20.264,2026-06-03 01:02:20.264,system,system,true,,
6373,918,,,Mощност RMS,Total power RMS,211,VALI,2026-06-03 01:02:20.274,2026-06-03 01:02:20.274,system,system,false,,
6374,920,,,Честотен обхват,Frequency Response,216,VALI,2026-06-03 01:02:20.309,2026-06-03 01:02:20.309,system,system,true,,
6375,928,,,Чувствителност (dB),Sensitivity (dB),213,VALI,2026-06-03 01:02:20.341,2026-06-03 01:02:20.341,system,system,true,,
6376,931,,,Екстри,Extras,2400,VALI,2026-06-03 01:02:20.350,2026-06-03 01:02:20.350,system,system,true,,
6377,949,,,Монтаж в шкаф,Rack-mount,943,VALI,2026-06-03 01:02:20.376,2026-06-03 01:02:20.376,system,system,true,,
6378,950,,,Размери,Dimension,1808,VALI,2026-06-03 01:02:20.384,2026-06-03 01:02:20.384,system,system,false,,
6379,952,,,Други,Other,2496,VALI,2026-06-03 01:02:20.429,2026-06-03 01:02:20.429,system,system,true,,
3784,2293,,,Други,Others,2151,VALI,2026-05-18 11:42:07.809,2026-05-18 11:42:07.809,system,system,true,,
3785,2297,,,Тип.,Type,1977,VALI,2026-05-18 11:42:07.810,2026-05-18 11:42:07.810,system,system,false,,
6380,955,,,Консумация (W),Power consumption (W),944,VALI,2026-06-03 01:02:20.432,2026-06-03 01:02:20.432,system,system,false,,
6382,958,,,Тип,Type,274,VALI,2026-06-03 01:02:20.475,2026-06-03 01:02:20.475,system,system,false,,
3789,2305,,,Съвместим бранд,Compatible brand,2162,VALI,2026-05-18 11:42:07.819,2026-05-18 11:42:07.819,system,system,false,,
3790,2306,,,Предназначен за,Purpose,2163,VALI,2026-05-18 11:42:07.823,2026-05-18 11:42:07.823,system,system,true,,
6383,959,,,Покритие,Cover,276,VALI,2026-06-03 01:02:20.476,2026-06-03 01:02:20.476,system,system,true,,
6384,960,,,Размери,Dimension,277,VALI,2026-06-03 01:02:20.483,2026-06-03 01:02:20.483,system,system,true,,
6385,970,,,Тип аксесоар,Type accessory,592,VALI,2026-06-03 01:02:20.506,2026-06-03 01:02:20.506,system,system,true,,
6386,971,,,Съвместими телефони,Compatible phones,594,VALI,2026-06-03 01:02:20.511,2026-06-03 01:02:20.511,system,system,false,,
6387,972,,,Цвят,Colour,597,VALI,2026-06-03 01:02:20.549,2026-06-03 01:02:20.549,system,system,true,,
6388,973,,,Материал,Material,595,VALI,2026-06-03 01:02:20.560,2026-06-03 01:02:20.560,system,system,true,,
6389,974,,,Други,Other,1684,VALI,2026-06-03 01:02:20.566,2026-06-03 01:02:20.566,system,system,false,,
6390,975,,,Портове.,Ports,933,VALI,2026-06-03 01:02:20.567,2026-06-03 01:02:20.567,system,system,false,,
6391,976,,,Размери (мм),Dimension (mm),596,VALI,2026-06-03 01:02:20.605,2026-06-03 01:02:20.605,system,system,true,,
6392,994,,,Трансфер на данни - четене (MB/s),Data transfer rate - read (MB/s),237,VALI,2026-06-03 01:02:20.610,2026-06-03 01:02:20.610,system,system,true,,
3801,2328,,,Други,Others,2185,VALI,2026-05-18 11:42:07.896,2026-05-18 11:42:07.896,system,system,true,,
6393,995,,,Трансфер на данни - запис (MB/s),Data transfer rate - write (MB/s),238,VALI,2026-06-03 01:02:20.623,2026-06-03 01:02:20.623,system,system,true,,
6394,997,,,Тип аксесоар,Type accessory,1077,VALI,2026-06-03 01:02:20.637,2026-06-03 01:02:20.637,system,system,true,,
6395,998,,,Тип конектор 1,Connector type 1,1079,VALI,2026-06-03 01:02:20.639,2026-06-03 01:02:20.639,system,system,true,,
6396,999,,,Тип конектор 2,Connector type 2,1080,VALI,2026-06-03 01:02:20.643,2026-06-03 01:02:20.643,system,system,true,,
6397,1000,,,Дължина (м),Length (m),1081,VALI,2026-06-03 01:02:20.650,2026-06-03 01:02:20.650,system,system,true,,
6398,1001,,,Други,Other,2160,VALI,2026-06-03 01:02:20.656,2026-06-03 01:02:20.656,system,system,true,,
3808,2340,,,Цвят,Color,2418,VALI,2026-05-18 11:42:07.931,2026-05-18 11:42:07.931,system,system,true,,
6399,1002,,,Сечение проводник,Wire Cross-Section,1082,VALI,2026-06-03 01:02:20.659,2026-06-03 01:02:20.659,system,system,true,,
6400,1003,,,Тип аксесоар,Type accessory,1083,VALI,2026-06-03 01:02:20.661,2026-06-03 01:02:20.661,system,system,false,,
6401,1005,,,Изходно напрежение (V),Output Voltage (V),1086,VALI,2026-06-03 01:02:20.663,2026-06-03 01:02:20.663,system,system,true,,
6402,1006,,,Модел лаптоп,Laptop model,1088,VALI,2026-06-03 01:02:20.677,2026-06-03 01:02:20.677,system,system,true,,
6403,1007,,,Капацитет,Capacity,1089,VALI,2026-06-03 01:02:20.679,2026-06-03 01:02:20.679,system,system,true,,
6404,1010,,,Размери (мм),Dimension (mm),1577,VALI,2026-06-03 01:02:20.706,2026-06-03 01:02:20.706,system,system,true,,
3849,2411,,,Материал,Material,2266,VALI,2026-05-18 11:42:08.136,2026-06-02 09:59:36.518,system,system,true,material,
3856,2425,,,ОС,OS,2284,VALI,2026-05-18 11:42:08.152,2026-06-02 09:59:36.518,system,system,true,os,
6405,1012,,,Други,Other,1834,VALI,2026-06-03 01:02:20.718,2026-06-03 01:02:20.718,system,system,true,,
6406,1013,,,Конектори,Connectors (mm),1092,VALI,2026-06-03 01:02:20.722,2026-06-03 01:02:20.722,system,system,true,,
6407,1014,,,Цвят,Colour,1833,VALI,2026-06-03 01:02:20.725,2026-06-03 01:02:20.725,system,system,true,,
5783,,,cable_connecting_the_teaching_remote_control,Кабел за устройството за обучение,Cable Connecting the Teaching Remote Control,50,ASBIS,2026-05-19 15:49:20.920,2026-05-19 15:49:20.920,system,system,true,,
6408,1015,,,Размери разрез (мм),Cut Length (mm),1096,VALI,2026-06-03 01:02:20.727,2026-06-03 01:02:20.727,system,system,true,,
6409,1016,,,Формат,Sheet Format,1097,VALI,2026-06-03 01:02:20.728,2026-06-03 01:02:20.728,system,system,true,,
6410,1018,,,Включени остриета,Included blades,1099,VALI,2026-06-03 01:02:20.730,2026-06-03 01:02:20.730,system,system,false,,
6411,1019,,,Други,Other,2149,VALI,2026-06-03 01:02:20.731,2026-06-03 01:02:20.731,system,system,true,,
6412,1020,,,Размери (мм),Dimension (mm),1100,VALI,2026-06-03 01:02:20.732,2026-06-03 01:02:20.732,system,system,false,,
6413,1021,,,Капацитет на рязане,Capacity,2148,VALI,2026-06-03 01:02:20.733,2026-06-03 01:02:20.733,system,system,true,,
6414,1045,,,Мин. диагонал (инча),Screen Size min. (inch),528,VALI,2026-06-03 01:02:20.735,2026-06-03 01:02:20.735,system,system,true,,
5791,,,teaching_remote_controller_model_name,Модел на устройството за обучение,Teaching Remote Controller Model Name,50,ASBIS,2026-05-19 15:49:20.933,2026-05-19 15:49:20.933,system,system,true,,
3831,2379,,,Тип охлаждане,Cooling type,2236,VALI,2026-05-18 11:42:08.053,2026-05-18 11:42:08.053,system,system,true,,
3832,2381,,,Скорост на въртене,Rotation speed,2238,VALI,2026-05-18 11:42:08.056,2026-05-18 11:42:08.056,system,system,true,,
3833,2383,,,Ниво на шум,Noise level,2240,VALI,2026-05-18 11:42:08.059,2026-05-18 11:42:08.059,system,system,true,,
3834,2384,,,Мощност,Power,2241,VALI,2026-05-18 11:42:08.062,2026-05-18 11:42:08.062,system,system,true,,
3835,2385,,,Видео чипсет,Video chipset,2242,VALI,2026-05-18 11:42:08.077,2026-05-18 11:42:08.077,system,system,true,,
3836,2386,,,Модел видео карта,Compatible video cards,2243,VALI,2026-05-18 11:42:08.080,2026-05-18 11:42:08.080,system,system,true,,
3837,2390,,,Тип лиценз,Type of license,1895,VALI,2026-05-18 11:42:08.088,2026-05-18 11:42:08.088,system,system,true,,
6415,1046,,,Монтиране на,Mounting,2388,VALI,2026-06-03 01:02:20.742,2026-06-03 01:02:20.742,system,system,true,,
6416,1047,,,Качество,Quality,2170,VALI,2026-06-03 01:02:20.745,2026-06-03 01:02:20.745,system,system,true,,
6417,1062,,,Материал,Material,1131,VALI,2026-06-03 01:02:20.754,2026-06-03 01:02:20.754,system,system,true,,
6418,1063,,,Цвят,Colour,2147,VALI,2026-06-03 01:02:20.756,2026-06-03 01:02:20.756,system,system,true,,
3842,2399,,,Съдържание,Package contents,2255,VALI,2026-05-18 11:42:08.121,2026-05-18 11:42:08.121,system,system,true,,
6419,1065,,,Интерфейс,Interface,2393,VALI,2026-06-03 01:02:20.758,2026-06-03 01:02:20.758,system,system,true,,
3844,2403,,,Съдържание,Contents,103,VALI,2026-05-18 11:42:08.130,2026-05-18 11:42:08.130,system,system,true,,
6420,1117,,,Тип аксесоар,Type accessory,623,VALI,2026-06-03 01:02:20.778,2026-06-03 01:02:20.778,system,system,true,,
6421,1118,,,Съвместими телефони,Compatible phones,625,VALI,2026-06-03 01:02:20.786,2026-06-03 01:02:20.786,system,system,false,,
6422,1119,,,Материал,Material,626,VALI,2026-06-03 01:02:20.787,2026-06-03 01:02:20.787,system,system,true,,
3848,2410,,,Цвят,Color,2244,VALI,2026-05-18 11:42:08.134,2026-05-18 11:42:08.134,system,system,false,,
6423,1121,,,Цвят,Colour,1646,VALI,2026-06-03 01:02:20.790,2026-06-03 01:02:20.790,system,system,true,,
6424,1122,,,Други,Other,1696,VALI,2026-06-03 01:02:20.795,2026-06-03 01:02:20.795,system,system,true,,
6425,1123,,,Тип аксесоар,Type accessory,1186,VALI,2026-06-03 01:02:20.806,2026-06-03 01:02:20.806,system,system,true,,
6426,1124,,,Съвместимост,Compatibility,1187,VALI,2026-06-03 01:02:20.808,2026-06-03 01:02:20.808,system,system,false,,
6427,1125,,,Цвят,Colour,1189,VALI,2026-06-03 01:02:20.809,2026-06-03 01:02:20.809,system,system,true,,
6428,1126,,,Други,Other,1190,VALI,2026-06-03 01:02:20.814,2026-06-03 01:02:20.814,system,system,false,,
6429,1127,,,Диагонал (инча),Screen Size (inch),1188,VALI,2026-06-03 01:02:20.815,2026-06-03 01:02:20.815,system,system,true,,
6430,1131,,,Дължина (м),Length (m),552,VALI,2026-06-03 01:02:20.821,2026-06-03 01:02:20.821,system,system,true,,
6431,1136,,,Тип тонколонка,Type,208,VALI,2026-06-03 01:02:20.823,2026-06-03 01:02:20.823,system,system,true,,
6432,1138,,,Свързаност.,Connectors,600,VALI,2026-06-03 01:02:20.826,2026-06-03 01:02:20.826,system,system,true,,
6433,1139,,,Обхват.,Wireless Range,607,VALI,2026-06-03 01:02:20.834,2026-06-03 01:02:20.834,system,system,true,,
6434,1141,,,Чувствителност (dB),Signal to noise ratio (dB),1789,VALI,2026-06-03 01:02:20.836,2026-06-03 01:02:20.836,system,system,true,,
6435,1142,,,Батерия,Battery,603,VALI,2026-06-03 01:02:20.840,2026-06-03 01:02:20.840,system,system,false,,
6436,1144,,,Размери (мм),Dimension (mm),1980,VALI,2026-06-03 01:02:20.867,2026-06-03 01:02:20.867,system,system,false,,
6437,1145,,,Мощност RMS (W),RMS (W),609,VALI,2026-06-03 01:02:20.936,2026-06-03 01:02:20.936,system,system,true,,
3876,2454,,,Процесор,Processor,1729,VALI,2026-05-18 11:42:08.218,2026-05-18 11:42:08.218,system,system,true,,
3877,2457,,,Аудио,Audio,2309,VALI,2026-05-18 11:42:08.219,2026-05-18 11:42:08.219,system,system,true,,
3879,2460,,,Свързване,Wireless connection,2315,VALI,2026-05-18 11:42:08.221,2026-05-18 11:42:08.221,system,system,true,,
3914,2531,,,Тип,Type,137,VALI,2026-05-18 11:42:08.405,2026-06-02 09:59:36.518,system,system,true,type,
6438,1146,,,Честотна лента,Frequency Response,1976,VALI,2026-06-03 01:02:20.957,2026-06-03 01:02:20.957,system,system,true,,
6439,1147,,,Тип колонка.,Type,599,VALI,2026-06-03 01:02:20.972,2026-06-03 01:02:20.972,system,system,true,,
6440,1148,,,Други,Other,2112,VALI,2026-06-03 01:02:20.975,2026-06-03 01:02:20.975,system,system,true,,
6441,1153,,,Bluetooth версия,Bluetooth version,210,VALI,2026-06-03 01:02:20.982,2026-06-03 01:02:20.982,system,system,true,,
6442,1166,,,Тип продукт.,Product type,1192,VALI,2026-06-03 01:02:20.987,2026-06-03 01:02:20.987,system,system,true,,
6443,1167,,,Съвместимост.,Compatibility,1194,VALI,2026-06-03 01:02:20.992,2026-06-03 01:02:20.992,system,system,true,,
6444,1168,,,Захранване,Power Supply,1195,VALI,2026-06-03 01:02:21.002,2026-06-03 01:02:21.002,system,system,true,,
6445,1169,,,Дължина кабел,Cable Length,1197,VALI,2026-06-03 01:02:21.004,2026-06-03 01:02:21.004,system,system,true,,
6446,1170,,,Технология.,Technology,1193,VALI,2026-06-03 01:02:21.006,2026-06-03 01:02:21.006,system,system,true,,
6447,1171,,,Вибрации,Vibration,1198,VALI,2026-06-03 01:02:21.008,2026-06-03 01:02:21.008,system,system,true,,
6448,1172,,,Цвят.,Colour,1191,VALI,2026-06-03 01:02:21.010,2026-06-03 01:02:21.010,system,system,true,,
6449,1173,,,Обхват на действие (м),Max. Range (m),1199,VALI,2026-06-03 01:02:21.016,2026-06-03 01:02:21.016,system,system,true,,
6450,1174,,,Цвят.,Colour,2075,VALI,2026-06-03 01:02:21.018,2026-06-03 01:02:21.018,system,system,true,,
6451,1175,,,Тип батерия,Battery type,1196,VALI,2026-06-03 01:02:21.038,2026-06-03 01:02:21.038,system,system,true,,
5805,,,minimum_input_frequency,Минимална входна честота,Minimum Input Frequency,50,ASBIS,2026-05-24 01:08:29.378,2026-05-24 01:08:29.378,system,system,true,,
6452,1176,,,Интерфейс,Connectors,1200,VALI,2026-06-03 01:02:21.044,2026-06-03 01:02:21.044,system,system,true,,
6453,1177,,,Операционна система,Operating system,1201,VALI,2026-06-03 01:02:21.048,2026-06-03 01:02:21.048,system,system,true,,
6454,1192,,,Други,Other,652,VALI,2026-06-03 01:02:21.051,2026-06-03 01:02:21.051,system,system,false,,
3899,2505,,,Екстри,Extras,2363,VALI,2026-05-18 11:42:08.268,2026-05-18 11:42:08.268,system,system,true,,
3900,2506,,,Цвят,Color,2361,VALI,2026-05-18 11:42:08.273,2026-05-18 11:42:08.273,system,system,true,,
6455,1193,,,Технология дисплей,Technology,457,VALI,2026-06-03 01:02:21.052,2026-06-03 01:02:21.052,system,system,false,,
6456,1194,,,Максимална памет,Max. capacity memory,467,VALI,2026-06-03 01:02:21.053,2026-06-03 01:02:21.053,system,system,true,,
6457,1197,,,Други,Other,2248,VALI,2026-06-03 01:02:21.056,2026-06-03 01:02:21.056,system,system,true,,
6458,1205,,,Тип продукт.,Type accessory,537,VALI,2026-06-03 01:02:21.085,2026-06-03 01:02:21.085,system,system,true,,
3905,2514,,,Тип продукт,Product type,2368,VALI,2026-05-18 11:42:08.351,2026-05-18 11:42:08.351,system,system,true,,
3906,2515,,,Материал,Material,2369,VALI,2026-05-18 11:42:08.353,2026-05-18 11:42:08.353,system,system,true,,
3907,2516,,,Цвят,Color,2370,VALI,2026-05-18 11:42:08.367,2026-05-18 11:42:08.367,system,system,true,,
3908,2517,,,Капацитет,Capacity,2371,VALI,2026-05-18 11:42:08.370,2026-05-18 11:42:08.370,system,system,true,,
3909,2518,,,Ефективност,Efficiency,11,VALI,2026-05-18 11:42:08.371,2026-05-18 11:42:08.371,system,system,true,,
6459,1206,,,Тип конектор 1.,Connector type 1,540,VALI,2026-06-03 01:02:21.087,2026-06-03 01:02:21.087,system,system,true,,
6460,1207,,,Тип конектор 2.,Connector type 2,541,VALI,2026-06-03 01:02:21.099,2026-06-03 01:02:21.099,system,system,true,,
6461,1219,,,Други,Other,36,VALI,2026-06-03 01:02:21.111,2026-06-03 01:02:21.111,system,system,true,,
6462,1221,,,Тип слушалки.,Type,615,VALI,2026-06-03 01:02:21.119,2026-06-03 01:02:21.119,system,system,true,,
5815,,,maximum_input_voltage,Максимално входно напрежение,Maximum Input Voltage,50,ASBIS,2026-05-24 01:08:29.649,2026-05-24 01:08:29.649,system,system,true,,
6463,1222,,,Цвят.,Colour,616,VALI,2026-06-03 01:02:21.123,2026-06-03 01:02:21.123,system,system,true,,
6464,1224,,,Време на работа,Battery life,621,VALI,2026-06-03 01:02:21.133,2026-06-03 01:02:21.133,system,system,true,,
6465,1226,,,Тип свързване,Connection,1701,VALI,2026-06-03 01:02:21.156,2026-06-03 01:02:21.156,system,system,true,,
6466,1230,,,Тип аксесоар,Type accessory,611,VALI,2026-06-03 01:02:21.158,2026-06-03 01:02:21.158,system,system,false,,
6467,1231,,,Съвместимост,Compatibility,612,VALI,2026-06-03 01:02:21.159,2026-06-03 01:02:21.159,system,system,true,,
6468,1232,,,Цвят,Colour,613,VALI,2026-06-03 01:02:21.160,2026-06-03 01:02:21.160,system,system,true,,
6469,1233,,,Други,Other,614,VALI,2026-06-03 01:02:21.163,2026-06-03 01:02:21.163,system,system,true,,
6470,1270,,,Серия процесори ,generation CPU,1562,VALI,2026-06-03 01:02:21.167,2026-06-03 01:02:21.167,system,system,true,,
6471,1301,,,Компютри: тип,Suitable PC for:,1363,VALI,2026-06-03 01:02:21.185,2026-06-03 01:02:21.185,system,system,true,,
6472,1323,,,Интерфейс,Interface,376,VALI,2026-06-03 01:02:21.196,2026-06-03 01:02:21.196,system,system,true,,
3926,2560,,,Свързване,Connection,2415,VALI,2026-05-18 11:42:08.464,2026-05-18 11:42:08.464,system,system,true,,
3927,2564,,,Размери,Dimensions,2417,VALI,2026-05-18 11:42:08.467,2026-05-18 11:42:08.467,system,system,true,,
3928,2565,,,Съвместимост,Compatibility,2412,VALI,2026-05-18 11:42:08.469,2026-05-18 11:42:08.469,system,system,true,,
6473,1324,,,Портове,Ports,377,VALI,2026-06-03 01:02:21.200,2026-06-03 01:02:21.200,system,system,true,,
6474,1325,,,Размери,Dimension,379,VALI,2026-06-03 01:02:21.205,2026-06-03 01:02:21.205,system,system,true,,
6475,1326,,,Други,Other,380,VALI,2026-06-03 01:02:21.212,2026-06-03 01:02:21.212,system,system,true,,
6476,1327,,,Други,Other,1880,VALI,2026-06-03 01:02:21.218,2026-06-03 01:02:21.218,system,system,true,,
6477,1328,,,Стандарт Wi-Fi,Standard Wi-Fi,326,VALI,2026-06-03 01:02:21.222,2026-06-03 01:02:21.222,system,system,true,,
6478,1329,,,Честота (GHz),Frequency (GHz),327,VALI,2026-06-03 01:02:21.232,2026-06-03 01:02:21.232,system,system,true,,
6479,1330,,,Портове,Ports,328,VALI,2026-06-03 01:02:21.235,2026-06-03 01:02:21.235,system,system,true,,
6480,1331,,,Скорост на трансфер (Mb/s),Signal Rate (Mb/s),329,VALI,2026-06-03 01:02:21.247,2026-06-03 01:02:21.247,system,system,true,,
6482,1333,,,Сигурност,Security,331,VALI,2026-06-03 01:02:21.281,2026-06-03 01:02:21.281,system,system,true,,
6483,1334,,,Захранване,Power Supply,332,VALI,2026-06-03 01:02:21.298,2026-06-03 01:02:21.298,system,system,true,,
6484,1336,,,Други,Other,334,VALI,2026-06-03 01:02:21.318,2026-06-03 01:02:21.318,system,system,true,,
3944,2596,,,Тип продукт,Product type,2316,VALI,2026-05-18 11:42:08.509,2026-05-18 11:42:08.509,system,system,false,,
3945,2597,,,Съвместим бранд,Compatible brand,2317,VALI,2026-05-18 11:42:08.510,2026-05-18 11:42:08.510,system,system,false,,
3961,2624,,,Конектори,Connectors,2474,VALI,2026-05-18 11:42:08.561,2026-06-02 09:59:36.518,system,system,true,connectors,
3985,2711,,,Дисплей,Display,2551,VALI,2026-05-18 11:42:08.604,2026-06-02 09:59:36.518,system,system,true,display,
6485,1338,,,Тип продукт,Product type,1267,VALI,2026-06-03 01:02:21.321,2026-06-03 01:02:21.321,system,system,true,,
6487,1340,,,Поддържани формати,Supported formats,1269,VALI,2026-06-03 01:02:21.330,2026-06-03 01:02:21.330,system,system,true,,
6488,1341,,,Максимална скорост на записване,Maximum recording speed,1270,VALI,2026-06-03 01:02:21.339,2026-06-03 01:02:21.339,system,system,true,,
3952,2607,,,Тип,Type,2458,VALI,2026-05-18 11:42:08.525,2026-05-18 11:42:08.525,system,system,true,,
3953,2608,,,Изходно напрежение,Output Voltage,2459,VALI,2026-05-18 11:42:08.526,2026-05-18 11:42:08.526,system,system,true,,
3954,2609,,,Капацитет,Capacity,2460,VALI,2026-05-18 11:42:08.527,2026-05-18 11:42:08.527,system,system,true,,
3955,2610,,,Размери,Dimensions,2461,VALI,2026-05-18 11:42:08.541,2026-05-18 11:42:08.541,system,system,true,,
3956,2616,,,Приложение,Application,2466,VALI,2026-05-18 11:42:08.542,2026-05-18 11:42:08.542,system,system,true,,
3957,2617,,,Количество,Quantity,2467,VALI,2026-05-18 11:42:08.544,2026-05-18 11:42:08.544,system,system,true,,
3958,2618,,,Други,Other,2469,VALI,2026-05-18 11:42:08.556,2026-05-18 11:42:08.556,system,system,true,,
3959,2619,,,Размер,Size,2468,VALI,2026-05-18 11:42:08.557,2026-05-18 11:42:08.557,system,system,true,,
3960,2623,,,Други,Other,2473,VALI,2026-05-18 11:42:08.560,2026-05-18 11:42:08.560,system,system,false,,
6489,1342,,,Капацитет,Capacity,1271,VALI,2026-06-03 01:02:21.346,2026-06-03 01:02:21.346,system,system,true,,
6490,1343,,,Вид опаковка,Тype of packaging,1273,VALI,2026-06-03 01:02:21.354,2026-06-03 01:02:21.354,system,system,true,,
6491,1344,,,Количество,Quantity,1274,VALI,2026-06-03 01:02:21.356,2026-06-03 01:02:21.356,system,system,true,,
6492,1345,,,Повърхност на диск,Surface,1275,VALI,2026-06-03 01:02:21.360,2026-06-03 01:02:21.360,system,system,false,,
6493,1347,,,Максимално време на запис,Max. recording time,1272,VALI,2026-06-03 01:02:21.361,2026-06-03 01:02:21.361,system,system,true,,
5819,,,power_consumption_stand_by_sleep,Консумация в режим на изчакване/заспиване,Power Consumption Stand By/Sleep,50,ASBIS,2026-05-24 01:08:29.725,2026-05-24 01:08:29.725,system,system,true,,
6494,1357,,,Цвят,Color,762,VALI,2026-06-03 01:02:21.365,2026-06-03 01:02:21.365,system,system,true,,
6495,1359,,,Позлатени конектори,Gold-Plated,546,VALI,2026-06-03 01:02:21.371,2026-06-03 01:02:21.371,system,system,true,,
5830,,,maximum_video_refresh_rate_max_resolution,Макс. честота при макс. резолюция,Maximum Video Refresh Rate @ Max. Resolution,50,ASBIS,2026-05-24 01:08:29.960,2026-05-24 01:08:29.960,system,system,true,,
6496,1361,,,Скорост на обмен на данни,Data Transfer Rate,545,VALI,2026-06-03 01:02:21.372,2026-06-03 01:02:21.372,system,system,true,,
6497,1363,,,Брой филтри,Filter,759,VALI,2026-06-03 01:02:21.391,2026-06-03 01:02:21.391,system,system,true,,
6498,1364,,,Стандарт Wi-Fi.,Standard Wi-Fi,1283,VALI,2026-06-03 01:02:21.392,2026-06-03 01:02:21.392,system,system,true,,
6499,1365,,,Трансфер на данни Wi-Fi (MB/s).,Data transfer rate (Mb/s),1284,VALI,2026-06-03 01:02:21.407,2026-06-03 01:02:21.407,system,system,true,,
3976,2677,,,Поддържана резолюция,Supported Resolution,2519,VALI,2026-05-18 11:42:08.596,2026-05-18 11:42:08.596,system,system,true,,
3977,2682,,,Други,Others,2546,VALI,2026-05-18 11:42:08.597,2026-05-18 11:42:08.597,system,system,false,,
6500,1366,,,Честота (GHz).,Frequency (GHz),1285,VALI,2026-06-03 01:02:21.429,2026-06-03 01:02:21.429,system,system,true,,
6501,1367,,,Антена.,Antenna,1286,VALI,2026-06-03 01:02:21.431,2026-06-03 01:02:21.431,system,system,true,,
6502,1368,,,Интерфейс.,Interface,1287,VALI,2026-06-03 01:02:21.440,2026-06-03 01:02:21.440,system,system,true,,
6503,1369,,,Сигурност.,Security,1288,VALI,2026-06-03 01:02:21.446,2026-06-03 01:02:21.446,system,system,true,,
6504,1370,,,Размери (мм),Dimension (mm),1289,VALI,2026-06-03 01:02:21.458,2026-06-03 01:02:21.458,system,system,false,,
6505,1372,,,Други,Other,1291,VALI,2026-06-03 01:02:21.486,2026-06-03 01:02:21.486,system,system,true,,
6506,1388,,,Други,Other,1303,VALI,2026-06-03 01:02:21.497,2026-06-03 01:02:21.497,system,system,true,,
3986,2715,,,Свързаност,Conectivity,2558,VALI,2026-05-18 11:42:08.606,2026-05-18 11:42:08.606,system,system,true,,
3987,2716,,,Съвместимо устройство,Compatible device,2557,VALI,2026-05-18 11:42:08.609,2026-05-18 11:42:08.609,system,system,true,,
3988,2718,,,Източник на светлина,Light source,2556,VALI,2026-05-18 11:42:08.610,2026-05-18 11:42:08.610,system,system,true,,
3989,2724,,,Поддържани файлови формати,File format,2564,VALI,2026-05-18 11:42:08.618,2026-05-18 11:42:08.618,system,system,true,,
3990,2725,,,Софтуер за сканиране,Scanning software,2565,VALI,2026-05-18 11:42:08.619,2026-05-18 11:42:08.619,system,system,true,,
6507,1402,,,Обхват (m),Range (m),1317,VALI,2026-06-03 01:02:21.499,2026-06-03 01:02:21.499,system,system,true,,
3992,2727,,,Размери,Dimensions,2567,VALI,2026-05-18 11:42:08.622,2026-05-18 11:42:08.622,system,system,true,,
6508,1403,,,Вид батерии,Battery,1318,VALI,2026-06-03 01:02:21.501,2026-06-03 01:02:21.501,system,system,true,,
6509,1404,,,Честота,Frequency,1319,VALI,2026-06-03 01:02:21.502,2026-06-03 01:02:21.502,system,system,true,,
6510,1405,,,Съвместимост,Compatibility,1320,VALI,2026-06-03 01:02:21.504,2026-06-03 01:02:21.504,system,system,false,,
6511,1406,,,Размери (мм),Dimension (mm),1321,VALI,2026-06-03 01:02:21.505,2026-06-03 01:02:21.505,system,system,false,,
6512,1407,,,Цвят,Colour,1323,VALI,2026-06-03 01:02:21.505,2026-06-03 01:02:21.505,system,system,true,,
6513,1408,,,Сигнал,Signal Transmission,1322,VALI,2026-06-03 01:02:21.507,2026-06-03 01:02:21.507,system,system,false,,
6514,1409,,,Тип,Type,1328,VALI,2026-06-03 01:02:21.508,2026-06-03 01:02:21.508,system,system,false,,
6515,1410,,,Съвместими телефони,Compatible phones,1326,VALI,2026-06-03 01:02:21.509,2026-06-03 01:02:21.509,system,system,true,,
6516,1411,,,Материал,Material,1324,VALI,2026-06-03 01:02:21.533,2026-06-03 01:02:21.533,system,system,true,,
6486,1339,,тип_устройство,Тип устройство,Device type,1268,VALI,2026-06-03 01:02:21.324,2026-06-03 02:13:38.715,system,system,true,,
6517,1412,,,Цвят,Colour,1690,VALI,2026-06-03 01:02:21.535,2026-06-03 01:02:21.535,system,system,true,,
6518,1413,,,Дебелина,Thickness,1692,VALI,2026-06-03 01:02:21.536,2026-06-03 01:02:21.536,system,system,false,,
5425,,,dimensions_of_the_diffuser_lxwxh_mm,"Dimensions of the Diffuser LxWxH, mm","Dimensions of the Diffuser LxWxH, mm",50,ASBIS,2026-05-19 15:49:19.660,2026-05-19 15:49:19.660,system,system,true,,
5426,,,distance_detect_maximun_distance_30cm,Distance Detect (Maximun distance 30CM),Distance Detect (Maximun distance 30CM),50,ASBIS,2026-05-19 15:49:19.662,2026-05-19 15:49:19.662,system,system,true,,
5430,,,радиус_на_действие_м,Радиус на действие (м),Радиус на действие (м),50,ASBIS,2026-05-19 15:49:19.671,2026-05-19 15:49:19.671,system,system,true,,
5431,,,standart_power,Standart Power,Standart Power,50,ASBIS,2026-05-19 15:49:19.676,2026-05-19 15:49:19.676,system,system,true,,
5432,,,външни_габарити,Външни габарити,Външни габарити,50,ASBIS,2026-05-19 15:49:19.680,2026-05-19 15:49:19.680,system,system,true,,
5435,,,метод_за_управление,Метод за управление,Метод за управление,50,ASBIS,2026-05-19 15:49:19.686,2026-05-19 15:49:19.686,system,system,true,,
5436,,,ниво_на_мощността,Ниво на мощността,Ниво на мощността,50,ASBIS,2026-05-19 15:49:19.687,2026-05-19 15:49:19.687,system,system,true,,
5438,,,работен_режим,Работен режим,Работен режим,50,ASBIS,2026-05-19 15:49:19.690,2026-05-19 15:49:19.690,system,system,true,,
5443,,,abs_tpe,ABS+TPE,ABS+TPE,50,ASBIS,2026-05-19 15:49:19.706,2026-05-19 15:49:19.706,system,system,true,,
5447,,,консумирана_енергия,Консумирана енергия,Консумирана енергия,50,ASBIS,2026-05-19 15:49:19.723,2026-05-19 15:49:19.723,system,system,true,,
5451,,,cavity_dimensions,Cavity Dimensions,Cavity Dimensions,50,ASBIS,2026-05-19 15:49:19.736,2026-05-19 15:49:19.736,system,system,true,,
5452,,,power_consumption_in_warm_fast,Power consumption in Warm Fast,Power consumption in Warm Fast,50,ASBIS,2026-05-19 15:49:19.741,2026-05-19 15:49:19.741,system,system,true,,
5453,,,pa66_30_gf,PA66+30%GF,PA66+30%GF,50,ASBIS,2026-05-19 15:49:19.745,2026-05-19 15:49:19.745,system,system,true,,
5455,,,power_consumption_in_cold_slow,Power consumption in Cold Slow,Power consumption in Cold Slow,50,ASBIS,2026-05-19 15:49:19.753,2026-05-19 15:49:19.753,system,system,true,,
5456,,,handle_grip_diameter,Handle grip diameter,Handle grip diameter,50,ASBIS,2026-05-19 15:49:19.754,2026-05-19 15:49:19.754,system,system,true,,
5457,,,power_consumption_in_warm_medium,Power consumption in Warm Medium,Power consumption in Warm Medium,50,ASBIS,2026-05-19 15:49:19.755,2026-05-19 15:49:19.755,system,system,true,,
5459,,,fuse_a,Fuse (A),Fuse (A),50,ASBIS,2026-05-19 15:49:19.758,2026-05-19 15:49:19.758,system,system,true,,
5460,,,power_consumption_in_cold_medium,Power consumption in Cold Medium,Power consumption in Cold Medium,50,ASBIS,2026-05-19 15:49:19.763,2026-05-19 15:49:19.763,system,system,true,,
5461,,,motor_noise_reduction_system,Motor noise reduction system,Motor noise reduction system,50,ASBIS,2026-05-19 15:49:19.773,2026-05-19 15:49:19.773,system,system,true,,
5462,,,power_consumption_in_cold_fast,Power consumption in Cold Fast,Power consumption in Cold Fast,50,ASBIS,2026-05-19 15:49:19.777,2026-05-19 15:49:19.777,system,system,true,,
5463,,,motor_speed,Motor speed,Motor speed,50,ASBIS,2026-05-19 15:49:19.779,2026-05-19 15:49:19.779,system,system,true,,
5465,,,power_consumption_in_warm_slow,Power consumption in Warm Slow,Power consumption in Warm Slow,50,ASBIS,2026-05-19 15:49:19.787,2026-05-19 15:49:19.787,system,system,true,,
5466,,,solder_joint_width,Solder Joint Width,Solder Joint Width,50,ASBIS,2026-05-19 15:49:19.788,2026-05-19 15:49:19.788,system,system,true,,
5420,,,quantity_of_fan_blades,Брой перки на вентилатора,Quantity of fan blades,50,ASBIS,2026-05-19 15:49:19.648,2026-05-19 15:49:19.648,system,system,true,,
5421,,,ntc_model,Модел NTC термистор,NTC Model,50,ASBIS,2026-05-19 15:49:19.649,2026-05-19 15:49:19.649,system,system,true,,
5422,,,fan_motor_rotation_speed_rpm,"Скорост на въртене на мотора, RPM","Fan motor rotation speed, RPM",50,ASBIS,2026-05-19 15:49:19.650,2026-05-19 15:49:19.650,system,system,true,,
5423,,,ionization_ion_cm_3,"Йонизация, йон/cm³","Ionization, ion/cm^3",50,ASBIS,2026-05-19 15:49:19.651,2026-05-19 15:49:19.651,system,system,true,,
5424,,,thermostat_model,Модел термостат,Thermostat Model,50,ASBIS,2026-05-19 15:49:19.658,2026-05-19 15:49:19.658,system,system,true,,
5428,,,quantity_of_temperature_modes,Брой температурни режими,Quantity of Temperature Modes,50,ASBIS,2026-05-19 15:49:19.667,2026-05-19 15:49:19.667,system,system,true,,
5429,,,heating_element_type,Тип нагревателен елемент,Heating element type,50,ASBIS,2026-05-19 15:49:19.669,2026-05-19 15:49:19.669,system,system,true,,
5433,,,door_opening_type,Тип отваряне на вратата,Door Opening Type,50,ASBIS,2026-05-19 15:49:19.684,2026-05-19 15:49:19.684,system,system,true,,
5434,,,model_type,Тип модел,Model Type,50,ASBIS,2026-05-19 15:49:19.685,2026-05-19 15:49:19.685,system,system,true,,
5437,,,capacity_l,Капацитет (л),Capacity (L),50,ASBIS,2026-05-19 15:49:19.689,2026-05-19 15:49:19.689,system,system,true,,
5439,,,microwave_distribution,Разпределение на микровълните,Microwave Distribution,50,ASBIS,2026-05-19 15:49:19.691,2026-05-19 15:49:19.691,system,system,true,,
5440,,,brush_heads,Глави за четки,Brush Heads,50,ASBIS,2026-05-19 15:49:19.694,2026-05-19 15:49:19.694,system,system,true,,
5441,,,bristles_type,Тип четина,Bristles Type,50,ASBIS,2026-05-19 15:49:19.701,2026-05-19 15:49:19.701,system,system,true,,
5442,,,toothbrush_type,Тип четка за зъби,Toothbrush Type,50,ASBIS,2026-05-19 15:49:19.704,2026-05-19 15:49:19.704,system,system,true,,
5444,,,max_speed,Максимална скорост,Max Speed,50,ASBIS,2026-05-19 15:49:19.708,2026-05-19 15:49:19.708,system,system,true,,
5445,,,heater_material,Материал на нагревателя,Heater Material,50,ASBIS,2026-05-19 15:49:19.710,2026-05-19 15:49:19.710,system,system,true,,
5448,,,heater_type,Тип нагревател,Heater Type,50,ASBIS,2026-05-19 15:49:19.727,2026-05-19 15:49:19.727,system,system,true,,
5449,,,water_tank,Резервоар за вода,Water Tank,50,ASBIS,2026-05-19 15:49:19.728,2026-05-19 15:49:19.728,system,system,true,,
5454,,,noise_level,Ниво на шума,Noise level,50,ASBIS,2026-05-19 15:49:19.750,2026-05-19 15:49:19.750,system,system,true,,
5458,,,air_flow_speed,Скорост на въздушния поток,Air flow speed,50,ASBIS,2026-05-19 15:49:19.756,2026-05-19 15:49:19.756,system,system,true,,
5464,,,fan_blades,Перки на вентилатора,Fan blades,50,ASBIS,2026-05-19 15:49:19.782,2026-05-19 15:49:19.782,system,system,true,,
4028,,,wan,WAN,WAN,50,ASBIS,2026-05-19 15:48:50.066,2026-05-19 15:48:50.066,system,system,true,,
4029,,,sfp,SFP+,SFP+,50,ASBIS,2026-05-19 15:48:50.087,2026-05-19 15:48:50.087,system,system,true,,
4036,,,устройство_за_съхранение_на_данни,Устройство за съхранение на данни,Устройство за съхранение на данни,50,ASBIS,2026-05-19 15:48:53.141,2026-05-19 15:48:53.141,system,system,true,,
6519,1430,,,Други,Other,2290,VALI,2026-06-03 01:02:21.540,2026-06-03 01:02:21.540,system,system,true,,
4044,,,захранващ_модул,Захранващ модул,Захранващ модул,50,ASBIS,2026-05-19 15:48:55.228,2026-05-19 15:48:55.228,system,system,true,,
6520,1431,,,Конектори,Connectors,1347,VALI,2026-06-03 01:02:21.567,2026-06-03 01:02:21.567,system,system,true,,
4064,,,вътрешна_тактова_честота,Вътрешна тактова честота,Вътрешна тактова честота,50,ASBIS,2026-05-19 15:49:03.838,2026-05-19 15:49:03.838,system,system,true,,
4067,,,предлага_размери_на_гнездото_на_вътрешното_устройство,Предлага размери на гнездото на вътрешното устройство,Предлага размери на гнездото на вътрешното устройство,50,ASBIS,2026-05-19 15:49:03.970,2026-05-19 15:49:03.970,system,system,true,,
4068,,,ac_адаптър,AC адаптър,AC адаптър,50,ASBIS,2026-05-19 15:49:03.973,2026-05-19 15:49:03.973,system,system,true,,
6521,1432,,,Цвят.,Colour,1349,VALI,2026-06-03 01:02:21.577,2026-06-03 01:02:21.577,system,system,false,,
4070,,,поддържа_брой_устройства,Поддържа брой устройства,Поддържа брой устройства,50,ASBIS,2026-05-19 15:49:03.980,2026-05-19 15:49:03.980,system,system,true,,
4072,,,минимална_входна_честота,Минимална входна честота,Минимална входна честота,50,ASBIS,2026-05-19 15:49:03.988,2026-05-19 15:49:03.988,system,system,true,,
4076,,,брой_ядра_на_cpu,Брой ядра на CPU,Брой ядра на CPU,50,ASBIS,2026-05-19 15:49:04.190,2026-05-19 15:49:04.190,system,system,true,,
4078,,,максимална_входна_честота,Максимална входна честота,Максимална входна честота,50,ASBIS,2026-05-19 15:49:04.202,2026-05-19 15:49:04.202,system,system,true,,
4087,,,алгоритъм_за_криптиране,Алгоритъм за криптиране,Алгоритъм за криптиране,50,ASBIS,2026-05-19 15:49:04.317,2026-05-19 15:49:04.317,system,system,true,,
4091,,,максимално_изходно_захранване,Максимално изходно захранване,Максимално изходно захранване,50,ASBIS,2026-05-19 15:49:04.771,2026-05-19 15:49:04.771,system,system,true,,
4092,,,предаване_на_данните,Предаване на данните,Предаване на данните,50,ASBIS,2026-05-19 15:49:04.812,2026-05-19 15:49:04.812,system,system,true,,
4095,,,количество_инсталирана_системна_памет,Количество инсталирана системна памет,Количество инсталирана системна памет,50,ASBIS,2026-05-19 15:49:04.900,2026-05-19 15:49:04.900,system,system,true,,
4096,,,видео_контролер_форм_фактор,Видео контролер - форм фактор,Видео контролер - форм фактор,50,ASBIS,2026-05-19 15:49:04.912,2026-05-19 15:49:04.912,system,system,true,,
4098,,,брой_инсталирани_захранвания,Брой инсталирани захранвания,Брой инсталирани захранвания,50,ASBIS,2026-05-19 15:49:04.922,2026-05-19 15:49:04.922,system,system,true,,
4099,,,твърди_дискове_брой,Твърди дискове - брой,Твърди дискове - брой,50,ASBIS,2026-05-19 15:49:04.926,2026-05-19 15:49:04.926,system,system,true,,
4100,,,брой_инсталирани_процесори,Брой инсталирани процесори,Брой инсталирани процесори,50,ASBIS,2026-05-19 15:49:04.930,2026-05-19 15:49:04.930,system,system,true,,
5467,,,abs747,ABS747,ABS747,50,ASBIS,2026-05-19 15:49:19.793,2026-05-19 15:49:19.793,system,system,true,,
4075,,,installed_ram,Инсталирана RAM,Installed RAM,50,ASBIS,2026-05-19 15:49:04.181,2026-05-19 15:49:04.181,system,system,true,,
4080,,,network_device_type,Тип мрежово устройство,Network Device Type,50,ASBIS,2026-05-19 15:49:04.273,2026-05-19 15:49:04.273,system,system,true,,
4084,,,status_led_indicators,LED индикатори за статус,Status LED Indicators,50,ASBIS,2026-05-19 15:49:04.292,2026-05-19 15:49:04.292,system,system,true,,
4085,,,supported_networking_compliant_standards,Поддържани мрежови стандарти,Supported Networking Compliant Standards,50,ASBIS,2026-05-19 15:49:04.297,2026-05-19 15:49:04.297,system,system,true,,
4086,,,router_features,Характеристики на рутера,Router Features,50,ASBIS,2026-05-19 15:49:04.308,2026-05-19 15:49:04.308,system,system,true,,
4089,,,protocols_osi_model,Протоколи (OSI модел),Protocols (OSI Model),50,ASBIS,2026-05-19 15:49:04.341,2026-05-19 15:49:04.341,system,system,true,,
4094,,,buffer_memory,Буферна памет,Buffer Memory,50,ASBIS,2026-05-19 15:49:04.897,2026-05-19 15:49:04.897,system,system,true,,
4101,,,power_input,Захранващ вход,Power Input,50,ASBIS,2026-05-19 15:49:04.931,2026-05-19 15:49:04.931,system,system,true,,
4102,,,стандартна_височина_на_шкафа,Стандартна височина на шкафа,Стандартна височина на шкафа,50,ASBIS,2026-05-19 15:49:04.933,2026-05-19 15:49:04.933,system,system,true,,
5933,,,,Operating humidity,Operating humidity,50,MOST,2026-05-26 01:25:42.206,2026-05-26 01:25:42.206,system,system,true,operating_humidity,
4104,,,буферна_памет,Буферна памет,Буферна памет,50,ASBIS,2026-05-19 15:49:04.940,2026-05-19 15:49:04.940,system,system,true,,
6522,1438,,,Дисплей,Display,687,VALI,2026-06-03 01:02:21.604,2026-06-03 01:02:21.604,system,system,true,,
4108,,,характеристики,Характеристики,Характеристики,50,ASBIS,2026-05-19 15:49:04.954,2026-05-19 15:49:04.954,system,system,true,,
4109,,,нетно_тегло,Нетно тегло,Нетно тегло,50,ASBIS,2026-05-19 15:49:05.102,2026-05-19 15:49:05.102,system,system,true,,
4110,,,материал_на_корпуса,Материал на корпуса,Материал на корпуса,50,ASBIS,2026-05-19 15:49:05.113,2026-05-19 15:49:05.113,system,system,true,,
4115,,,размер_на_интелигентния_контакт,Размер на интелигентния контакт,Размер на интелигентния контакт,50,ASBIS,2026-05-19 15:49:05.155,2026-05-19 15:49:05.155,system,system,true,,
4116,,,lan_архитектура,LAN архитектура,LAN архитектура,50,ASBIS,2026-05-19 15:49:05.163,2026-05-19 15:49:05.163,system,system,true,,
4122,,,функция_на_устройството,Функция на устройството,Функция на устройството,50,ASBIS,2026-05-19 15:49:05.220,2026-05-19 15:49:05.220,system,system,true,,
4123,,,свързани_продукти_1,Свързани продукти(1),Свързани продукти(1),50,ASBIS,2026-05-19 15:49:05.236,2026-05-19 15:49:05.236,system,system,true,,
4125,,,средно_време_за_работа_на_батерия,Средно време за работа на батерия,Средно време за работа на батерия,50,ASBIS,2026-05-19 15:49:05.568,2026-05-19 15:49:05.568,system,system,true,,
4129,,,шум_на_сигнала,Шум на сигнала,Шум на сигнала,50,ASBIS,2026-05-19 15:49:05.754,2026-05-19 15:49:05.754,system,system,true,,
4130,,,характеристики_на_високоговорителите,Характеристики на високоговорителите,Характеристики на високоговорителите,50,ASBIS,2026-05-19 15:49:05.795,2026-05-19 15:49:05.795,system,system,true,,
4132,,,компоненти,Компоненти,Компоненти,50,ASBIS,2026-05-19 15:49:05.852,2026-05-19 15:49:05.852,system,system,true,,
4133,,,материал_на_изработка,Материал на изработка,Материал на изработка,50,ASBIS,2026-05-19 15:49:05.858,2026-05-19 15:49:05.858,system,system,true,,
4138,,,технология_на_свързване,Технология на свързване,Технология на свързване,50,ASBIS,2026-05-19 15:49:05.957,2026-05-19 15:49:05.957,system,system,true,,
4140,,,слушалки_технология,Слушалки - Технология,Слушалки - Технология,50,ASBIS,2026-05-19 15:49:05.969,2026-05-19 15:49:05.969,system,system,true,,
4141,,,чувствителност_на_микрофона,Чувствителност на микрофона,Чувствителност на микрофона,50,ASBIS,2026-05-19 15:49:06.027,2026-05-19 15:49:06.027,system,system,true,,
4143,,,микрофон_форм_фактор,Микрофон - Форм фактор,Микрофон - Форм фактор,50,ASBIS,2026-05-19 15:49:06.068,2026-05-19 15:49:06.068,system,system,true,,
4144,,,тип_аудио_изход,Тип аудио изход,Тип аудио изход,50,ASBIS,2026-05-19 15:49:06.110,2026-05-19 15:49:06.110,system,system,true,,
4145,,,направление,Направление,Направление,50,ASBIS,2026-05-19 15:49:06.117,2026-05-19 15:49:06.117,system,system,true,,
4106,,,smart_sensor_features,Характеристики на умния сензор,Smart Sensor Features,50,ASBIS,2026-05-19 15:49:04.947,2026-05-19 15:49:04.947,system,system,true,,
4107,,,wireless_standards,Безжични стандарти,Wireless Standards,50,ASBIS,2026-05-19 15:49:04.951,2026-05-19 15:49:04.951,system,system,true,,
4111,,,notification_led,LED индикатор за известия,Notification LED,50,ASBIS,2026-05-19 15:49:05.146,2026-05-19 15:49:05.146,system,system,true,,
4112,,,sensor_description,Описание на сензора,Sensor Description,50,ASBIS,2026-05-19 15:49:05.147,2026-05-19 15:49:05.147,system,system,true,,
4114,,,battery_model,Модел батерия,Battery Model,50,ASBIS,2026-05-19 15:49:05.153,2026-05-19 15:49:05.153,system,system,true,,
4120,,,firewall_functions_and_protocols,Функции и протоколи на защитната стена,Firewall Functions and Protocols,50,ASBIS,2026-05-19 15:49:05.214,2026-05-19 15:49:05.214,system,system,true,,
4124,,,family,Серия,Family,50,ASBIS,2026-05-19 15:49:05.441,2026-05-19 15:49:05.441,system,system,true,,
4127,,,midrange,Среднотонов говорител,Midrange,50,ASBIS,2026-05-19 15:49:05.674,2026-05-19 15:49:05.674,system,system,true,,
4128,,,tweeter,Високочестотен говорител,Tweeter,50,ASBIS,2026-05-19 15:49:05.683,2026-05-19 15:49:05.683,system,system,true,,
4131,,,woofer,Нискотонов говорител,Woofer,50,ASBIS,2026-05-19 15:49:05.836,2026-05-19 15:49:05.836,system,system,true,,
4134,,,max_audio_bit_rate,Макс. аудио скорост на поток,Max. Audio Bit Rate,50,ASBIS,2026-05-19 15:49:05.877,2026-05-19 15:49:05.877,system,system,true,,
4135,,,maximum_memory_capacity,Максимален капацитет на паметта,Maximum Memory Capacity,50,ASBIS,2026-05-19 15:49:05.925,2026-05-19 15:49:05.925,system,system,true,,
4136,,,subsubparent_product,Под-родителски продукт,SubSubParent Product,50,ASBIS,2026-05-19 15:49:05.928,2026-05-19 15:49:05.928,system,system,true,,
4137,,,subparent_product,Родителски продукт,SubParent Product,50,ASBIS,2026-05-19 15:49:05.943,2026-05-19 15:49:05.943,system,system,true,,
4146,,,аудио_система_тип,Аудио система - тип,Аудио система - тип,50,ASBIS,2026-05-19 15:49:06.142,2026-05-19 15:49:06.142,system,system,true,,
5934,,,,Size [mm],Size [mm],50,MOST,2026-05-26 01:25:42.356,2026-05-26 01:25:42.356,system,system,true,size_mm,
4148,,,честотен_диапазон_изход_вход_на_микрофон,Честотен диапазон изход/вход на микрофон,Честотен диапазон изход/вход на микрофон,50,ASBIS,2026-05-19 15:49:06.146,2026-05-19 15:49:06.146,system,system,true,,
4149,,,изходна_мощност,Изходна мощност,Изходна мощност,50,ASBIS,2026-05-19 15:49:06.161,2026-05-19 15:49:06.161,system,system,true,,
4152,,,аудио_контроли,Аудио контроли,Аудио контроли,50,ASBIS,2026-05-19 15:49:06.261,2026-05-19 15:49:06.261,system,system,true,,
4153,,,дължина_на_диагонала_на_екрана,Дължина на диагонала на екрана,Дължина на диагонала на екрана,50,ASBIS,2026-05-19 15:49:06.317,2026-05-19 15:49:06.317,system,system,true,,
4154,,,максимална_тактова_честота_на_шината_на_процесора,Максимална тактова честота на шината на процесора,Максимална тактова честота на шината на процесора,50,ASBIS,2026-05-19 15:49:06.346,2026-05-19 15:49:06.346,system,system,true,,
4156,,,тип_на_екрана,Тип на екрана,Тип на екрана,50,ASBIS,2026-05-19 15:49:06.358,2026-05-19 15:49:06.358,system,system,true,,
4157,,,входен_код,Входен код,Входен код,50,ASBIS,2026-05-19 15:49:06.364,2026-05-19 15:49:06.364,system,system,true,,
4158,,,процесор_име_на_ядро,Процесор - Име на ядро,Процесор - Име на ядро,50,ASBIS,2026-05-19 15:49:06.366,2026-05-19 15:49:06.366,system,system,true,,
4159,,,брой_инсталирани_батерии,Брой инсталирани батерии,Брой инсталирани батерии,50,ASBIS,2026-05-19 15:49:06.376,2026-05-19 15:49:06.376,system,system,true,,
4160,,,напрежение_на_входа,Напрежение на входа,Напрежение на входа,50,ASBIS,2026-05-19 15:49:06.394,2026-05-19 15:49:06.394,system,system,true,,
4161,,,изображение_съотношение_на_размерите,Изображение - съотношение на размерите,Изображение - съотношение на размерите,50,ASBIS,2026-05-19 15:49:06.408,2026-05-19 15:49:06.408,system,system,true,,
4164,,,инсталирана_операционна_система,Инсталирана операционна система,Инсталирана операционна система,50,ASBIS,2026-05-19 15:49:06.484,2026-05-19 15:49:06.484,system,system,true,,
4165,,,локализация_на_клавиатурата,Локализация на клавиатурата,Локализация на клавиатурата,50,ASBIS,2026-05-19 15:49:06.488,2026-05-19 15:49:06.488,system,system,true,,
4166,,,цвят_на_екрана,Цвят на екрана,Цвят на екрана,50,ASBIS,2026-05-19 15:49:06.491,2026-05-19 15:49:06.491,system,system,true,,
4167,,,характеристики_на_дисплея,Характеристики на дисплея,Характеристики на дисплея,50,ASBIS,2026-05-19 15:49:06.531,2026-05-19 15:49:06.531,system,system,true,,
4168,,,честота_на_входа,Честота на входа,Честота на входа,50,ASBIS,2026-05-19 15:49:06.711,2026-05-19 15:49:06.711,system,system,true,,
4169,,,чипсет_на_видео_карта,Чипсет на видео карта,Чипсет на видео карта,50,ASBIS,2026-05-19 15:49:06.714,2026-05-19 15:49:06.714,system,system,true,,
4170,,,аудио_интерфейс,Аудио интерфейс,Аудио интерфейс,50,ASBIS,2026-05-19 15:49:06.761,2026-05-19 15:49:06.761,system,system,true,,
4172,,,технология_на_батерията,Технология на батерията,Технология на батерията,50,ASBIS,2026-05-19 15:49:06.779,2026-05-19 15:49:06.779,system,system,true,,
4173,,,тип_захранващи_конектори,Тип захранващи конектори,Тип захранващи конектори,50,ASBIS,2026-05-19 15:49:06.786,2026-05-19 15:49:06.786,system,system,true,,
4174,,,време_на_презареждане_на_батерията,Време на презареждане на батерията,Време на презареждане на батерията,50,ASBIS,2026-05-19 15:49:06.788,2026-05-19 15:49:06.788,system,system,true,,
4175,,,брой_захранващи_конектори,Брой захранващи конектори,Брой захранващи конектори,50,ASBIS,2026-05-19 15:49:06.795,2026-05-19 15:49:06.795,system,system,true,,
4176,,,артикул,Артикул,Артикул,50,ASBIS,2026-05-19 15:49:06.797,2026-05-19 15:49:06.797,system,system,true,,
4184,,,брой_клетки_в_батерията,Брой клетки в батерията,Брой клетки в батерията,50,ASBIS,2026-05-19 15:49:07.036,2026-05-19 15:49:07.036,system,system,true,,
4150,,,audio_line_in,Аудио линеен вход,Audio Line-In,50,ASBIS,2026-05-19 15:49:06.233,2026-05-19 15:49:06.233,system,system,true,,
4151,,,full_range,Пълнообхватен говорител,Full Range,50,ASBIS,2026-05-19 15:49:06.242,2026-05-19 15:49:06.242,system,system,true,,
4155,,,threads_quantity,Брой нишки,Threads Quantity,50,ASBIS,2026-05-19 15:49:06.350,2026-05-19 15:49:06.350,system,system,true,,
4162,,,cpu_cache_size,Размер на CPU кеша,CPU Cache Size,50,ASBIS,2026-05-19 15:49:06.411,2026-05-19 15:49:06.411,system,system,true,,
4163,,,turbo_clock_rate,Turbo тактова честота,Turbo Clock Rate,50,ASBIS,2026-05-19 15:49:06.425,2026-05-19 15:49:06.425,system,system,true,,
4177,,,water_tank_capacity,Капацитет на резервоара за вода,Water tank capacity,50,ASBIS,2026-05-19 15:49:06.978,2026-05-19 15:49:06.978,system,system,true,,
4178,,,vacuum_cleaners_included_accessories,Включени аксесоари за прахосмукачката,Vacuum Cleaners Included Accessories,50,ASBIS,2026-05-19 15:49:06.983,2026-05-19 15:49:06.983,system,system,true,,
4179,,,suction_kpa,Засмукване (kPa),Suction (kPa),50,ASBIS,2026-05-19 15:49:06.991,2026-05-19 15:49:06.991,system,system,true,,
4180,,,vacuum_cleaner_type,Тип прахосмукачка,Vacuum Cleaner Type,50,ASBIS,2026-05-19 15:49:07.001,2026-05-19 15:49:07.001,system,system,true,,
4181,,,dust_capacity_l,Капацитет за прах (л),Dust Capacity (l),50,ASBIS,2026-05-19 15:49:07.004,2026-05-19 15:49:07.004,system,system,true,,
4182,,,appliance_type,Тип уред,Appliance Type,50,ASBIS,2026-05-19 15:49:07.010,2026-05-19 15:49:07.010,system,system,true,,
4183,,,vacuum_cleaner_filter,Филтър на прахосмукачката,Vacuum Cleaner Filter,50,ASBIS,2026-05-19 15:49:07.017,2026-05-19 15:49:07.017,system,system,true,,
5935,,,,Max. pressure [mm H2O],Max. pressure [mm H2O],50,MOST,2026-05-26 01:25:42.377,2026-05-26 01:25:42.377,system,system,true,max_pressure_mm_h2o,
4189,,,търговско_име,Търговско име,Търговско име,52,ASBIS,2026-05-19 15:49:07.057,2026-08-20 09:55:41.357,system,d.eshanovski@gmail.com,true,,
4188,,,материал_на_кутия,Материал на кутия,Материал на кутия,50,ASBIS,2026-05-19 15:49:07.049,2026-05-19 15:49:07.049,system,system,true,,
4194,,,време_за_зареждане_час,Време за зареждане (час),Време за зареждане (час),50,ASBIS,2026-05-19 15:49:07.916,2026-05-19 15:49:07.916,system,system,true,,
4196,,,време_за_работа_мин,Време за работа (мин.),Време за работа (мин.),50,ASBIS,2026-05-19 15:49:07.928,2026-05-19 15:49:07.928,system,system,true,,
4197,,,предлага_канал_за_данни_старо,Предлага канал за данни (старо),Предлага канал за данни (старо),50,ASBIS,2026-05-19 15:49:07.938,2026-05-19 15:49:07.938,system,system,true,,
4198,,,брой_инсталирани_устройства,Брой инсталирани устройства,Брой инсталирани устройства,50,ASBIS,2026-05-19 15:49:07.942,2026-05-19 15:49:07.942,system,system,true,,
4199,,,hdmi,HDMI,HDMI,50,ASBIS,2026-05-19 15:49:07.946,2026-05-19 15:49:07.946,system,system,true,,
4200,,,съкратено_описание,Съкратено Описание,Съкратено Описание,50,ASBIS,2026-05-19 15:49:07.949,2026-05-19 15:49:07.949,system,system,true,,
4203,,,хармонични_изкривявания,Хармонични изкривявания,Хармонични изкривявания,50,ASBIS,2026-05-19 15:49:08.089,2026-05-19 15:49:08.089,system,system,true,,
4204,,,защита_на_веригата,Защита на веригата,Защита на веригата,50,ASBIS,2026-05-19 15:49:08.114,2026-05-19 15:49:08.114,system,system,true,,
4207,,,функция_на_бутона,Функция на бутона,Функция на бутона,50,ASBIS,2026-05-19 15:49:08.219,2026-05-19 15:49:08.219,system,system,true,,
4208,,,дължина_мм,Дължина (мм),Дължина (мм),50,ASBIS,2026-05-19 15:49:08.224,2026-05-19 15:49:08.224,system,system,true,,
4211,,,макс_диапазон_на_действие_на_сигнала_на_открито,Макс. диапазон на действие на сигнала на открито,Макс. диапазон на действие на сигнала на открито,50,ASBIS,2026-05-19 15:49:08.251,2026-05-19 15:49:08.251,system,system,true,,
4213,,,поддържани_bluetooth_профили,Поддържани Bluetooth профили,Поддържани Bluetooth профили,50,ASBIS,2026-05-19 15:49:08.277,2026-05-19 15:49:08.277,system,system,true,,
4214,,,тип_мрежово_оборудване,Тип мрежово оборудване,Тип мрежово оборудване,50,ASBIS,2026-05-19 15:49:08.292,2026-05-19 15:49:08.292,system,system,true,,
4216,,,безжична_технология,Безжична технология,Безжична технология,50,ASBIS,2026-05-19 15:49:08.310,2026-05-19 15:49:08.310,system,system,true,,
4220,,,displayport,DisplayPort,DisplayPort,50,ASBIS,2026-05-19 15:49:08.396,2026-05-19 15:49:08.396,system,system,true,,
4222,,,характеристики_на_микрофона,Характеристики на микрофона,Характеристики на микрофона,50,ASBIS,2026-05-19 15:49:08.413,2026-05-19 15:49:08.413,system,system,true,,
4223,,,usb_3_1,USB 3.1,USB 3.1,50,ASBIS,2026-05-19 15:49:08.472,2026-05-19 15:49:08.472,system,system,true,,
4224,,,bluetooth_честота,Bluetooth - Честота,Bluetooth - Честота,50,ASBIS,2026-05-19 15:49:08.480,2026-05-19 15:49:08.480,system,system,true,,
4225,,,име,Име,Име,50,ASBIS,2026-05-19 15:49:08.524,2026-05-19 15:49:08.524,system,system,true,,
4226,,,loadcell_sensor,Loadcell Sensor,Loadcell Sensor,50,ASBIS,2026-05-19 15:49:08.537,2026-05-19 15:49:08.537,system,system,true,,
4228,,,pp,PP,PP,50,ASBIS,2026-05-19 15:49:08.546,2026-05-19 15:49:08.546,system,system,true,,
4229,,,silica_gel_60_65ha,Silica gel/60-65HA,Silica gel/60-65HA,50,ASBIS,2026-05-19 15:49:08.554,2026-05-19 15:49:08.554,system,system,true,,
4230,,,pom,POM,POM,50,ASBIS,2026-05-19 15:49:08.555,2026-05-19 15:49:08.555,system,system,true,,
4231,,,pa_30_gf,PA+30%GF,PA+30%GF,50,ASBIS,2026-05-19 15:49:08.568,2026-05-19 15:49:08.568,system,system,true,,
4232,,,nitrile_rubber_buna,Nitrile rubber buna,Nitrile rubber buna,50,ASBIS,2026-05-19 15:49:08.581,2026-05-19 15:49:08.581,system,system,true,,
4233,,,abs,ABS,ABS,50,ASBIS,2026-05-19 15:49:08.587,2026-05-19 15:49:08.587,system,system,true,,
4190,,,vacuum_cleaner,Прахосмукачка,Vacuum Cleaner,50,ASBIS,2026-05-19 15:49:07.742,2026-05-19 15:49:07.742,system,system,true,,
4192,,,cord_length_m,Дължина на кабела (м),Cord Length (m),50,ASBIS,2026-05-19 15:49:07.908,2026-05-19 15:49:07.908,system,system,true,,
4193,,,power_station,Захранваща станция,Power Station,50,ASBIS,2026-05-19 15:49:07.915,2026-05-19 15:49:07.915,system,system,true,,
4201,,,type_of_video_conference_solution,Тип решение за видеоконферентна връзка,Type of Video Conference Solution,50,ASBIS,2026-05-19 15:49:08.067,2026-05-19 15:49:08.067,system,system,true,,
4202,,,length_mm,Дължина (мм),Length (mm),50,ASBIS,2026-05-19 15:49:08.072,2026-05-19 15:49:08.072,system,system,true,,
4205,,,in_the_box,Съдържание на опаковката,In the Box,50,ASBIS,2026-05-19 15:49:08.188,2026-05-19 15:49:08.188,system,system,true,,
4206,,,diameter_mm,Диаметър (мм),Diameter (mm),50,ASBIS,2026-05-19 15:49:08.214,2026-05-19 15:49:08.214,system,system,true,,
4209,,,battery_recharge,Презареждане на батерията,Battery Recharge,50,ASBIS,2026-05-19 15:49:08.245,2026-05-19 15:49:08.245,system,system,true,,
4212,,,audio_playback,Аудио възпроизвеждане,Audio playback,50,ASBIS,2026-05-19 15:49:08.261,2026-05-19 15:49:08.261,system,system,true,,
4215,,,talk,Разговори,Talk,50,ASBIS,2026-05-19 15:49:08.299,2026-05-19 15:49:08.299,system,system,true,,
4217,,,main_motor_power_w,Мощност на основния мотор (W),Main Motor Power (W),50,ASBIS,2026-05-19 15:49:08.326,2026-05-19 15:49:08.326,system,system,true,,
4218,,,battery_notes,Бележки за батерията,Battery Notes,50,ASBIS,2026-05-19 15:49:08.335,2026-05-19 15:49:08.335,system,system,true,,
4219,,,kind_of_appliance,Вид уред,Kind of Appliance,50,ASBIS,2026-05-19 15:49:08.345,2026-05-19 15:49:08.345,system,system,true,,
4227,,,adjustable_spring_force_level,Регулируема пружинна сила,Adjustable Spring Force Level,50,ASBIS,2026-05-19 15:49:08.540,2026-05-19 15:49:08.540,system,system,true,,
4234,,,номинален_входящ_ток,Номинален входящ ток,Номинален входящ ток,50,ASBIS,2026-05-19 15:49:08.601,2026-05-19 15:49:08.601,system,system,true,,
4235,,,pc,PC,PC,50,ASBIS,2026-05-19 15:49:08.618,2026-05-19 15:49:08.618,system,system,true,,
5936,,,,ECC registered,ECC registered,50,MOST,2026-05-26 01:25:42.425,2026-05-26 01:25:42.425,system,system,true,ecc_registered,
6523,1439,,,Вид дисплей,Display,689,VALI,2026-06-03 01:02:21.608,2026-06-03 01:02:21.608,system,system,true,,
4244,,,име_на_аксесоар,Име на аксесоар,Име на аксесоар,50,ASBIS,2026-05-19 15:49:09.304,2026-05-19 15:49:09.304,system,system,true,,
4245,,,dirty_water_container,Dirty Water Container,Dirty Water Container,50,ASBIS,2026-05-19 15:49:09.320,2026-05-19 15:49:09.320,system,system,true,,
4247,,,поддържан_клас_на_размера_на_батерията,Поддържан клас на размера на батерията,Поддържан клас на размера на батерията,50,ASBIS,2026-05-19 15:49:09.327,2026-05-19 15:49:09.327,system,system,true,,
4249,,,време_за_пълно_зареждане,Време за пълно зареждане,Време за пълно зареждане,50,ASBIS,2026-05-19 15:49:09.333,2026-05-19 15:49:09.333,system,system,true,,
4253,,,standby,Standby,Standby,50,ASBIS,2026-05-19 15:49:09.351,2026-05-19 15:49:09.351,system,system,true,,
4254,,,playback,Playback,Playback,50,ASBIS,2026-05-19 15:49:09.353,2026-05-19 15:49:09.353,system,system,true,,
4255,,,изходна_мощност_на_канал,Изходна мощност на канал,Изходна мощност на канал,50,ASBIS,2026-05-19 15:49:09.360,2026-05-19 15:49:09.360,system,system,true,,
4256,,,брой_високоговорители,Брой високоговорители,Брой високоговорители,50,ASBIS,2026-05-19 15:49:09.399,2026-05-19 15:49:09.399,system,system,true,,
4257,,,tv_характеристики,TV характеристики,TV характеристики,50,ASBIS,2026-05-19 15:49:09.413,2026-05-19 15:49:09.413,system,system,true,,
4258,,,място_на_екрана,Място на екрана,Място на екрана,50,ASBIS,2026-05-19 15:49:09.435,2026-05-19 15:49:09.435,system,system,true,,
4260,,,вграден_tv_тунер,Вграден TV тунер,Вграден TV тунер,50,ASBIS,2026-05-19 15:49:09.442,2026-05-19 15:49:09.442,system,system,true,,
4267,,,захранващ_адаптер,Захранващ адаптер,Захранващ адаптер,50,ASBIS,2026-05-19 15:49:09.943,2026-05-19 15:49:09.943,system,system,true,,
4268,,,sata,SATA,SATA,50,ASBIS,2026-05-19 15:49:09.955,2026-05-19 15:49:09.955,system,system,true,,
4269,,,vga,VGA,VGA,50,ASBIS,2026-05-19 15:49:09.962,2026-05-19 15:49:09.962,system,system,true,,
4271,,,вентилатори_брой,Вентилатори-брой,Вентилатори-брой,50,ASBIS,2026-05-19 15:49:09.969,2026-05-19 15:49:09.969,system,system,true,,
4273,,,характеристики_на_мрежови_диск,Характеристики на мрежови диск,Характеристики на мрежови диск,50,ASBIS,2026-05-19 15:49:10.065,2026-05-19 15:49:10.065,system,system,true,,
4274,,,поддържани_интерфейси,Поддържани интерфейси,Поддържани интерфейси,50,ASBIS,2026-05-19 15:49:10.066,2026-05-19 15:49:10.066,system,system,true,,
4275,,,брой_hot_swap_гнезда_за_3_5_инчови_устройства,"Брой Hot-Swap гнезда за 3,5-инчови устройства","Брой Hot-Swap гнезда за 3,5-инчови устройства",50,ASBIS,2026-05-19 15:49:10.074,2026-05-19 15:49:10.074,system,system,true,,
4276,,,общ_брой_слотове_за_памет,Общ брой слотове за памет,Общ брой слотове за памет,50,ASBIS,2026-05-19 15:49:10.078,2026-05-19 15:49:10.078,system,system,true,,
4277,,,поддържано_raid_ниво,Поддържано RAID ниво,Поддържано RAID ниво,50,ASBIS,2026-05-19 15:49:10.085,2026-05-19 15:49:10.085,system,system,true,,
4278,,,акустичен_дизайн,Акустичен дизайн,Акустичен дизайн,50,ASBIS,2026-05-19 15:49:10.091,2026-05-19 15:49:10.091,system,system,true,,
5468,,,maximum_packet_width,Maximum Packet Width,Maximum Packet Width,50,ASBIS,2026-05-19 15:49:19.795,2026-05-19 15:49:19.795,system,system,true,,
4248,,,tube_type,Тип тръба,Tube Type,50,ASBIS,2026-05-19 15:49:09.333,2026-05-19 15:49:09.333,system,system,true,,
4251,,,warranty_products_returnable,Продукти подлежащи на гаранционно връщане,Warranty Products Returnable,50,ASBIS,2026-05-19 15:49:09.341,2026-05-19 15:49:09.341,system,system,true,,
4252,,,warranty_validation_criteria,Критерии за валидиране на гаранцията,Warranty Validation Criteria,50,ASBIS,2026-05-19 15:49:09.345,2026-05-19 15:49:09.345,system,system,true,,
4259,,,multimedia_type,Мултимедиен тип,Multimedia Type,50,ASBIS,2026-05-19 15:49:09.436,2026-05-19 15:49:09.436,system,system,true,,
4262,,,battery_included,Включена батерия,Battery Included,50,ASBIS,2026-05-19 15:49:09.626,2026-05-19 15:49:09.626,system,system,true,,
4265,,,video_input_channels_quantity,Брой видео входни канали,Video Input Channels Quantity,50,ASBIS,2026-05-19 15:49:09.936,2026-05-19 15:49:09.936,system,system,true,,
4270,,,expansion_slot,Слот за разширение,Expansion Slot,50,ASBIS,2026-05-19 15:49:09.966,2026-05-19 15:49:09.966,system,system,true,,
4272,,,storage_system_type,Тип система за съхранение,Storage System Type,50,ASBIS,2026-05-19 15:49:10.063,2026-05-19 15:49:10.063,system,system,true,,
4279,,,защита_от_влияние_от_външна_среда,Защита от влияние от външна среда,Защита от влияние от външна среда,50,ASBIS,2026-05-19 15:49:10.092,2026-05-19 15:49:10.092,system,system,true,,
4280,,,технология_на_дистанционно_управление,Технология на дистанционно управление,Технология на дистанционно управление,50,ASBIS,2026-05-19 15:49:10.132,2026-05-19 15:49:10.132,system,system,true,,
4281,,,in_cord_контрол,In-Cord контрол,In-Cord контрол,50,ASBIS,2026-05-19 15:49:10.140,2026-05-19 15:49:10.140,system,system,true,,
4282,,,поддържани_цветове,Поддържани цветове,Поддържани цветове,50,ASBIS,2026-05-19 15:49:10.149,2026-05-19 15:49:10.149,system,system,true,,
4283,,,слушалки,Слушалки,Слушалки,50,ASBIS,2026-05-19 15:49:10.154,2026-05-19 15:49:10.154,system,system,true,,
4284,,,формат_на_говорителите,Формат на говорителите,Формат на говорителите,50,ASBIS,2026-05-19 15:49:10.172,2026-05-19 15:49:10.172,system,system,true,,
4285,,,тегло,Тегло,Тегло,50,ASBIS,2026-05-19 15:49:10.173,2026-05-19 15:49:10.173,system,system,true,,
4286,,,макс_вертикален_ъгъл,Макс. вертикален ъгъл,Макс. вертикален ъгъл,50,ASBIS,2026-05-19 15:49:10.404,2026-05-19 15:49:10.404,system,system,true,,
4287,,,максимална_скорост_на_видео_опресняване,Максимална скорост на видео-опресняване,Максимална скорост на видео-опресняване,50,ASBIS,2026-05-19 15:49:10.407,2026-05-19 15:49:10.407,system,system,true,,
4288,,,hdmi_2_1,HDMI 2.1,HDMI 2.1,50,ASBIS,2026-05-19 15:49:10.424,2026-05-19 15:49:10.424,system,system,true,,
4289,,,eprel,EPREL,EPREL,50,ASBIS,2026-05-19 15:49:10.432,2026-05-19 15:49:10.432,system,system,true,,
4290,,,energy_label,Energy Label,Energy Label,50,ASBIS,2026-05-19 15:49:10.539,2026-05-19 15:49:10.539,system,system,true,,
4291,,,usb_a,USB (A),USB (A),50,ASBIS,2026-05-19 15:49:10.544,2026-05-19 15:49:10.544,system,system,true,,
4292,,,ергономични_функции,Ергономични функции,Ергономични функции,50,ASBIS,2026-05-19 15:49:10.546,2026-05-19 15:49:10.546,system,system,true,,
4294,,,цветова_гама,Цветова гама,Цветова гама,50,ASBIS,2026-05-19 15:49:10.558,2026-05-19 15:49:10.558,system,system,true,,
4295,,,монтажни_възможности_на_плосък_панел,Монтажни възможности на плосък панел,Монтажни възможности на плосък панел,50,ASBIS,2026-05-19 15:49:10.589,2026-05-19 15:49:10.589,system,system,true,,
4296,,,тип_на_резбата,Тип на резбата,Тип на резбата,50,ASBIS,2026-05-19 15:49:10.603,2026-05-19 15:49:10.603,system,system,true,,
4297,,,макс_хоризонтален_ъгъл,Макс. хоризонтален ъгъл,Макс. хоризонтален ъгъл,50,ASBIS,2026-05-19 15:49:10.605,2026-05-19 15:49:10.605,system,system,true,,
4298,,,големина_на_използваната_част_от_екрана,Големина на използваната част от екрана,Големина на използваната част от екрана,50,ASBIS,2026-05-19 15:49:10.606,2026-05-19 15:49:10.606,system,system,true,,
4299,,,радиус_на_кривата,Радиус на кривата,Радиус на кривата,50,ASBIS,2026-05-19 15:49:10.628,2026-05-19 15:49:10.628,system,system,true,,
4300,,,usb_b,USB (B),USB (B),50,ASBIS,2026-05-19 15:49:10.637,2026-05-19 15:49:10.637,system,system,true,,
4301,,,големина_на_точката,Големина на точката,Големина на точката,50,ASBIS,2026-05-19 15:49:10.638,2026-05-19 15:49:10.638,system,system,true,,
4302,,,вид_матрица,Вид матрица,Вид матрица,50,ASBIS,2026-05-19 15:49:10.708,2026-05-19 15:49:10.708,system,system,true,,
4303,,,usb_c,USB (C),USB (C),50,ASBIS,2026-05-19 15:49:10.722,2026-05-19 15:49:10.722,system,system,true,,
5937,,,,Compliant devices,Compliant devices,50,MOST,2026-05-26 01:25:42.613,2026-05-26 01:25:42.613,system,system,true,compliant_devices,
4312,,,color,#Color,#Color,50,ASBIS,2026-05-19 15:49:10.777,2026-05-19 15:49:10.777,system,system,true,,
4321,,,в_комплект_с,В комплект с,В комплект с,50,ASBIS,2026-05-19 15:49:11.197,2026-05-19 15:49:11.197,system,system,true,,
4322,,,abs_pa757f,ABS PA757F,ABS PA757F,50,ASBIS,2026-05-19 15:49:11.235,2026-05-19 15:49:11.235,system,system,true,,
4306,,,types_of_product,Видове продукти,Types of Product,50,ASBIS,2026-05-19 15:49:10.730,2026-05-19 15:49:10.730,system,system,true,,
4307,,,structure,Структура,Structure,50,ASBIS,2026-05-19 15:49:10.733,2026-05-19 15:49:10.733,system,system,true,,
4308,,,bag_thickness,Дебелина на торбата,Bag Thickness,50,ASBIS,2026-05-19 15:49:10.734,2026-05-19 15:49:10.734,system,system,true,,
4309,,,internal_material,Вътрешен материал,Internal Material,50,ASBIS,2026-05-19 15:49:10.735,2026-05-19 15:49:10.735,system,system,true,,
5938,,,,Kit of,Kit of,50,MOST,2026-05-26 01:25:42.621,2026-05-26 01:25:42.621,system,system,true,kit_of,
4324,,,pa66101f,PA66101F,PA66101F,50,ASBIS,2026-05-19 15:49:11.243,2026-05-19 15:49:11.243,system,system,true,,
4325,,,pom_fm090,POM FM090,POM FM090,50,ASBIS,2026-05-19 15:49:11.246,2026-05-19 15:49:11.246,system,system,true,,
5939,,,,Write speed ,Write speed ,50,MOST,2026-05-26 01:25:42.678,2026-05-26 01:25:42.678,system,system,true,write_speed,
4333,,,tpe,TPE,TPE,50,ASBIS,2026-05-19 15:49:11.274,2026-05-19 15:49:11.274,system,system,true,,
4336,,,abs_920,ABS 920,ABS 920,50,ASBIS,2026-05-19 15:49:11.285,2026-05-19 15:49:11.285,system,system,true,,
4343,,,минимална_подходяща_височина,Минимална подходяща височина,Минимална подходяща височина,50,ASBIS,2026-05-19 15:49:11.298,2026-05-19 15:49:11.298,system,system,true,,
4344,,,тегло_на_стола,Тегло на стола,Тегло на стола,50,ASBIS,2026-05-19 15:49:11.301,2026-05-19 15:49:11.301,system,system,true,,
4346,,,дълбочина_на_стола,Дълбочина на стола,Дълбочина на стола,50,ASBIS,2026-05-19 15:49:11.313,2026-05-19 15:49:11.313,system,system,true,,
4347,,,височина_на_стола,Височина на стола,Височина на стола,50,ASBIS,2026-05-19 15:49:11.320,2026-05-19 15:49:11.320,system,system,true,,
4348,,,максимална_подходяща_височина,Максимална подходяща височина,Максимална подходяща височина,50,ASBIS,2026-05-19 15:49:11.328,2026-05-19 15:49:11.328,system,system,true,,
4349,,,ширина_на_стола,Ширина на стола,Ширина на стола,50,ASBIS,2026-05-19 15:49:11.331,2026-05-19 15:49:11.331,system,system,true,,
4350,,,характеристики_на_стола,Характеристики на стола,Характеристики на стола,50,ASBIS,2026-05-19 15:49:11.341,2026-05-19 15:49:11.341,system,system,true,,
4351,,,максимално_подходящо_тегло,Максимално подходящо тегло,Максимално подходящо тегло,50,ASBIS,2026-05-19 15:49:11.356,2026-05-19 15:49:11.356,system,system,true,,
4352,,,mabs_558,MABS 558,MABS 558,50,ASBIS,2026-05-19 15:49:11.359,2026-05-19 15:49:11.359,system,system,true,,
4353,,,pp_3_gf,PP+3%GF,PP+3%GF,50,ASBIS,2026-05-19 15:49:11.360,2026-05-19 15:49:11.360,system,system,true,,
4354,,,макс_мощност_w,Макс. мощност (W),Макс. мощност (W),50,ASBIS,2026-05-19 15:49:11.361,2026-05-19 15:49:11.361,system,system,true,,
4355,,,abs417,ABS417,ABS417,50,ASBIS,2026-05-19 15:49:11.364,2026-05-19 15:49:11.364,system,system,true,,
4365,,,economic_operator_in_eu_authorized_representative,Economic operator in EU / authorized representative,Economic operator in EU / authorized representative,50,ASBIS,2026-05-19 15:49:11.495,2026-05-19 15:49:11.495,system,system,true,,
4366,,,postal_address,Postal address,Postal address,50,ASBIS,2026-05-19 15:49:11.510,2026-05-19 15:49:11.510,system,system,true,,
4367,,,electronic_address,Electronic address,Electronic address,50,ASBIS,2026-05-19 15:49:11.525,2026-05-19 15:49:11.525,system,system,true,,
4369,,,договорен_период,Договорен период,Договорен период,50,ASBIS,2026-05-19 15:49:11.538,2026-05-19 15:49:11.538,system,system,true,,
4326,,,mode_types,Видове режими,Mode types,50,ASBIS,2026-05-19 15:49:11.249,2026-05-19 15:49:11.249,system,system,true,,
4328,,,battery_indication,Индикация на батерията,Battery indication,50,ASBIS,2026-05-19 15:49:11.252,2026-05-19 15:49:11.252,system,system,true,,
4329,,,removable_water_tank,Сменяем резервоар за вода,Removable water tank,50,ASBIS,2026-05-19 15:49:11.255,2026-05-19 15:49:11.255,system,system,true,,
4330,,,maximum_continuous_time_use,Максимално непрекъснато ползване,Maximum continuous time use,50,ASBIS,2026-05-19 15:49:11.256,2026-05-19 15:49:11.256,system,system,true,,
4331,,,mode_indication,Индикация на режима,Mode indication,50,ASBIS,2026-05-19 15:49:11.258,2026-05-19 15:49:11.258,system,system,true,,
4334,,,smart_cleaning_programs,Умни програми за почистване,Smart cleaning programs,50,ASBIS,2026-05-19 15:49:11.280,2026-05-19 15:49:11.280,system,system,true,,
4335,,,rotation_jet,Въртящ се струй,Rotation jet,50,ASBIS,2026-05-19 15:49:11.284,2026-05-19 15:49:11.284,system,system,true,,
4337,,,operating_time_on_a_full_water_refueling,Работно вр. след пълно зареждане с вода,Operating time on a full water refueling,50,ASBIS,2026-05-19 15:49:11.288,2026-05-19 15:49:11.288,system,system,true,,
4338,,,water_pulsation_frequency,Честота на пулсиране на водата,Water Pulsation Frequency,50,ASBIS,2026-05-19 15:49:11.290,2026-05-19 15:49:11.290,system,system,true,,
4339,,,water_tank_ml,"Резервоар за вода, мл","Water tank, ml",50,ASBIS,2026-05-19 15:49:11.293,2026-05-19 15:49:11.293,system,system,true,,
4341,,,charging_indication,Индикация на зареждане,Charging indication,50,ASBIS,2026-05-19 15:49:11.295,2026-05-19 15:49:11.295,system,system,true,,
4342,,,irrigator_pressure_psi,"Налягане на иригатора, PSI","Irrigator pressure, PSI",50,ASBIS,2026-05-19 15:49:11.297,2026-05-19 15:49:11.297,system,system,true,,
4345,,,chair_type,Тип стол,Chair Type,50,ASBIS,2026-05-19 15:49:11.311,2026-05-19 15:49:11.311,system,system,true,,
4356,,,anti_fire_abs,Огнеупорен ABS,Anti-fire ABS,50,ASBIS,2026-05-19 15:49:11.366,2026-05-19 15:49:11.366,system,system,true,,
4360,,,voice_pickup_range,Обхват за улавяне на глас,Voice PickUp Range,50,ASBIS,2026-05-19 15:49:11.413,2026-05-19 15:49:11.413,system,system,true,,
4362,,,audio_output_channels_quantity,Брой аудио изходни канали,Audio Output Channels Quantity,50,ASBIS,2026-05-19 15:49:11.492,2026-05-19 15:49:11.492,system,system,true,,
4364,,,connection_type,Тип връзка,Connection type,50,ASBIS,2026-05-19 15:49:11.494,2026-05-19 15:49:11.494,system,system,true,,
4368,,,extension_period,Период на удължаване,Extension Period,50,ASBIS,2026-05-19 15:49:11.536,2026-05-19 15:49:11.536,system,system,true,,
5469,,,vacuum_kpa,Вакуум (kPa),Vacuum (kPa),50,ASBIS,2026-05-19 15:49:19.796,2026-05-19 15:49:19.796,system,system,true,,
4371,,,технология_на_микрофона,Технология на микрофона,Технология на микрофона,50,ASBIS,2026-05-19 15:49:11.548,2026-05-19 15:49:11.548,system,system,true,,
4372,,,s_pdif_in_optical,S/PDIF-in Optical,S/PDIF-in Optical,50,ASBIS,2026-05-19 15:49:11.552,2026-05-19 15:49:11.552,system,system,true,,
4373,,,шум_на_сигнала_на_микрофона,Шум на сигнала на микрофона,Шум на сигнала на микрофона,50,ASBIS,2026-05-19 15:49:11.553,2026-05-19 15:49:11.553,system,system,true,,
4375,,,характеристики_на_слушалки,Характеристики на слушалки,Характеристики на слушалки,50,ASBIS,2026-05-19 15:49:11.568,2026-05-19 15:49:11.568,system,system,true,,
4376,,,микрофон_режим_на_работа,Микрофон - Режим на работа,Микрофон - Режим на работа,50,ASBIS,2026-05-19 15:49:11.570,2026-05-19 15:49:11.570,system,system,true,,
4377,,,монтажен_хардуер_тип,Монтажен хардуер - тип,Монтажен хардуер - тип,50,ASBIS,2026-05-19 15:49:11.583,2026-05-19 15:49:11.583,system,system,true,,
5940,,,,Protocol,Protocol,50,MOST,2026-05-26 01:25:42.814,2026-05-26 01:25:42.814,system,system,true,protocol,
4379,,,работна_влажност,Работна влажност,Работна влажност,50,ASBIS,2026-05-19 15:49:11.590,2026-05-19 15:49:11.590,system,system,true,,
4380,,,poe_out,PoE out,PoE out,50,ASBIS,2026-05-19 15:49:11.592,2026-05-19 15:49:11.592,system,system,true,,
4381,,,технология_на_връзка,Технология на връзка,Технология на връзка,50,ASBIS,2026-05-19 15:49:11.593,2026-05-19 15:49:11.593,system,system,true,,
4382,,,монтаж,Монтаж,Монтаж,50,ASBIS,2026-05-19 15:49:11.602,2026-05-19 15:49:11.602,system,system,true,,
4374,,,макс_видео_резолюция,Макс. видео резолюция,Макс. видео резолюция,80,ASBIS,2026-05-19 15:49:11.558,2026-08-20 09:55:41.357,system,d.eshanovski@gmail.com,true,,
4384,,,поддържани_формат,Поддържани формат,Поддържани формат,81,ASBIS,2026-05-19 15:49:11.608,2026-08-20 09:55:41.357,system,d.eshanovski@gmail.com,true,,
4386,,,pc_2856,PC 2856,PC 2856,50,ASBIS,2026-05-19 15:49:11.621,2026-05-19 15:49:11.621,system,system,true,,
4387,,,tpu,TPU,TPU,50,ASBIS,2026-05-19 15:49:11.622,2026-05-19 15:49:11.622,system,system,true,,
4388,,,списък_съвместими_продукти,Списък съвместими продукти,Списък съвместими продукти,50,ASBIS,2026-05-19 15:49:11.624,2026-05-19 15:49:11.624,system,system,true,,
4390,,,макс_брой_поддържани_захранвания,Макс. брой поддържани захранвания,Макс. брой поддържани захранвания,50,ASBIS,2026-05-19 15:49:11.640,2026-05-19 15:49:11.640,system,system,true,,
4393,,,usb_3_0,USB 3.0,USB 3.0,50,ASBIS,2026-05-19 15:49:11.654,2026-05-19 15:49:11.654,system,system,true,,
4394,,,silica,Silica,Silica,50,ASBIS,2026-05-19 15:49:11.691,2026-05-19 15:49:11.691,system,system,true,,
4395,,,pc_2805,PC 2805,PC 2805,50,ASBIS,2026-05-19 15:49:11.704,2026-05-19 15:49:11.704,system,system,true,,
4396,,,abs_757,ABS 757,ABS 757,50,ASBIS,2026-05-19 15:49:11.705,2026-05-19 15:49:11.705,system,system,true,,
4397,,,abs_558,ABS 558,ABS 558,50,ASBIS,2026-05-19 15:49:11.708,2026-05-19 15:49:11.708,system,system,true,,
4398,,,tpe65,TPE65℃,TPE65℃,50,ASBIS,2026-05-19 15:49:11.710,2026-05-19 15:49:11.710,system,system,true,,
4400,,,ляв_конектор,Ляв конектор,Ляв конектор,50,ASBIS,2026-05-19 15:49:11.715,2026-05-19 15:49:11.715,system,system,true,,
4401,,,десен_конектор,Десен конектор,Десен конектор,50,ASBIS,2026-05-19 15:49:11.741,2026-05-19 15:49:11.741,system,system,true,,
4410,,,мин_влажност_в_неработен_режим,Мин. влажност в неработен режим,Мин. влажност в неработен режим,50,ASBIS,2026-05-19 15:49:11.820,2026-05-19 15:49:11.820,system,system,true,,
4414,,,pbt_15_gf,PBT+15%GF,PBT+15%GF,50,ASBIS,2026-05-19 15:49:11.834,2026-05-19 15:49:11.834,system,system,true,,
5470,,,ppe,PPE,PPE,50,ASBIS,2026-05-19 15:49:19.798,2026-05-19 15:49:19.798,system,system,true,,
4383,,,alarm_input_output,Вход/Изход за аларма,Alarm Input/Output,50,ASBIS,2026-05-19 15:49:11.603,2026-05-19 15:49:11.603,system,system,true,,
4389,,,accessories_category,Категория аксесоари,Accessories Category,50,ASBIS,2026-05-19 15:49:11.634,2026-05-19 15:49:11.634,system,system,true,,
4391,,,supports_remote_connections,Поддържа отдалечени връзки,Supports Remote Connections,50,ASBIS,2026-05-19 15:49:11.648,2026-05-19 15:49:11.648,system,system,true,,
4399,,,phone_line,Телефонна линия,Phone Line,50,ASBIS,2026-05-19 15:49:11.713,2026-05-19 15:49:11.713,system,system,true,,
4402,,,kitchen_appliance_type,Тип кухненски уред,Kitchen Appliance Type,50,ASBIS,2026-05-19 15:49:11.780,2026-05-19 15:49:11.780,system,system,true,,
4403,,,bowl,Купа,Bowl,50,ASBIS,2026-05-19 15:49:11.797,2026-05-19 15:49:11.797,system,system,true,,
4404,,,minimum_cooking_time,Минимално времетраене на готвене,Minimum Cooking Time,50,ASBIS,2026-05-19 15:49:11.805,2026-05-19 15:49:11.805,system,system,true,,
4405,,,cooking_programs_quantity,Брой програми за готвене,Cooking Programs Quantity,50,ASBIS,2026-05-19 15:49:11.807,2026-05-19 15:49:11.807,system,system,true,,
4406,,,heater_features,Характеристики на нагревателя,Heater Features,50,ASBIS,2026-05-19 15:49:11.810,2026-05-19 15:49:11.810,system,system,true,,
4408,,,blender_bowl,Купа за блендер,Blender Bowl,50,ASBIS,2026-05-19 15:49:11.818,2026-05-19 15:49:11.818,system,system,true,,
4411,,,minimum_noise_level,Минимално ниво на шума,Minimum Noise Level,50,ASBIS,2026-05-19 15:49:11.824,2026-05-19 15:49:11.824,system,system,true,,
4412,,,power_consumption_stand_by,Консумация в режим на изчакване,Power Consumption Stand By,50,ASBIS,2026-05-19 15:49:11.826,2026-05-19 15:49:11.826,system,system,true,,
4413,,,maximum_noise_level,Максимално ниво на шума,Maximum Noise Level,50,ASBIS,2026-05-19 15:49:11.827,2026-05-19 15:49:11.827,system,system,true,,
4416,,,automatic_programs,Автоматични програми,Automatic Programs,50,ASBIS,2026-05-19 15:49:11.836,2026-05-19 15:49:11.836,system,system,true,,
4417,,,minimum_speed,Минимална скорост,Minimum Speed,50,ASBIS,2026-05-19 15:49:11.838,2026-05-19 15:49:11.838,system,system,true,,
4419,,,knife_material,Материал на ножа,Knife Material,50,ASBIS,2026-05-19 15:49:11.844,2026-05-19 15:49:11.844,system,system,true,,
4420,,,adjustable_travel,Регулируем ход на клавиш,Adjustable Travel,50,ASBIS,2026-05-19 15:49:11.845,2026-05-19 15:49:11.845,system,system,true,,
5941,,,,Format,Format,50,MOST,2026-05-26 01:25:43.054,2026-05-26 01:25:43.054,system,system,true,format,
4423,,,модул_за_безжично_зареждане_на_слушалки,Модул за безжично зареждане на слушалки,Модул за безжично зареждане на слушалки,50,ASBIS,2026-05-19 15:49:11.937,2026-05-19 15:49:11.937,system,system,true,,
5942,,,,Pump specification,Pump specification,50,MOST,2026-05-26 01:25:43.067,2026-05-26 01:25:43.067,system,system,true,pump_specification,
4425,,,брой_конектори_на_изхода,Брой конектори на изхода,Брой конектори на изхода,50,ASBIS,2026-05-19 15:49:11.942,2026-05-19 15:49:11.942,system,system,true,,
5943,,,,Input [Watt],Input [Watt],50,MOST,2026-05-26 01:25:43.076,2026-05-26 01:25:43.076,system,system,true,input_watt,
4427,,,захранващ_блок_и_адаптер_характеристики,Захранващ блок и адаптер - Характеристики,Захранващ блок и адаптер - Характеристики,50,ASBIS,2026-05-19 15:49:11.983,2026-05-19 15:49:11.983,system,system,true,,
4421,,,dimensions_of_pallet_by_air_cm,Dimensions of pallet (by air)(cm),Dimensions of pallet (by air)(cm),82,ASBIS,2026-05-19 15:49:11.846,2026-08-20 09:55:41.358,system,d.eshanovski@gmail.com,true,,
4429,,,модул_за_безжично_зареждане_на_smartwatch,Модул за безжично зареждане на SmartWatch,Модул за безжично зареждане на SmartWatch,50,ASBIS,2026-05-19 15:49:12.133,2026-05-19 15:49:12.133,system,system,true,,
4431,,,входни_конектори_за_захранване_брой,Входни конектори за захранване - брой,Входни конектори за захранване - брой,50,ASBIS,2026-05-19 15:49:12.149,2026-05-19 15:49:12.149,system,system,true,,
4432,,,входни_конектори_за_захранване_тип,Входни конектори за захранване - тип,Входни конектори за захранване - тип,50,ASBIS,2026-05-19 15:49:12.152,2026-05-19 15:49:12.152,system,system,true,,
4433,,,тип_конектори_на_изхода,Тип конектори на изхода,Тип конектори на изхода,50,ASBIS,2026-05-19 15:49:12.190,2026-05-19 15:49:12.190,system,system,true,,
4434,,,макс_диапазон_на_действие_на_сигнала_на_закрито,Макс. диапазон на действие на сигнала на закрито,Макс. диапазон на действие на сигнала на закрито,50,ASBIS,2026-05-19 15:49:12.201,2026-05-19 15:49:12.201,system,system,true,,
4439,,,модул_за_безжично_зареждане,Модул за безжично зареждане,Модул за безжично зареждане,50,ASBIS,2026-05-19 15:49:12.252,2026-05-19 15:49:12.252,system,system,true,,
4440,,,usb_type_a,USB Type A,USB Type A,50,ASBIS,2026-05-19 15:49:12.253,2026-05-19 15:49:12.253,system,system,true,,
4441,,,поддържа_технология_на_клетъчни_батерии,Поддържа технология на клетъчни батерии,Поддържа технология на клетъчни батерии,50,ASBIS,2026-05-19 15:49:12.258,2026-05-19 15:49:12.258,system,system,true,,
4442,,,usb_type_c1usb_type_c2,USB Type C1USB Type C2,USB Type C1USB Type C2,50,ASBIS,2026-05-19 15:49:12.261,2026-05-19 15:49:12.261,system,system,true,,
4443,,,carton_weight_kg,Carton weight (kg),Carton weight (kg),50,ASBIS,2026-05-19 15:49:12.262,2026-05-19 15:49:12.262,system,system,true,,
4445,,,snapshot_button,Snapshot Button,Snapshot Button,50,ASBIS,2026-05-19 15:49:12.330,2026-05-19 15:49:12.330,system,system,true,,
4454,,,светлинен_индикатор,Светлинен индикатор,Светлинен индикатор,50,ASBIS,2026-05-19 15:49:12.588,2026-05-19 15:49:12.588,system,system,true,,
4455,,,макс_относителна_влажност_на_въздуха,Макс. относителна влажност на въздуха,Макс. относителна влажност на въздуха,50,ASBIS,2026-05-19 15:49:12.593,2026-05-19 15:49:12.593,system,system,true,,
4458,,,мин_относителна_влажност_на_въздуха,Мин. относителна влажност на въздуха,Мин. относителна влажност на въздуха,50,ASBIS,2026-05-19 15:49:12.598,2026-05-19 15:49:12.598,system,system,true,,
4459,,,abs757,ABS757,ABS757,50,ASBIS,2026-05-19 15:49:12.601,2026-05-19 15:49:12.601,system,system,true,,
4424,,,countries_where_allowed_to_sell,Страни за продажба,Countries where allowed to Sell,50,ASBIS,2026-05-19 15:49:11.940,2026-05-19 15:49:11.940,system,system,true,,
4436,,,built_in_cable,Вграден кабел,Built-in Cable,50,ASBIS,2026-05-19 15:49:12.230,2026-05-19 15:49:12.230,system,system,true,,
4438,,,power_display,Дисплей на захранването,Power Display,50,ASBIS,2026-05-19 15:49:12.249,2026-05-19 15:49:12.249,system,system,true,,
4446,,,focus,Фокус,Focus,50,ASBIS,2026-05-19 15:49:12.332,2026-05-19 15:49:12.332,system,system,true,,
4447,,,color_box_dimensions_mm,Размери на цветната кутия (мм),Color box dimensions (mm),50,ASBIS,2026-05-19 15:49:12.335,2026-05-19 15:49:12.335,system,system,true,,
4448,,,single_pack_gross_weight_kg,Бруто тегло на единична опаковка (кг),Single pack gross weight (kg),50,ASBIS,2026-05-19 15:49:12.404,2026-05-19 15:49:12.404,system,system,true,,
4450,,,packs_per_pallet,Опаковки на палет,Packs per Pallet,50,ASBIS,2026-05-19 15:49:12.531,2026-05-19 15:49:12.531,system,system,true,,
4451,,,wireless_charger_type,Тип безжично зарядно,Wireless Charger Type,50,ASBIS,2026-05-19 15:49:12.571,2026-05-19 15:49:12.571,system,system,true,,
4452,,,quantity_of_connected_devices,Брой свързани устройства,Quantity of Connected Devices,50,ASBIS,2026-05-19 15:49:12.574,2026-05-19 15:49:12.574,system,system,true,,
4453,,,product_series,Продуктова серия,Product Series,50,ASBIS,2026-05-19 15:49:12.580,2026-05-19 15:49:12.580,system,system,true,,
4456,,,number_of_cycles_of_foil_cuts,Брой цикли на рязане на фолио,Number of cycles of foil cuts,50,ASBIS,2026-05-19 15:49:12.596,2026-05-19 15:49:12.596,system,system,true,,
5944,,,,Rotation speed [RPM],Rotation speed [RPM],50,MOST,2026-05-26 01:25:43.093,2026-05-26 01:25:43.093,system,system,true,rotation_speed_rpm,
4463,,,usb_тип_c,USB тип C,USB тип C,50,ASBIS,2026-05-19 15:49:12.664,2026-05-19 15:49:12.664,system,system,true,,
4464,,,съвместими_устройства,Съвместими устройства,Съвместими устройства,50,ASBIS,2026-05-19 15:49:12.681,2026-05-19 15:49:12.681,system,system,true,,
4465,,,размер_на_свързани_продукти,Размер на свързани продукти,Размер на свързани продукти,50,ASBIS,2026-05-19 15:49:12.749,2026-05-19 15:49:12.749,system,system,true,,
4466,,,безжично_зареждане,Безжично зареждане,Безжично зареждане,50,ASBIS,2026-05-19 15:49:12.759,2026-05-19 15:49:12.759,system,system,true,,
4467,,,номинална_скорост_мин,Номинална скорост мин,Номинална скорост мин,50,ASBIS,2026-05-19 15:49:12.760,2026-05-19 15:49:12.760,system,system,true,,
4468,,,номинална_скорост,Номинална Скорост,Номинална Скорост,50,ASBIS,2026-05-19 15:49:12.777,2026-05-19 15:49:12.777,system,system,true,,
4469,,,охладителна_система_тип,Охладителна система - тип,Охладителна система - тип,50,ASBIS,2026-05-19 15:49:12.821,2026-05-19 15:49:12.821,system,system,true,,
4470,,,номинално_напрежение,Номинално напрежение,Номинално напрежение,50,ASBIS,2026-05-19 15:49:12.885,2026-05-19 15:49:12.885,system,system,true,,
4472,,,материал_на_чекмеджето,Материал на чекмеджето,Материал на чекмеджето,50,ASBIS,2026-05-19 15:49:12.909,2026-05-19 15:49:12.909,system,system,true,,
4473,,,скорост_на_трансфер_на_интерфейса,Скорост на трансфер на интерфейса,Скорост на трансфер на интерфейса,50,ASBIS,2026-05-19 15:49:12.913,2026-05-19 15:49:12.913,system,system,true,,
4474,,,usb_3_2_gen_1,USB 3.2 Gen 1,USB 3.2 Gen 1,50,ASBIS,2026-05-19 15:49:12.927,2026-05-19 15:49:12.927,system,system,true,,
4475,,,канал_за_данни,Канал за данни,Канал за данни,50,ASBIS,2026-05-19 15:49:12.974,2026-05-19 15:49:12.974,system,system,true,,
4476,,,тип_кутия_за_твърд_диск,Тип кутия за твърд диск,Тип кутия за твърд диск,50,ASBIS,2026-05-19 15:49:12.980,2026-05-19 15:49:12.980,system,system,true,,
4479,,,метод_на_предаване,Метод на предаване,Метод на предаване,50,ASBIS,2026-05-19 15:49:13.024,2026-05-19 15:49:13.024,system,system,true,,
4480,,,екран,Екран,Екран,50,ASBIS,2026-05-19 15:49:13.027,2026-05-19 15:49:13.027,system,system,true,,
4481,,,максимален_ъгъл_на_наклон,Максимален ъгъл на наклон,Максимален ъгъл на наклон,50,ASBIS,2026-05-19 15:49:13.050,2026-05-19 15:49:13.050,system,system,true,,
4482,,,минимален_ъгъл_на_наклон,Минимален ъгъл на наклон,Минимален ъгъл на наклон,50,ASBIS,2026-05-19 15:49:13.064,2026-05-19 15:49:13.064,system,system,true,,
4483,,,характеристики_на_дистанционно_управление,Характеристики на дистанционно управление,Характеристики на дистанционно управление,50,ASBIS,2026-05-19 15:49:13.074,2026-05-19 15:49:13.074,system,system,true,,
4484,,,тип_на_монтаж,Тип на монтаж,Тип на монтаж,50,ASBIS,2026-05-19 15:49:13.079,2026-05-19 15:49:13.079,system,system,true,,
4486,,,охладителна_система_характеристики,Охладителна система - характеристики,Охладителна система - характеристики,50,ASBIS,2026-05-19 15:49:13.082,2026-05-19 15:49:13.082,system,system,true,,
4487,,,номинална_мощност,Номинална Мощност,Номинална Мощност,50,ASBIS,2026-05-19 15:49:13.118,2026-05-19 15:49:13.118,system,system,true,,
4488,,,функционалност_на_кабела,Функционалност на кабела,Функционалност на кабела,50,ASBIS,2026-05-19 15:49:13.141,2026-05-19 15:49:13.141,system,system,true,,
4489,,,usb_тип_a1usb_тип_a2,USB тип A1USB тип A2,USB тип A1USB тип A2,50,ASBIS,2026-05-19 15:49:13.198,2026-05-19 15:49:13.198,system,system,true,,
4490,,,максимален_ток_на_изхода,Максимален ток на изхода,Максимален ток на изхода,50,ASBIS,2026-05-19 15:49:13.200,2026-05-19 15:49:13.200,system,system,true,,
4491,,,micro_usb,Micro USB,Micro USB,50,ASBIS,2026-05-19 15:49:13.203,2026-05-19 15:49:13.203,system,system,true,,
4492,,,usb_тип_a1,USB тип A1,USB тип A1,50,ASBIS,2026-05-19 15:49:13.213,2026-05-19 15:49:13.213,system,system,true,,
4493,,,usb_тип_a2,USB тип A2,USB тип A2,50,ASBIS,2026-05-19 15:49:13.217,2026-05-19 15:49:13.217,system,system,true,,
4494,,,очаквано_максимално_време_за_презареждане_на_батерията,Очаквано максимално време за презареждане на батерията,Очаквано максимално време за презареждане на батерията,50,ASBIS,2026-05-19 15:49:13.220,2026-05-19 15:49:13.220,system,system,true,,
4495,,,материал_смекчаващ_удар,Материал смекчаващ удар,Материал смекчаващ удар,50,ASBIS,2026-05-19 15:49:13.222,2026-05-19 15:49:13.222,system,system,true,,
4496,,,тип_usb_2_0_конектор,Тип USB 2.0 конектор,Тип USB 2.0 конектор,50,ASBIS,2026-05-19 15:49:13.224,2026-05-19 15:49:13.224,system,system,true,,
4497,,,брой_usb_2_0_интерфейси,Брой USB 2.0 интерфейси,Брой USB 2.0 интерфейси,50,ASBIS,2026-05-19 15:49:13.226,2026-05-19 15:49:13.226,system,system,true,,
4500,,,модул_за_безжично_зареждане_на_смартфон,Модул за безжично зареждане на смартфон,Модул за безжично зареждане на смартфон,50,ASBIS,2026-05-19 15:49:13.233,2026-05-19 15:49:13.233,system,system,true,,
4462,,,minimum_diagonal_length,Минимален диагонал,Minimum Diagonal Length,50,ASBIS,2026-05-19 15:49:12.644,2026-05-19 15:49:12.644,system,system,true,,
4477,,,ergonomic_features,Ергономични характеристики,Ergonomic Features,50,ASBIS,2026-05-19 15:49:12.988,2026-05-19 15:49:12.988,system,system,true,,
4478,,,simple_color,Обикновен цвят,Simple Color,50,ASBIS,2026-05-19 15:49:13.004,2026-05-19 15:49:13.004,system,system,true,,
4485,,,holder_type,Тип държач,Holder Type,50,ASBIS,2026-05-19 15:49:13.081,2026-05-19 15:49:13.081,system,system,true,,
4498,,,wireless_chargering,Безжично зареждане,Wireless Chargering,50,ASBIS,2026-05-19 15:49:13.229,2026-05-19 15:49:13.229,system,system,true,,
4499,,,car_cradle_features,Характеристики на стойка за кола,Car Cradle Features,50,ASBIS,2026-05-19 15:49:13.231,2026-05-19 15:49:13.231,system,system,true,,
5471,,,boiling_time,Времетраене за завиране,Boiling Time,50,ASBIS,2026-05-19 15:49:19.799,2026-05-19 15:49:19.799,system,system,true,,
4501,,,характеристики_на_кабел,Характеристики на кабел,Характеристики на кабел,50,ASBIS,2026-05-19 15:49:13.234,2026-05-19 15:49:13.234,system,system,true,,
4502,,,usb3_0,USB3.0,USB3.0,50,ASBIS,2026-05-19 15:49:13.256,2026-05-19 15:49:13.256,system,system,true,,
4503,,,име_на_продукта,Име на продукта,Име на продукта,50,ASBIS,2026-05-19 15:49:13.260,2026-05-19 15:49:13.260,system,system,true,,
5945,,,,MTBF [Hours],MTBF [Hours],50,MOST,2026-05-26 01:25:43.121,2026-05-26 01:25:43.121,system,system,true,mtbf_hours,
4517,,,свързани_продукти_2,Свързани продукти(2),Свързани продукти(2),50,ASBIS,2026-05-19 15:49:13.296,2026-05-19 15:49:13.296,system,system,true,,
4518,,,филтър,Филтър,Филтър,50,ASBIS,2026-05-19 15:49:13.302,2026-05-19 15:49:13.302,system,system,true,,
4520,,,типично_ниво_на_шум_при_работа,Типично ниво на шум при работа,Типично ниво на шум при работа,50,ASBIS,2026-05-19 15:49:13.311,2026-05-19 15:49:13.311,system,system,true,,
4524,,,стандарти_за_защита,Стандарти за защита,Стандарти за защита,50,ASBIS,2026-05-19 15:49:13.386,2026-05-19 15:49:13.386,system,system,true,,
4529,,,usb_3_1_gen_1,USB 3.1 Gen 1,USB 3.1 Gen 1,50,ASBIS,2026-05-19 15:49:13.397,2026-05-19 15:49:13.397,system,system,true,,
4530,,,кабелна_технология,Кабелна технология,Кабелна технология,50,ASBIS,2026-05-19 15:49:13.413,2026-05-19 15:49:13.413,system,system,true,,
4531,,,материал_на_проводника,Материал на проводника,Материал на проводника,50,ASBIS,2026-05-19 15:49:13.417,2026-05-19 15:49:13.417,system,system,true,,
4532,,,съвместими_стандарти_за_кабел,Съвместими стандарти за кабел,Съвместими стандарти за кабел,50,ASBIS,2026-05-19 15:49:13.417,2026-05-19 15:49:13.417,system,system,true,,
4533,,,връзки,Връзки,Връзки,50,ASBIS,2026-05-19 15:49:13.438,2026-05-19 15:49:13.438,system,system,true,,
4535,,,usb_type_c2,USB Type C2,USB Type C2,50,ASBIS,2026-05-19 15:49:13.440,2026-05-19 15:49:13.440,system,system,true,,
4536,,,usb_type_c1,USB Type C1,USB Type C1,50,ASBIS,2026-05-19 15:49:13.444,2026-05-19 15:49:13.444,system,system,true,,
4538,,,свързани_продукти_3,Свързани продукти(3),Свързани продукти(3),50,ASBIS,2026-05-19 15:49:13.466,2026-05-19 15:49:13.466,system,system,true,,
4539,,,тип_сервизна_поддръжка,Тип сервизна поддръжка,Тип сервизна поддръжка,50,ASBIS,2026-05-19 15:49:13.471,2026-05-19 15:49:13.471,system,system,true,,
4540,,,брой_поддържани_флаш_карти,Брой поддържани флаш карти,Брой поддържани флаш карти,50,ASBIS,2026-05-19 15:49:13.472,2026-05-19 15:49:13.472,system,system,true,,
4541,,,тип_флаш_памет,Тип флаш памет,Тип флаш памет,50,ASBIS,2026-05-19 15:49:13.481,2026-05-19 15:49:13.481,system,system,true,,
4542,,,необходим_разширителен_слот,Необходим разширителен слот,Необходим разширителен слот,50,ASBIS,2026-05-19 15:49:13.509,2026-05-19 15:49:13.509,system,system,true,,
4543,,,тип_периферия,Тип периферия,Тип периферия,50,ASBIS,2026-05-19 15:49:13.532,2026-05-19 15:49:13.532,system,system,true,,
4544,,,четец_за_карти,Четец за карти,Четец за карти,50,ASBIS,2026-05-19 15:49:13.536,2026-05-19 15:49:13.536,system,system,true,,
4546,,,име_на_ядро,Име на ядро,Име на ядро,50,ASBIS,2026-05-19 15:49:13.545,2026-05-19 15:49:13.545,system,system,true,,
4547,,,максималният_размер_на_паметта,Максималният размер на паметта,Максималният размер на паметта,50,ASBIS,2026-05-19 15:49:13.564,2026-05-19 15:49:13.564,system,system,true,,
4548,,,честотата_на_графичен_ускорител,Честотата на графичен ускорител,Честотата на графичен ускорител,50,ASBIS,2026-05-19 15:49:13.566,2026-05-19 15:49:13.566,system,system,true,,
4505,,,adjustment_type,Тип настройка,Adjustment Type,50,ASBIS,2026-05-19 15:49:13.263,2026-05-19 15:49:13.263,system,system,true,,
4507,,,mounting_hardware_type,Тип хардуер за монтаж,Mounting Hardware Type,50,ASBIS,2026-05-19 15:49:13.266,2026-05-19 15:49:13.266,system,system,true,,
4508,,,package_type,Тип опаковка,Package Type,50,ASBIS,2026-05-19 15:49:13.267,2026-05-19 15:49:13.267,system,system,true,,
4509,,,parent_products,Родителски продукти,Parent Products,50,ASBIS,2026-05-19 15:49:13.270,2026-05-19 15:49:13.270,system,system,true,,
4510,,,packs_in_box,Опаковки в кутия,Packs in Box,50,ASBIS,2026-05-19 15:49:13.272,2026-05-19 15:49:13.272,system,system,true,,
4511,,,external_color,Външен цвят,External Color,50,ASBIS,2026-05-19 15:49:13.274,2026-05-19 15:49:13.274,system,system,true,,
4512,,,pack_weight_netto_kg,Нето тегло на опаковката (кг),Pack Weight Netto (kg),50,ASBIS,2026-05-19 15:49:13.276,2026-05-19 15:49:13.276,system,system,true,,
4513,,,compliant_devices,Съвместими устройства,Compliant Devices,50,ASBIS,2026-05-19 15:49:13.283,2026-05-19 15:49:13.283,system,system,true,,
4515,,,device_location,Местоположение на устройството,Device Location,50,ASBIS,2026-05-19 15:49:13.290,2026-05-19 15:49:13.290,system,system,true,,
4516,,,accessory_name,Наименование на аксесоара,Accessory Name,50,ASBIS,2026-05-19 15:49:13.292,2026-05-19 15:49:13.292,system,system,true,,
4519,,,kettle_capacity,Капацитет на кана,Kettle Capacity,50,ASBIS,2026-05-19 15:49:13.306,2026-05-19 15:49:13.306,system,system,true,,
4522,,,power_output,Изходна мощност,Power Output,50,ASBIS,2026-05-19 15:49:13.366,2026-05-19 15:49:13.366,system,system,true,,
4525,,,article,Артикул,Article,50,ASBIS,2026-05-19 15:49:13.388,2026-05-19 15:49:13.388,system,system,true,,
4526,,,arm_rotation,Ротация на рамото,Arm Rotation,50,ASBIS,2026-05-19 15:49:13.390,2026-05-19 15:49:13.390,system,system,true,,
4534,,,power_in_out,Захранване вход/изход,Power In/Out,50,ASBIS,2026-05-19 15:49:13.439,2026-05-19 15:49:13.439,system,system,true,,
4537,,,pack_weight_kg,Тегло на опаковката (кг),Pack Weight (kg),50,ASBIS,2026-05-19 15:49:13.451,2026-05-19 15:49:13.451,system,system,true,,
4545,,,card_reader_features,Характеристики на четец за карти,Card Reader Features,50,ASBIS,2026-05-19 15:49:13.543,2026-05-19 15:49:13.543,system,system,true,,
4549,,,предлага_l3_кеш_капацитет,Предлага L3 кеш капацитет,Предлага L3 кеш капацитет,50,ASBIS,2026-05-19 15:49:13.571,2026-05-19 15:49:13.571,system,system,true,,
4550,,,набор_на_команди,Набор на команди,Набор на команди,50,ASBIS,2026-05-19 15:49:13.579,2026-05-19 15:49:13.579,system,system,true,,
4551,,,размер_на_подложката,Размер на подложката,Размер на подложката,50,ASBIS,2026-05-19 15:49:13.581,2026-05-19 15:49:13.581,system,system,true,,
5946,,,,Read speed,Read speed,50,MOST,2026-05-26 01:25:43.141,2026-05-26 01:25:43.141,system,system,true,read_speed,
4553,,,видове_памет,Видове памет,Видове памет,50,ASBIS,2026-05-19 15:49:13.602,2026-05-19 15:49:13.602,system,system,true,,
4554,,,предлага_l2_кеш_капацитет,Предлага L2 кеш капацитет,Предлага L2 кеш капацитет,50,ASBIS,2026-05-19 15:49:13.616,2026-05-19 15:49:13.616,system,system,true,,
4556,,,канали_на_паметта,Канали на паметта,Канали на паметта,50,ASBIS,2026-05-19 15:49:13.643,2026-05-19 15:49:13.643,system,system,true,,
4557,,,метод_на_охлаждане,Метод на охлаждане,Метод на охлаждане,50,ASBIS,2026-05-19 15:49:13.644,2026-05-19 15:49:13.644,system,system,true,,
4561,,,max_number_of_dmi_lanes,Max Number of DMI Lanes,Max Number of DMI Lanes,50,ASBIS,2026-05-19 15:49:13.669,2026-05-19 15:49:13.669,system,system,true,,
4570,,,графична_карта,Графична карта,Графична карта,50,ASBIS,2026-05-19 15:49:13.714,2026-05-19 15:49:13.714,system,system,true,,
4574,,,tdp,TDP,TDP,50,ASBIS,2026-05-19 15:49:13.735,2026-05-19 15:49:13.735,system,system,true,,
4578,,,архитектура,Архитектура,Архитектура,50,ASBIS,2026-05-19 15:49:13.747,2026-05-19 15:49:13.747,system,system,true,,
4582,,,процесор_брой_ядра,Процесор - брой ядра,Процесор - брой ядра,50,ASBIS,2026-05-19 15:49:13.768,2026-05-19 15:49:13.768,system,system,true,,
4584,,,neural_processing_unit_npu,Neural Processing Unit (NPU),Neural Processing Unit (NPU),50,ASBIS,2026-05-19 15:49:13.773,2026-05-19 15:49:13.773,system,system,true,,
4585,,,npu_tops,NPU TOPS,NPU TOPS,50,ASBIS,2026-05-19 15:49:13.774,2026-05-19 15:49:13.774,system,system,true,,
4587,,,тип_на_усилвателя_на_колони,Тип на усилвателя на колони,Тип на усилвателя на колони,50,ASBIS,2026-05-19 15:49:13.777,2026-05-19 15:49:13.777,system,system,true,,
4588,,,s_pdif,S/PDIF,S/PDIF,50,ASBIS,2026-05-19 15:49:13.778,2026-05-19 15:49:13.778,system,system,true,,
4589,,,s_pdif_out_optical,S/PDIF-out Optical,S/PDIF-out Optical,50,ASBIS,2026-05-19 15:49:13.781,2026-05-19 15:49:13.781,system,system,true,,
4590,,,суб_буфер,Суб буфер,Суб буфер,50,ASBIS,2026-05-19 15:49:13.783,2026-05-19 15:49:13.783,system,system,true,,
4591,,,вход_за_микрофон,Вход за микрофон,Вход за микрофон,50,ASBIS,2026-05-19 15:49:13.815,2026-05-19 15:49:13.815,system,system,true,,
4593,,,източник_на_захранване,Източник на захранване,Източник на захранване,50,ASBIS,2026-05-19 15:49:13.821,2026-05-19 15:49:13.821,system,system,true,,
4594,,,ethernet_powerlink,Ethernet powerlink,Ethernet powerlink,50,ASBIS,2026-05-19 15:49:13.823,2026-05-19 15:49:13.823,system,system,true,,
4597,,,aux_in_out,AUX In/Out,AUX In/Out,50,ASBIS,2026-05-19 15:49:13.837,2026-05-19 15:49:13.837,system,system,true,,
4558,,,supported_memory_speed,Поддържана честота на паметта,Supported Memory Speed,50,ASBIS,2026-05-19 15:49:13.651,2026-05-19 15:49:13.651,system,system,true,,
4559,,,performance_cores_quantity,Брой P-ядра,Performance-cores Quantity,50,ASBIS,2026-05-19 15:49:13.660,2026-05-19 15:49:13.660,system,system,true,,
4560,,,maximum_tdp,Максимален TDP,Maximum TDP,50,ASBIS,2026-05-19 15:49:13.662,2026-05-19 15:49:13.662,system,system,true,,
4562,,,efficient_core_turbo_clock_rate,Turbo честота на E-ядра,Efficient-core Turbo Clock Rate,50,ASBIS,2026-05-19 15:49:13.670,2026-05-19 15:49:13.670,system,system,true,,
4563,,,performance_core_base_clock_rate,Базова честота на P-ядра,Performance-core Base Clock Rate,50,ASBIS,2026-05-19 15:49:13.677,2026-05-19 15:49:13.677,system,system,true,,
4564,,,performance_core_turbo_clock_rate,Turbo честота на P-ядра,Performance-core Turbo Clock Rate,50,ASBIS,2026-05-19 15:49:13.691,2026-05-19 15:49:13.691,system,system,true,,
4565,,,efficient_core_base_clock_rate,Базова честота на E-ядра,Efficient-core Base Clock Rate,50,ASBIS,2026-05-19 15:49:13.697,2026-05-19 15:49:13.697,system,system,true,,
4566,,,efficient_cores_quantity,Брой E-ядра,Efficient-cores Quantity,50,ASBIS,2026-05-19 15:49:13.703,2026-05-19 15:49:13.703,system,system,true,,
4567,,,instruction_set,Набор от инструкции,Instruction Set,50,ASBIS,2026-05-19 15:49:13.707,2026-05-19 15:49:13.707,system,system,true,,
4568,,,cpu_bus,CPU шина,CPU Bus,50,ASBIS,2026-05-19 15:49:13.708,2026-05-19 15:49:13.708,system,system,true,,
4569,,,production_technology,Технология на производство,Production Technology,50,ASBIS,2026-05-19 15:49:13.711,2026-05-19 15:49:13.711,system,system,true,,
4572,,,cpu_clock_rate,Тактова честота на CPU,CPU Clock Rate,50,ASBIS,2026-05-19 15:49:13.722,2026-05-19 15:49:13.722,system,system,true,,
4573,,,cache_size,Размер на кеша,Cache Size,50,ASBIS,2026-05-19 15:49:13.729,2026-05-19 15:49:13.729,system,system,true,,
4575,,,multiprocessing,Мултипроцесиране,Multiprocessing,50,ASBIS,2026-05-19 15:49:13.741,2026-05-19 15:49:13.741,system,system,true,,
4576,,,memory_types,Типове памет,Memory Types,50,ASBIS,2026-05-19 15:49:13.742,2026-05-19 15:49:13.742,system,system,true,,
4577,,,memory_channels_supports,Поддържани канали на паметта,Memory Channels Supports,50,ASBIS,2026-05-19 15:49:13.745,2026-05-19 15:49:13.745,system,system,true,,
4579,,,maximum_cpu_temperature,Макс. температура на CPU,Maximum CPU Temperature,50,ASBIS,2026-05-19 15:49:13.758,2026-05-19 15:49:13.758,system,system,true,,
4580,,,graphic_card,Видеокарта,Graphic Card,50,ASBIS,2026-05-19 15:49:13.764,2026-05-19 15:49:13.764,system,system,true,,
4583,,,cpu_features,Характеристики на CPU,CPU Features,50,ASBIS,2026-05-19 15:49:13.772,2026-05-19 15:49:13.772,system,system,true,,
4586,,,graphics_base_frequency,Базова честота на GPU,Graphics Base Frequency,50,ASBIS,2026-05-19 15:49:13.776,2026-05-19 15:49:13.776,system,system,true,,
4592,,,tweeter_midrange_woofer,Висок/Среден/Нисък говорител,Tweeter/Midrange/Woofer,50,ASBIS,2026-05-19 15:49:13.820,2026-05-19 15:49:13.820,system,system,true,,
4595,,,audio_in,Аудио вход,Audio In,50,ASBIS,2026-05-19 15:49:13.824,2026-05-19 15:49:13.824,system,system,true,,
4596,,,wired_charging,Зареждане с кабел,Wired Charging,50,ASBIS,2026-05-19 15:49:13.832,2026-05-19 15:49:13.832,system,system,true,,
4598,,,tweeter_midrange,Висок/Среднотонов говорител,Tweeter/Midrange,50,ASBIS,2026-05-19 15:49:13.842,2026-05-19 15:49:13.842,system,system,true,,
4599,,,hdmi_in,HDMI In,HDMI In,50,ASBIS,2026-05-19 15:49:13.844,2026-05-19 15:49:13.844,system,system,true,,
4600,,,изходна_мощност_на_суб_буфер,Изходна мощност на суб буфер,Изходна мощност на суб буфер,50,ASBIS,2026-05-19 15:49:13.846,2026-05-19 15:49:13.846,system,system,true,,
4601,,,порт_за_слушалки,Порт за слушалки,Порт за слушалки,50,ASBIS,2026-05-19 15:49:13.855,2026-05-19 15:49:13.855,system,system,true,,
4602,,,тип_дистанционно_управление,Тип дистанционно управление,Тип дистанционно управление,50,ASBIS,2026-05-19 15:49:13.857,2026-05-19 15:49:13.857,system,system,true,,
4603,,,central,Central,Central,50,ASBIS,2026-05-19 15:49:13.860,2026-05-19 15:49:13.860,system,system,true,,
4604,,,честотен_диапазон_изход_вход_на_суб_буфер,Честотен диапазон изход/вход на суб буфер,Честотен диапазон изход/вход на суб буфер,50,ASBIS,2026-05-19 15:49:13.867,2026-05-19 15:49:13.867,system,system,true,,
4605,,,схема_на_насоченост,Схема на насоченост,Схема на насоченост,50,ASBIS,2026-05-19 15:49:13.878,2026-05-19 15:49:13.878,system,system,true,,
4606,,,hdmi_out,HDMI Out,HDMI Out,50,ASBIS,2026-05-19 15:49:13.880,2026-05-19 15:49:13.880,system,system,true,,
4607,,,високоговорител,Високоговорител,Високоговорител,50,ASBIS,2026-05-19 15:49:13.882,2026-05-19 15:49:13.882,system,system,true,,
4608,,,a_v,A/V,A/V,50,ASBIS,2026-05-19 15:49:13.892,2026-05-19 15:49:13.892,system,system,true,,
4609,,,страни,Страни,Страни,50,ASBIS,2026-05-19 15:49:13.893,2026-05-19 15:49:13.893,system,system,true,,
5947,,,,Maximum air flow [CFM],Maximum air flow [CFM],50,MOST,2026-05-26 01:25:43.144,2026-05-26 01:25:43.144,system,system,true,maximum_air_flow_cfm,
4611,,,сериен,Сериен,Сериен,50,ASBIS,2026-05-19 15:49:13.896,2026-05-19 15:49:13.896,system,system,true,,
4612,,,s_pdif_in_coaxial,S/PDIF-in Coaxial,S/PDIF-in Coaxial,50,ASBIS,2026-05-19 15:49:13.903,2026-05-19 15:49:13.903,system,system,true,,
4613,,,s_pdif_out,S/PDIF-out,S/PDIF-out,50,ASBIS,2026-05-19 15:49:13.905,2026-05-19 15:49:13.905,system,system,true,,
4615,,,начин_на_взимане_от_склада,Начин на взимане от склада,Начин на взимане от склада,50,ASBIS,2026-05-19 15:49:13.908,2026-05-19 15:49:13.908,system,system,true,,
4616,,,минимален_честотен_диапазон_изход_вход,Минимален честотен диапазон изход/вход,Минимален честотен диапазон изход/вход,50,ASBIS,2026-05-19 15:49:13.911,2026-05-19 15:49:13.911,system,system,true,,
4617,,,максимален_честотен_диапазон_изход_вход,Максимален честотен диапазон изход/вход,Максимален честотен диапазон изход/вход,50,ASBIS,2026-05-19 15:49:13.917,2026-05-19 15:49:13.917,system,system,true,,
4618,,,satellite,Satellite,Satellite,50,ASBIS,2026-05-19 15:49:13.920,2026-05-19 15:49:13.920,system,system,true,,
4622,,,soundbar,Soundbar,Soundbar,50,ASBIS,2026-05-19 15:49:13.928,2026-05-19 15:49:13.928,system,system,true,,
4623,,,s_pdif_out_coaxial,S/PDIF-out Coaxial,S/PDIF-out Coaxial,50,ASBIS,2026-05-19 15:49:13.933,2026-05-19 15:49:13.933,system,system,true,,
4625,,,брой_входни_audio_line_интерфейси,Брой входни Audio Line интерфейси,Брой входни Audio Line интерфейси,50,ASBIS,2026-05-19 15:49:13.936,2026-05-19 15:49:13.936,system,system,true,,
4626,,,брой_входни_audio_line_интерфейс_конектори,Брой входни Audio Line интерфейс конектори,Брой входни Audio Line интерфейс конектори,50,ASBIS,2026-05-19 15:49:13.938,2026-05-19 15:49:13.938,system,system,true,,
4627,,,тип_конектор_за_слушалки,Тип конектор за слушалки,Тип конектор за слушалки,50,ASBIS,2026-05-19 15:49:13.939,2026-05-19 15:49:13.939,system,system,true,,
4628,,,брой_конектори_за_слушалки,Брой конектори за слушалки,Брой конектори за слушалки,50,ASBIS,2026-05-19 15:49:13.942,2026-05-19 15:49:13.942,system,system,true,,
4629,,,брой_изходящи_аудио_line_интерфейси,Брой изходящи Аудио Line интерфейси,Брой изходящи Аудио Line интерфейси,50,ASBIS,2026-05-19 15:49:13.943,2026-05-19 15:49:13.943,system,system,true,,
4634,,,изходна_мощност_на_задната_тонколона,Изходна мощност на задната тонколона,Изходна мощност на задната тонколона,50,ASBIS,2026-05-19 15:49:13.958,2026-05-19 15:49:13.958,system,system,true,,
4635,,,акустичен_импеданс,Акустичен Импеданс,Акустичен Импеданс,50,ASBIS,2026-05-19 15:49:13.960,2026-05-19 15:49:13.960,system,system,true,,
4637,,,тип_входни_audio_line_интерфейс_конектори,Тип входни Audio Line интерфейс конектори,Тип входни Audio Line интерфейс конектори,50,ASBIS,2026-05-19 15:49:13.964,2026-05-19 15:49:13.964,system,system,true,,
4640,,,тип_терминатор,Тип терминатор,Тип терминатор,50,ASBIS,2026-05-19 15:49:13.973,2026-05-19 15:49:13.973,system,system,true,,
4641,,,hdmi_2_0,HDMI 2.0,HDMI 2.0,50,ASBIS,2026-05-19 15:49:13.981,2026-05-19 15:49:13.981,system,system,true,,
4642,,,rs232,RS232,RS232,50,ASBIS,2026-05-19 15:49:13.984,2026-05-19 15:49:13.984,system,system,true,,
4643,,,"3g_sdi","3G-SDI","3G-SDI",50,ASBIS,2026-05-19 15:49:13.985,2026-05-19 15:49:13.985,system,system,true,,
4614,,,surround,Обемен звук,Surround,50,ASBIS,2026-05-19 15:49:13.906,2026-05-19 15:49:13.906,system,system,true,,
4619,,,side,Страна,Side,50,ASBIS,2026-05-19 15:49:13.921,2026-05-19 15:49:13.921,system,system,true,,
4621,,,subwoofer,Нискотонов говорител,Subwoofer,50,ASBIS,2026-05-19 15:49:13.925,2026-05-19 15:49:13.925,system,system,true,,
4624,,,tweeter_full_range,Висок/Пълнообхватен говорител,Tweeter/Full Range,50,ASBIS,2026-05-19 15:49:13.935,2026-05-19 15:49:13.935,system,system,true,,
4630,,,headphones,Слушалки,Headphones,50,ASBIS,2026-05-19 15:49:13.944,2026-05-19 15:49:13.944,system,system,true,,
4631,,,box_height_mm,Височина на кутията (мм),Box Height (mm),50,ASBIS,2026-05-19 15:49:13.946,2026-05-19 15:49:13.946,system,system,true,,
4632,,,box_width_mm,Ширина на кутията (мм),Box Width (mm),50,ASBIS,2026-05-19 15:49:13.950,2026-05-19 15:49:13.950,system,system,true,,
4636,,,audio_out,Аудио изход,Audio Out,50,ASBIS,2026-05-19 15:49:13.962,2026-05-19 15:49:13.962,system,system,true,,
4638,,,left_right,Ляво/Дясно,Left/Right,50,ASBIS,2026-05-19 15:49:13.965,2026-05-19 15:49:13.965,system,system,true,,
4639,,,power_interface,Интерфейс за захранване,Power interface,50,ASBIS,2026-05-19 15:49:13.966,2026-05-19 15:49:13.966,system,system,true,,
5472,,,coverage_area_up_to,Площ на покритие до,Coverage Area up to,50,ASBIS,2026-05-19 15:49:19.800,2026-05-19 15:49:19.800,system,system,true,,
5948,,,,Acoustical noise [dB (A)],Acoustical noise [dB (A)],50,MOST,2026-05-26 01:25:43.222,2026-05-26 01:25:43.222,system,system,true,acoustical_noise_db_a,
6524,1440,,,За,For,707,VALI,2026-06-03 01:02:21.610,2026-06-03 01:02:21.610,system,system,true,,
4646,,,rs485,RS485,RS485,50,ASBIS,2026-05-19 15:49:13.989,2026-05-19 15:49:13.989,system,system,true,,
4647,,,rear_високоговорител,Rear/Високоговорител,Rear/Високоговорител,50,ASBIS,2026-05-19 15:49:13.990,2026-05-19 15:49:13.990,system,system,true,,
4648,,,брой_входящи_s_pdif_оптични_конектори,Брой входящи S/PDIF оптични конектори,Брой входящи S/PDIF оптични конектори,50,ASBIS,2026-05-19 15:49:13.991,2026-05-19 15:49:13.991,system,system,true,,
4649,,,брой_входящи_s_pdif_коаксиални_конектори,Брой входящи S/PDIF коаксиални конектори,Брой входящи S/PDIF коаксиални конектори,50,ASBIS,2026-05-19 15:49:13.992,2026-05-19 15:49:13.992,system,system,true,,
4650,,,ir_frame_capture_rate,IR Frame Capture Rate,IR Frame Capture Rate,50,ASBIS,2026-05-19 15:49:13.993,2026-05-19 15:49:13.993,system,system,true,,
4651,,,ir_camera_resolution,IR Camera Resolution,IR Camera Resolution,50,ASBIS,2026-05-19 15:49:13.994,2026-05-19 15:49:13.994,system,system,true,,
4653,,,скорост_на_сериен_трансфер_на_данните,Скорост на сериен трансфер на данните,Скорост на сериен трансфер на данните,50,ASBIS,2026-05-19 15:49:13.999,2026-05-19 15:49:13.999,system,system,true,,
4655,,,комутационен_протокол,Комутационен протокол,Комутационен протокол,50,ASBIS,2026-05-19 15:49:14.024,2026-05-19 15:49:14.024,system,system,true,,
4656,,,комутационни_слоеве,Комутационни слоеве,Комутационни слоеве,50,ASBIS,2026-05-19 15:49:14.025,2026-05-19 15:49:14.025,system,system,true,,
4657,,,размер_на_таблицата_с_мас_адреси,Размер на таблицата с МАС адреси,Размер на таблицата с МАС адреси,50,ASBIS,2026-05-19 15:49:14.028,2026-05-19 15:49:14.028,system,system,true,,
4658,,,тип_порт_за_каскадиране,Тип порт за каскадиране,Тип порт за каскадиране,50,ASBIS,2026-05-19 15:49:14.032,2026-05-19 15:49:14.032,system,system,true,,
4659,,,gps_antenna,GPS-Antenna,GPS-Antenna,50,ASBIS,2026-05-19 15:49:14.034,2026-05-19 15:49:14.034,system,system,true,,
4660,,,poe_adapter,PoE Adapter,PoE Adapter,50,ASBIS,2026-05-19 15:49:14.035,2026-05-19 15:49:14.035,system,system,true,,
4661,,,rf,RF,RF,50,ASBIS,2026-05-19 15:49:14.037,2026-05-19 15:49:14.037,system,system,true,,
4662,,,общо_количество_портове,Общо количество портове,Общо количество портове,50,ASBIS,2026-05-19 15:49:14.038,2026-05-19 15:49:14.038,system,system,true,,
4664,,,изходна_мощност_на_радио,Изходна мощност на радио,Изходна мощност на радио,50,ASBIS,2026-05-19 15:49:14.045,2026-05-19 15:49:14.045,system,system,true,,
4666,,,количество_канали,Количество канали,Количество канали,50,ASBIS,2026-05-19 15:49:14.050,2026-05-19 15:49:14.050,system,system,true,,
4667,,,скорост_на_пренос_на_данни,Скорост на пренос на данни,Скорост на пренос на данни,50,ASBIS,2026-05-19 15:49:14.051,2026-05-19 15:49:14.051,system,system,true,,
4670,,,sfp28,SFP28,SFP28,50,ASBIS,2026-05-19 15:49:14.074,2026-05-19 15:49:14.074,system,system,true,,
4671,,,sfp_слот_брой,SFP слот - брой,SFP слот - брой,50,ASBIS,2026-05-19 15:49:14.081,2026-05-19 15:49:14.081,system,system,true,,
4672,,,стандарт_на_конектора,Стандарт на конектора,Стандарт на конектора,50,ASBIS,2026-05-19 15:49:14.084,2026-05-19 15:49:14.084,system,system,true,,
4673,,,максимално_разстояние,Максимално разстояние,Максимално разстояние,50,ASBIS,2026-05-19 15:49:14.087,2026-05-19 15:49:14.087,system,system,true,,
4674,,,optical_wave_length,Optical Wave Length,Optical Wave Length,50,ASBIS,2026-05-19 15:49:14.091,2026-05-19 15:49:14.091,system,system,true,,
4675,,,изолационен_материал,Изолационен материал,Изолационен материал,50,ASBIS,2026-05-19 15:49:14.092,2026-05-19 15:49:14.092,system,system,true,,
4677,,,брой_антени_за_безжична_мрежа,Брой антени за безжична мрежа,Брой антени за безжична мрежа,50,ASBIS,2026-05-19 15:49:14.106,2026-05-19 15:49:14.106,system,system,true,,
4678,,,безжични_мрежи,Безжични мрежи,Безжични мрежи,50,ASBIS,2026-05-19 15:49:14.116,2026-05-19 15:49:14.116,system,system,true,,
4679,,,power_supply_redundant,Power Supply - redundant,Power Supply - redundant,50,ASBIS,2026-05-19 15:49:14.133,2026-05-19 15:49:14.133,system,system,true,,
4680,,,qsfp28,QSFP28,QSFP28,50,ASBIS,2026-05-19 15:49:14.136,2026-05-19 15:49:14.136,system,system,true,,
4681,,,макс_брой_поддържани_потребители,Макс. брой поддържани потребители,Макс. брой поддържани потребители,50,ASBIS,2026-05-19 15:49:14.137,2026-05-19 15:49:14.137,system,system,true,,
4682,,,тип_модулация,Тип модулация,Тип модулация,50,ASBIS,2026-05-19 15:49:14.142,2026-05-19 15:49:14.142,system,system,true,,
4685,,,протокол_за_маршрутизация,Протокол за маршрутизация,Протокол за маршрутизация,50,ASBIS,2026-05-19 15:49:14.154,2026-05-19 15:49:14.154,system,system,true,,
4645,,,field_of_view_fov,Ъгъл на видимост (FOV),Field of View FOV,50,ASBIS,2026-05-19 15:49:13.988,2026-05-19 15:49:13.988,system,system,true,,
4652,,,wi_fi_band_frequency,Честотна лента на Wi-Fi,Wi-Fi Band Frequency,50,ASBIS,2026-05-19 15:49:13.995,2026-05-19 15:49:13.995,system,system,true,,
4654,,,power_over_ethernet_power_adapter,PoE/Захранващ адаптер,Power over Ethernet/Power Adapter,50,ASBIS,2026-05-19 15:49:14.021,2026-05-19 15:49:14.021,system,system,true,,
4663,,,sold_separately,Продава се отделно,Sold Separately,50,ASBIS,2026-05-19 15:49:14.043,2026-05-19 15:49:14.043,system,system,true,,
4665,,,amplification,Усилване,Amplification,50,ASBIS,2026-05-19 15:49:14.048,2026-05-19 15:49:14.048,system,system,true,,
4669,,,management_port,Управляващ порт,Management Port,50,ASBIS,2026-05-19 15:49:14.071,2026-05-19 15:49:14.071,system,system,true,,
4676,,,wireless_frequency,Безжична честота,Wireless Frequency,50,ASBIS,2026-05-19 15:49:14.102,2026-05-19 15:49:14.102,system,system,true,,
4683,,,lan_wan,LAN/WAN,LAN/WAN,50,ASBIS,2026-05-19 15:49:14.148,2026-05-19 15:49:14.148,system,system,true,,
5473,,,air_appliances_features,Характеристики на въздушни уреди,Air Appliances Features,50,ASBIS,2026-05-19 15:49:19.810,2026-05-19 15:49:19.810,system,system,true,,
4686,,,макс_работна_околна_температура,Макс. работна околна температура,Макс. работна околна температура,50,ASBIS,2026-05-19 15:49:14.157,2026-05-19 15:49:14.157,system,system,true,,
4687,,,мин_работна_околна_температура,Мин. работна околна температура,Мин. работна околна температура,50,ASBIS,2026-05-19 15:49:14.196,2026-05-19 15:49:14.196,system,system,true,,
5949,,,,CPU socket support,CPU socket support,50,MOST,2026-05-26 01:25:43.265,2026-05-26 01:25:43.265,system,system,true,cpu_socket_support,
4689,,,програмно_осигуряване_в_комплекта,Програмно осигуряване в комплекта,Програмно осигуряване в комплекта,50,ASBIS,2026-05-19 15:49:14.211,2026-05-19 15:49:14.211,system,system,true,,
4690,,,средно_време_между_повреди,Средно време между повреди,Средно време между повреди,50,ASBIS,2026-05-19 15:49:14.228,2026-05-19 15:49:14.228,system,system,true,,
6525,1441,,,ОС,OS,700,VALI,2026-06-03 01:02:21.614,2026-06-03 01:02:21.614,system,system,true,,
4692,,,sfp_slot_quantity,SFP+ Slot Quantity,SFP+ Slot Quantity,50,ASBIS,2026-05-19 15:49:14.243,2026-05-19 15:49:14.243,system,system,true,,
4693,,,чипсет_на_мрежова_карта,Чипсет на мрежова карта,Чипсет на мрежова карта,50,ASBIS,2026-05-19 15:49:14.244,2026-05-19 15:49:14.244,system,system,true,,
4694,,,мрежови_10base_t_100base_tx_1000base_t_брой_портове,Мрежови 10Base-T/100Base-TX/1000Base-T Брой портове,Мрежови 10Base-T/100Base-TX/1000Base-T Брой портове,50,ASBIS,2026-05-19 15:49:14.274,2026-05-19 15:49:14.274,system,system,true,,
4695,,,мрежови_10base_t_100base_tx_1000base_t_тип_порт_конектор,Мрежови 10Base-T/100Base-TX/1000Base-T тип порт конектор,Мрежови 10Base-T/100Base-TX/1000Base-T тип порт конектор,50,ASBIS,2026-05-19 15:49:14.277,2026-05-19 15:49:14.277,system,system,true,,
4696,,,parent_products_multi,Parent Products (multi),Parent Products (multi),50,ASBIS,2026-05-19 15:49:14.280,2026-05-19 15:49:14.280,system,system,true,,
4697,,,usb_3_2_gen_2,USB 3.2 Gen 2,USB 3.2 Gen 2,50,ASBIS,2026-05-19 15:49:14.291,2026-05-19 15:49:14.291,system,system,true,,
4703,,,ethernet,Ethernet,Ethernet,50,ASBIS,2026-05-19 15:49:14.351,2026-05-19 15:49:14.351,system,system,true,,
4705,,,локализация,Локализация,Локализация,50,ASBIS,2026-05-19 15:49:14.357,2026-05-19 15:49:14.357,system,system,true,,
4706,,,характеристики_на_клавиатурата,Характеристики на клавиатурата,Характеристики на клавиатурата,50,ASBIS,2026-05-19 15:49:14.376,2026-05-19 15:49:14.376,system,system,true,,
4707,,,изисква_периферни_устройства,Изисква периферни устройства,Изисква периферни устройства,50,ASBIS,2026-05-19 15:49:14.551,2026-05-19 15:49:14.551,system,system,true,,
4708,,,поддържа_протокол_за_lan_администриране,Поддържа протокол за LAN администриране,Поддържа протокол за LAN администриране,50,ASBIS,2026-05-19 15:49:14.561,2026-05-19 15:49:14.561,system,system,true,,
4709,,,usb_3_2,USB 3.2,USB 3.2,50,ASBIS,2026-05-19 15:49:14.566,2026-05-19 15:49:14.566,system,system,true,,
4712,,,метод_на_комутация,Метод на комутация,Метод на комутация,50,ASBIS,2026-05-19 15:49:14.581,2026-05-19 15:49:14.581,system,system,true,,
4713,,,поддържана_безжична_мрежа,Поддържана безжична мрежа,Поддържана безжична мрежа,50,ASBIS,2026-05-19 15:49:14.581,2026-05-19 15:49:14.581,system,system,true,,
4714,,,брой_външни_fiber_channel_интерфейси,Брой външни Fiber Channel интерфейси,Брой външни Fiber Channel интерфейси,50,ASBIS,2026-05-19 15:49:14.583,2026-05-19 15:49:14.583,system,system,true,,
4715,,,fiber_channel_външен_интерфейс_конектор_тип,Fiber Channel външен интерфейс конектор - тип,Fiber Channel външен интерфейс конектор - тип,50,ASBIS,2026-05-19 15:49:14.584,2026-05-19 15:49:14.584,system,system,true,,
4716,,,мрежови_10base_t_100base_tx_тип_порт_конектор,Мрежови 10Base-T/100Base-TX тип порт конектор,Мрежови 10Base-T/100Base-TX тип порт конектор,50,ASBIS,2026-05-19 15:49:14.585,2026-05-19 15:49:14.585,system,system,true,,
4717,,,мрежови_10base_t_100base_tx_брой_портове,Мрежови 10Base-T/100Base-TX Брой портове,Мрежови 10Base-T/100Base-TX Брой портове,50,ASBIS,2026-05-19 15:49:14.586,2026-05-19 15:49:14.586,system,system,true,,
4720,,,sim_card,SIM Card,SIM Card,50,ASBIS,2026-05-19 15:49:14.613,2026-05-19 15:49:14.613,system,system,true,,
4722,,,thunderbolt_3,Thunderbolt 3,Thunderbolt 3,50,ASBIS,2026-05-19 15:49:14.620,2026-05-19 15:49:14.620,system,system,true,,
4726,,,тип_на_лиценза,Тип на лиценза,Тип на лиценза,50,ASBIS,2026-05-19 15:49:14.676,2026-05-19 15:49:14.676,system,system,true,,
4691,,,maximum_access_points_supported,Макс. поддържани точки за достъп,Maximum Access Points Supported,50,ASBIS,2026-05-19 15:49:14.241,2026-05-19 15:49:14.241,system,system,true,,
4698,,,video_output,Видео изход,Video output,50,ASBIS,2026-05-19 15:49:14.331,2026-05-19 15:49:14.331,system,system,true,,
4699,,,power_delivery,Захранване по кабел (PD),Power delivery,50,ASBIS,2026-05-19 15:49:14.333,2026-05-19 15:49:14.333,system,system,true,,
4700,,,card_reader,Четец за карти,Card reader,50,ASBIS,2026-05-19 15:49:14.337,2026-05-19 15:49:14.337,system,system,true,,
4701,,,support_monitors_connection,Поддръжка за свързване на монитори,Support monitors connection,50,ASBIS,2026-05-19 15:49:14.343,2026-05-19 15:49:14.343,system,system,true,,
4702,,,audio_output,Аудио изход,Audio output,50,ASBIS,2026-05-19 15:49:14.346,2026-05-19 15:49:14.346,system,system,true,,
4710,,,power_plug,Захранващ щепсел,Power Plug,50,ASBIS,2026-05-19 15:49:14.575,2026-05-19 15:49:14.575,system,system,true,,
4711,,,american_wire_gauge_awg,Американски стандарт за жици (AWG),American Wire Gauge (AWG),50,ASBIS,2026-05-19 15:49:14.578,2026-05-19 15:49:14.578,system,system,true,,
4718,,,right_connector,Десен конектор,Right Connector,50,ASBIS,2026-05-19 15:49:14.587,2026-05-19 15:49:14.587,system,system,true,,
4719,,,left_connector,Ляв конектор,Left Connector,50,ASBIS,2026-05-19 15:49:14.601,2026-05-19 15:49:14.601,system,system,true,,
4723,,,users_per_license,Потребители на лиценз,Users per License,50,ASBIS,2026-05-19 15:49:14.624,2026-05-19 15:49:14.624,system,system,true,,
4725,,,product,Продукт,Product,50,ASBIS,2026-05-19 15:49:14.645,2026-05-19 15:49:14.645,system,system,true,,
6527,1443,,,Тип продукт,Product type,1354,VALI,2026-06-03 01:02:21.631,2026-06-03 01:02:21.631,system,system,false,,
6528,1444,,,Съвместима марка,Compatible brand,1355,VALI,2026-06-03 01:02:21.632,2026-06-03 01:02:21.632,system,system,false,,
4729,,,период_на_валидност_на_лиценза,Период на валидност на лиценза,Период на валидност на лиценза,50,ASBIS,2026-05-19 15:49:14.704,2026-05-19 15:49:14.704,system,system,true,,
6529,1445,,,Съвместим модел,Compatible model,1356,VALI,2026-06-03 01:02:21.633,2026-06-03 01:02:21.633,system,system,true,,
6530,1446,,,Стил,Style,705,VALI,2026-06-03 01:02:21.637,2026-06-03 01:02:21.637,system,system,true,,
6531,1447,,,Материал каишка/гривна,"",695,VALI,2026-06-03 01:02:21.638,2026-06-03 01:02:21.638,system,system,true,,
6532,1448,,,Цвят каишка/гривна,"",694,VALI,2026-06-03 01:02:21.642,2026-06-03 01:02:21.642,system,system,true,,
4732,,,брой_лицензи,Брой лицензи,Брой лицензи,50,ASBIS,2026-05-19 15:49:14.714,2026-05-19 15:49:14.714,system,system,true,,
6533,1449,,,Показани дейности,Features,702,VALI,2026-06-03 01:02:21.652,2026-06-03 01:02:21.652,system,system,true,,
6534,1450,,,Водоустойчив,Water resistance,701,VALI,2026-06-03 01:02:21.675,2026-06-03 01:02:21.675,system,system,true,,
4735,,,съвместимост_на_платформата,Съвместимост на платформата,Съвместимост на платформата,50,ASBIS,2026-05-19 15:49:14.725,2026-05-19 15:49:14.725,system,system,true,,
4736,,,носител_на_дистрибутива,Носител на дистрибутива,Носител на дистрибутива,50,ASBIS,2026-05-19 15:49:14.757,2026-05-19 15:49:14.757,system,system,true,,
4737,,,име_на_програмен_пул,Име на програмен пул,Име на програмен пул,50,ASBIS,2026-05-19 15:49:14.759,2026-05-19 15:49:14.759,system,system,true,,
6535,1451,,,Тип аксесоар,Type accessory,1357,VALI,2026-06-03 01:02:21.680,2026-06-03 01:02:21.680,system,system,true,,
4744,,,брой_hot_swap_гнезда_за_2_5_инчови_устройства,"Брой Hot-Swap гнезда за 2,5-инчови устройства","Брой Hot-Swap гнезда за 2,5-инчови устройства",50,ASBIS,2026-05-19 15:49:14.772,2026-05-19 15:49:14.772,system,system,true,,
4745,,,тип_твърд_диск,Тип твърд диск,Тип твърд диск,50,ASBIS,2026-05-19 15:49:14.776,2026-05-19 15:49:14.776,system,system,true,,
4746,,,макс_влажност_на_въздуха_без_конденз,Макс. влажност на въздуха (без конденз),Макс. влажност на въздуха (без конденз),50,ASBIS,2026-05-19 15:49:14.777,2026-05-19 15:49:14.777,system,system,true,,
4747,,,съвместими_стандарти_за_монитор,Съвместими стандарти за монитор,Съвместими стандарти за монитор,50,ASBIS,2026-05-19 15:49:14.780,2026-05-19 15:49:14.780,system,system,true,,
4748,,,консумирана_енергия_в_режим_на_готовност,Консумирана енергия в режим на готовност,Консумирана енергия в режим на готовност,50,ASBIS,2026-05-19 15:49:14.837,2026-05-19 15:49:14.837,system,system,true,,
4749,,,мин_влажност_на_въздуха_без_конденз,Мин. влажност на въздуха (без конденз),Мин. влажност на въздуха (без конденз),50,ASBIS,2026-05-19 15:49:14.843,2026-05-19 15:49:14.843,system,system,true,,
4750,,,micro_hdmi,Micro HDMI,Micro HDMI,50,ASBIS,2026-05-19 15:49:14.845,2026-05-19 15:49:14.845,system,system,true,,
19,38,,,Вентилатори,Fan Support,73,VALI,2026-04-02 10:04:01.363,2026-04-02 10:04:01.363,system,system,false,,
20,39,,,Захранващ блок,Power Supply,71,VALI,2026-04-02 10:04:01.408,2026-04-02 10:04:01.408,system,system,false,,
4751,,,многоканален_преглед,Многоканален преглед,Многоканален преглед,50,ASBIS,2026-05-19 15:49:14.848,2026-05-19 15:49:14.848,system,system,true,,
4752,,,минимална_вертикална_честота_на_сканиране,Минимална вертикална честота на сканиране,Минимална вертикална честота на сканиране,50,ASBIS,2026-05-19 15:49:14.850,2026-05-19 15:49:14.850,system,system,true,,
4753,,,обработка_на_екрана,Обработка на екрана,Обработка на екрана,50,ASBIS,2026-05-19 15:49:14.865,2026-05-19 15:49:14.865,system,system,true,,
4754,,,минимална_честота_на_хоризонтално_сканиране,Минимална честота на хоризонтално сканиране,Минимална честота на хоризонтално сканиране,50,ASBIS,2026-05-19 15:49:14.873,2026-05-19 15:49:14.873,system,system,true,,
4755,,,максимална_вертикална_честота_на_сканиране,Максимална вертикална честота на сканиране,Максимална вертикална честота на сканиране,50,ASBIS,2026-05-19 15:49:14.923,2026-05-19 15:49:14.923,system,system,true,,
4756,,,максимална_честота_на_хоризонтално_сканиране,Максимална честота на хоризонтално сканиране,Максимална честота на хоризонтално сканиране,50,ASBIS,2026-05-19 15:49:14.951,2026-05-19 15:49:14.951,system,system,true,,
4757,,,gamut,Gamut,Gamut,50,ASBIS,2026-05-19 15:49:15.022,2026-05-19 15:49:15.022,system,system,true,,
4731,,,type_of_customer,Тип клиент,Type of Customer,50,ASBIS,2026-05-19 15:49:14.710,2026-05-19 15:49:14.710,system,system,true,,
4733,,,software_requirments_for_tablet,Системни изисквания за таблет,Software - Requirments For Tablet,50,ASBIS,2026-05-19 15:49:14.720,2026-05-19 15:49:14.720,system,system,true,,
4734,,,segment,Сегмент,Segment,50,ASBIS,2026-05-19 15:49:14.722,2026-05-19 15:49:14.722,system,system,true,,
4738,,,license_details,Детайли за лиценза,License Details,50,ASBIS,2026-05-19 15:49:14.761,2026-05-19 15:49:14.761,system,system,true,,
4739,,,software_pool_name,Наименование на пула от софтуер,Software Pool Name,50,ASBIS,2026-05-19 15:49:14.763,2026-05-19 15:49:14.763,system,system,true,,
4740,,,localization,Локализация,Localization,50,ASBIS,2026-05-19 15:49:14.764,2026-05-19 15:49:14.764,system,system,true,,
4742,,,applications_pool,Пул от приложения,Applications Pool,50,ASBIS,2026-05-19 15:49:14.769,2026-05-19 15:49:14.769,system,system,true,,
4743,,,end_customer_details_required,Необходими данни за крайния клиент,End Customer Details Required,50,ASBIS,2026-05-19 15:49:14.770,2026-05-19 15:49:14.770,system,system,true,,
5474,,,toothbrush_mode,Режим на четката за зъби,Toothbrush Mode,50,ASBIS,2026-05-19 15:49:19.815,2026-05-19 15:49:19.815,system,system,true,,
49,84,,,Тип сканиране,Type,278,VALI,2026-04-02 10:04:01.886,2026-04-02 10:04:01.886,system,system,false,,
4758,,,характеристики_за_сигурност,Характеристики за сигурност,Характеристики за сигурност,50,ASBIS,2026-05-19 15:49:15.072,2026-05-19 15:49:15.072,system,system,true,,
4760,,,макс_работна_надморска_височина,Макс. работна надморска височина,Макс. работна надморска височина,50,ASBIS,2026-05-19 15:49:15.090,2026-05-19 15:49:15.090,system,system,true,,
56,95,,,Оптимална резолюция,Native Resolution,392,VALI,2026-04-02 10:04:01.994,2026-04-02 10:04:01.994,system,system,false,,
4761,,,плътност_на_пикселите,Плътност на пикселите,Плътност на пикселите,50,ASBIS,2026-05-19 15:49:15.097,2026-05-19 15:49:15.097,system,system,true,,
4762,,,технология_на_дисплея,Технология на дисплея,Технология на дисплея,50,ASBIS,2026-05-19 15:49:15.111,2026-05-19 15:49:15.111,system,system,true,,
4763,,,аналогов_видео_формат,Аналогов видео формат,Аналогов видео формат,50,ASBIS,2026-05-19 15:49:15.126,2026-05-19 15:49:15.126,system,system,true,,
6536,1452,,,Други,Other,1358,VALI,2026-06-03 01:02:21.684,2026-06-03 01:02:21.684,system,system,true,,
4764,,,tv_тунер,TV Тунер,TV Тунер,50,ASBIS,2026-05-19 15:49:15.136,2026-05-19 15:49:15.136,system,system,true,,
4765,,,инфрачервен,Инфрачервен,Инфрачервен,50,ASBIS,2026-05-19 15:49:15.139,2026-05-19 15:49:15.139,system,system,true,,
4766,,,ci_pcmcia,CI/PCMCIA,CI/PCMCIA,50,ASBIS,2026-05-19 15:49:15.142,2026-05-19 15:49:15.142,system,system,true,,
6537,1462,,,Брой портове,Ports,322,VALI,2026-06-03 01:02:21.687,2026-06-03 01:02:21.687,system,system,true,,
4767,,,satellite_connector,Satellite Connector,Satellite Connector,50,ASBIS,2026-05-19 15:49:15.151,2026-05-19 15:49:15.151,system,system,true,,
4768,,,стандарт_за_цифрова_телевизия,Стандарт за цифрова телевизия,Стандарт за цифрова телевизия,50,ASBIS,2026-05-19 15:49:15.159,2026-05-19 15:49:15.159,system,system,true,,
4769,,,капацитет_на_устройство_за_съхранение_на_данни,Капацитет на устройство за съхранение на данни,Капацитет на устройство за съхранение на данни,50,ASBIS,2026-05-19 15:49:15.165,2026-05-19 15:49:15.165,system,system,true,,
6538,1463,,,Тип портове,Ports type,323,VALI,2026-06-03 01:02:21.692,2026-06-03 01:02:21.692,system,system,true,,
4771,,,повърхност_на_екрана,Повърхност на екрана,Повърхност на екрана,50,ASBIS,2026-05-19 15:49:15.214,2026-05-19 15:49:15.214,system,system,true,,
4772,,,широчина_на_лентата,Широчина на лентата,Широчина на лентата,50,ASBIS,2026-05-19 15:49:15.216,2026-05-19 15:49:15.216,system,system,true,,
4773,,,характеристики_намаляващи_вредата_на_околната_среда,Характеристики намаляващи вредата на околната среда,Характеристики намаляващи вредата на околната среда,50,ASBIS,2026-05-19 15:49:15.218,2026-05-19 15:49:15.218,system,system,true,,
4774,,,displayport_1_4,DisplayPort 1.4,DisplayPort 1.4,50,ASBIS,2026-05-19 15:49:15.228,2026-05-19 15:49:15.228,system,system,true,,
5796,,,макс_надморска_височина_за_транспорт,Макс. надморска височина за транспорт,Макс. надморска височина за транспорт,50,ASBIS,2026-05-22 01:07:59.940,2026-05-22 01:07:59.940,system,system,true,,
6539,1464,,,Кабели,Cables,324,VALI,2026-06-03 01:02:21.699,2026-06-03 01:02:21.699,system,system,true,,
6541,1467,,,Портове,Ports,1366,VALI,2026-06-03 01:02:21.702,2026-06-03 01:02:21.702,system,system,true,,
4776,,,finish_apple,Finish (Apple),Finish (Apple),50,ASBIS,2026-05-19 15:49:15.231,2026-05-19 15:49:15.231,system,system,true,,
6542,1471,,,Портове,Ports,1379,VALI,2026-06-03 01:02:21.723,2026-06-03 01:02:21.723,system,system,true,,
4777,,,displayport_1_2,DisplayPort 1.2,DisplayPort 1.2,50,ASBIS,2026-05-19 15:49:15.232,2026-05-19 15:49:15.232,system,system,true,,
4770,,,smart_tv_platform,Платформа за смарт ТВ,Smart TV Platform,50,ASBIS,2026-05-19 15:49:15.205,2026-05-19 15:49:15.205,system,system,true,,
6543,1472,,,"3G","3G",1380,VALI,2026-06-03 01:02:21.729,2026-06-03 01:02:21.729,system,system,true,,
4778,,,thunderbolt_4,Thunderbolt 4,Thunderbolt 4,50,ASBIS,2026-05-19 15:49:15.234,2026-05-19 15:49:15.234,system,system,true,,
6544,1473,,,VPN,VPN,1381,VALI,2026-06-03 01:02:21.730,2026-06-03 01:02:21.730,system,system,true,,
6545,1475,,,Захранване,Power supply,2260,VALI,2026-06-03 01:02:21.733,2026-06-03 01:02:21.733,system,system,true,,
4779,,,displayport_out,DisplayPort Out,DisplayPort Out,50,ASBIS,2026-05-19 15:49:15.237,2026-05-19 15:49:15.237,system,system,true,,
6546,1476,,,Размери (мм),Dimensions (mm),2264,VALI,2026-06-03 01:02:21.737,2026-06-03 01:02:21.737,system,system,true,,
6547,1478,,,Дължина,Length,1373,VALI,2026-06-03 01:02:21.741,2026-06-03 01:02:21.741,system,system,true,,
6548,1479,,,Диаметър,Diameter,1374,VALI,2026-06-03 01:02:21.749,2026-06-03 01:02:21.749,system,system,true,,
6549,1480,,,Цвят,Color,1375,VALI,2026-06-03 01:02:21.753,2026-06-03 01:02:21.753,system,system,true,,
4780,,,mini_displayport,Mini DisplayPort,Mini DisplayPort,50,ASBIS,2026-05-19 15:49:15.239,2026-05-19 15:49:15.239,system,system,true,,
4781,,,a_v_in,A/V-In,A/V-In,50,ASBIS,2026-05-19 15:49:15.244,2026-05-19 15:49:15.244,system,system,true,,
5475,,,metal_brush,Metal Brush,Metal Brush,50,ASBIS,2026-05-19 15:49:19.820,2026-05-19 15:49:19.820,system,system,true,,
4775,,,voice_assistant_features,Характеристики на гласовия асистент,Voice Assistant Features,50,ASBIS,2026-05-19 15:49:15.229,2026-05-19 15:49:15.229,system,system,true,,
6550,1481,,,Материал,Material,558,VALI,2026-06-03 01:02:21.755,2026-06-03 01:02:21.755,system,system,true,,
6551,1482,,,Брой страници,Number of pages,557,VALI,2026-06-03 01:02:21.757,2026-06-03 01:02:21.757,system,system,true,,
6540,1465,,аудио,Аудио,Audio,325,VALI,2026-06-03 01:02:21.701,2026-06-03 02:13:38.717,system,system,true,,
107,173,,,Технология на печат.,Technology,491,VALI,2026-04-02 10:04:03.286,2026-04-02 10:04:03.286,system,system,false,,
109,175,,,Двустранен печат,Duplex,502,VALI,2026-04-02 10:04:03.291,2026-04-02 10:04:03.291,system,system,false,,
113,184,,,Резолюция печат,Print resolution,500,VALI,2026-04-02 10:04:03.354,2026-04-02 10:04:03.354,system,system,false,,
114,185,,,Резолюция на копир,Copy resolution,498,VALI,2026-04-02 10:04:03.365,2026-04-02 10:04:03.365,system,system,false,,
115,186,,,Резолюция скенер,Scan resolution,499,VALI,2026-04-02 10:04:03.371,2026-04-02 10:04:03.371,system,system,false,,
5797,,,internal_data_bit_rate,Вътрешна скорост на данните,Internal Data Bit Rate,50,ASBIS,2026-05-23 01:08:21.208,2026-05-23 01:08:21.208,system,system,true,,
4783,,,usb_displayport,USB/DisplayPort,USB/DisplayPort,50,ASBIS,2026-05-19 15:49:15.246,2026-05-19 15:49:15.246,system,system,true,,
4784,,,минимално_захранващо_напрежение,Минимално захранващо напрежение,Минимално захранващо напрежение,50,ASBIS,2026-05-19 15:49:15.247,2026-05-19 15:49:15.247,system,system,true,,
4785,,,поддържана_скорост_на_външен_трансфер_на_данни,Поддържана скорост на външен трансфер на данни,Поддържана скорост на външен трансфер на данни,50,ASBIS,2026-05-19 15:49:15.249,2026-05-19 15:49:15.249,system,system,true,,
6552,1483,,,Тип рамка,Frame type,1368,VALI,2026-06-03 01:02:21.764,2026-06-03 01:02:21.764,system,system,true,,
124,201,,,Скорост на принтиране (цветно),Copy/print speed color,494,VALI,2026-04-02 10:04:03.607,2026-04-02 10:04:03.607,system,system,false,,
4786,,,поддържан_канал_за_данни,Поддържан канал за данни,Поддържан канал за данни,50,ASBIS,2026-05-19 15:49:15.257,2026-05-19 15:49:15.257,system,system,true,,
126,206,,,Факс,Fax standard,510,VALI,2026-04-02 10:04:03.644,2026-04-02 10:04:03.644,system,system,false,,
127,207,,,Включен Software,Software,523,VALI,2026-04-02 10:04:03.652,2026-04-02 10:04:03.652,system,system,false,,
129,211,,,Вид кутия,Type,70,VALI,2026-04-02 10:04:03.672,2026-04-02 10:04:03.672,system,system,false,,
4787,,,максимално_захранващо_напрежение,Максимално захранващо напрежение,Максимално захранващо напрежение,50,ASBIS,2026-05-19 15:49:15.270,2026-05-19 15:49:15.270,system,system,true,,
131,213,,,Брой фиксирани вътрешни гнезда...,Hidden drive bays,1634,VALI,2026-04-02 10:04:03.700,2026-04-02 10:04:03.700,system,system,false,,
4788,,,технология_на_флаш_памет,Технология на флаш памет,Технология на флаш памет,50,ASBIS,2026-05-19 15:49:15.275,2026-05-19 15:49:15.275,system,system,true,,
133,215,,,Други...,Other,2386,VALI,2026-04-02 10:04:03.792,2026-04-02 10:04:03.792,system,system,false,,
134,216,,,Размери (mm),Dimensions (mm),79,VALI,2026-04-02 10:04:03.803,2026-04-02 10:04:03.803,system,system,false,,
135,218,,,Формат дънна платка,Main Board Support,72,VALI,2026-04-02 10:04:04.057,2026-04-02 10:04:04.057,system,system,false,,
4789,,,номинално_захранващо_напрежение,Номинално захранващо напрежение,Номинално захранващо напрежение,50,ASBIS,2026-05-19 15:49:15.279,2026-05-19 15:49:15.279,system,system,true,,
6553,1484,,,Употреба за,Usage,1369,VALI,2026-06-03 01:02:21.766,2026-06-03 01:02:21.766,system,system,true,,
5798,,,data_channel_internal,Вътрешен канал за данни,Data Channel Internal,50,ASBIS,2026-05-23 01:08:21.333,2026-05-23 01:08:21.333,system,system,true,,
4791,,,технология_на_паметта,Технология на паметта,Технология на паметта,50,ASBIS,2026-05-19 15:49:15.339,2026-05-19 15:49:15.339,system,system,true,,
6554,1485,,,Брой снимки,Number of pictures,1370,VALI,2026-06-03 01:02:21.769,2026-06-03 01:02:21.769,system,system,true,,
4118,,,voltage,Напрежение,Voltage,50,ASBIS,2026-05-19 15:49:05.205,2026-05-26 01:25:43.457,system,system,true,voltage,
5804,,,cas_latency,CAS латентност,CAS Latency,50,ASBIS,2026-05-23 01:08:21.386,2026-05-26 01:25:43.460,system,system,true,cas_latency,
4794,,,толеранс_за_вибрации_при_работа,Толеранс за вибрации при работа,Толеранс за вибрации при работа,50,ASBIS,2026-05-19 15:49:15.425,2026-05-19 15:49:15.425,system,system,true,,
6555,1486,,,Материал,Material,1371,VALI,2026-06-03 01:02:21.772,2026-06-03 01:02:21.772,system,system,true,,
6556,1487,,,Цвят,Color,1372,VALI,2026-06-03 01:02:21.776,2026-06-03 01:02:21.776,system,system,true,,
6557,1490,,,Мрежов интерфейс,Ethernet interface,344,VALI,2026-06-03 01:02:21.781,2026-06-03 01:02:21.781,system,system,true,,
4790,,,maximum_random_read_rate,Макс. скорост на произволно четене,Maximum Random Read Rate,50,ASBIS,2026-05-19 15:49:15.285,2026-05-19 15:49:15.285,system,system,true,,
6558,1491,,,Power Line трансфер,Power Line Date Rate,345,VALI,2026-06-03 01:02:21.787,2026-06-03 01:02:21.787,system,system,true,,
6559,1492,,,Гнездо за ел. уреди,Power Socket,346,VALI,2026-06-03 01:02:21.793,2026-06-03 01:02:21.793,system,system,true,,
6560,1493,,,Wi-Fi,Wi-Fi,347,VALI,2026-06-03 01:02:21.796,2026-06-03 01:02:21.796,system,system,true,,
4796,,,ударо_устойчивост_при_работа,Ударо устойчивост при работа,Ударо устойчивост при работа,50,ASBIS,2026-05-19 15:49:15.490,2026-05-19 15:49:15.490,system,system,true,,
6561,1500,,,Размери,Dimensiosns,1348,VALI,2026-06-03 01:02:21.799,2026-06-03 01:02:21.799,system,system,false,,
6562,1501,,,Отключен множител,Multiplier unlocket,1881,VALI,2026-06-03 01:02:21.834,2026-06-03 01:02:21.834,system,system,true,,
6563,1502,,,Охладител,Cooler,2487,VALI,2026-06-03 01:02:21.836,2026-06-03 01:02:21.836,system,system,true,,
6564,1505,,,БДС Кирилизация,Cyrilic,2425,VALI,2026-06-03 01:02:21.838,2026-06-03 01:02:21.838,system,system,true,,
4792,,,solid_state_drive_features,Характеристики на SSD,Solid State Drive Features,50,ASBIS,2026-05-19 15:49:15.344,2026-05-19 15:49:15.344,system,system,true,,
4793,,,total_bytes_written_tbw,Общо записани байтове (TBW),Total Bytes Written (TBW),50,ASBIS,2026-05-19 15:49:15.382,2026-05-19 15:49:15.382,system,system,true,,
4795,,,maximum_random_write_rate,Макс. скорост на произволен запис,Maximum Random Write Rate,50,ASBIS,2026-05-19 15:49:15.434,2026-05-19 15:49:15.434,system,system,true,,
6565,1510,,,Цвят,Color,1398,VALI,2026-06-03 01:02:21.839,2026-06-03 01:02:21.839,system,system,false,,
185,275,,,Разстояние на проектиране,Projection Distance,396,VALI,2026-04-02 10:04:04.802,2026-04-02 10:04:04.802,system,system,false,,
188,280,,,Мин. диагонал на изображение (m),Min. Diagonal (m),397,VALI,2026-04-02 10:04:04.862,2026-04-02 10:04:04.862,system,system,false,,
191,283,,,Норма на хоризонтален refresh (kHz),Horizontal Scan Rate (kHz),401,VALI,2026-04-02 10:04:04.901,2026-04-02 10:04:04.901,system,system,false,,
192,284,,,Норма на вертикален refresh (Hz),Vertical Scan Rate,402,VALI,2026-04-02 10:04:04.904,2026-04-02 10:04:04.904,system,system,false,,
193,285,,,Аспект изображение,Aspect Ratio,391,VALI,2026-04-02 10:04:04.909,2026-04-02 10:04:04.909,system,system,false,,
195,287,,,Цветове,Displayable Color,404,VALI,2026-04-02 10:04:04.960,2026-04-02 10:04:04.960,system,system,false,,
197,291,,,Дистанционно устройство,Remote Control,406,VALI,2026-04-02 10:04:04.979,2026-04-02 10:04:04.979,system,system,false,,
6566,1511,,,Материал,Material,1399,VALI,2026-06-03 01:02:21.840,2026-06-03 01:02:21.840,system,system,false,,
6567,1534,,,Микрофон,Microphone,1706,VALI,2026-06-03 01:02:21.841,2026-06-03 01:02:21.841,system,system,true,,
5950,,,networking_form_factor,Networking Form Factor,Networking Form Factor,50,ASBIS,2026-05-29 01:37:05.184,2026-05-29 01:37:05.184,system,system,true,,
4800,,,максимален_капацитет_на_секторите,Максимален капацитет на секторите,Максимален капацитет на секторите,50,ASBIS,2026-05-19 15:49:15.624,2026-05-19 15:49:15.624,system,system,true,,
210,306,,,Вид източник на светлина,"",716,VALI,2026-04-02 10:04:05.258,2026-04-02 10:04:05.258,system,system,false,,
4801,,,характеристики_на_твърдия_диск,Характеристики на твърдия диск,Характеристики на твърдия диск,50,ASBIS,2026-05-19 15:49:15.626,2026-05-19 15:49:15.626,system,system,true,,
215,312,,,Водоустойчив,Waterproof,722,VALI,2026-04-02 10:04:05.305,2026-04-02 10:04:05.305,system,system,false,,
4802,,,суоп_възможности,Суоп възможности,Суоп възможности,50,ASBIS,2026-05-19 15:49:15.632,2026-05-19 15:49:15.632,system,system,true,,
6568,1535,,,Конектор 1.,Connector type 1,539,VALI,2026-06-03 01:02:21.843,2026-06-03 01:02:21.843,system,system,true,,
4803,,,старт_стоп_цикли,Старт/стоп цикли,Старт/стоп цикли,50,ASBIS,2026-05-19 15:49:15.633,2026-05-19 15:49:15.633,system,system,true,,
4804,,,инсталиран_капацитет_кеш_памет,Инсталиран капацитет кеш памет,Инсталиран капацитет кеш памет,50,ASBIS,2026-05-19 15:49:15.639,2026-05-19 15:49:15.639,system,system,true,,
4805,,,поддържан_вътрешен_трансфер_на_данните,Поддържан вътрешен трансфер на данните,Поддържан вътрешен трансфер на данните,50,ASBIS,2026-05-19 15:49:15.645,2026-05-19 15:49:15.645,system,system,true,,
4806,,,невъзстановими_грешки,Невъзстановими грешки,Невъзстановими грешки,50,ASBIS,2026-05-19 15:49:15.685,2026-05-19 15:49:15.685,system,system,true,,
6569,1536,,,Конектор 2.,Connector type 2,543,VALI,2026-06-03 01:02:21.847,2026-06-03 01:02:21.847,system,system,true,,
6570,1537,,,Дължина кабел.,Cable length,758,VALI,2026-06-03 01:02:21.855,2026-06-03 01:02:21.855,system,system,true,,
6571,1539,,,Поддръжка на RAID,Raid support,806,VALI,2026-06-03 01:02:21.865,2026-06-03 01:02:21.865,system,system,true,,
6572,1541,,,М2 слот,M2 socket,805,VALI,2026-06-03 01:02:21.872,2026-06-03 01:02:21.872,system,system,false,,
6573,1543,,,Препоръчително захранване,Recommended PSU,1430,VALI,2026-06-03 01:02:22.007,2026-06-03 01:02:22.007,system,system,true,,
6574,1545,,,Вграден Wi-Fi и Bluetooth,Integrated Wi-Fi,798,VALI,2026-06-03 01:02:22.016,2026-06-03 01:02:22.016,system,system,true,,
6575,1550,,,Stream процесори,Stream Processing Units,109,VALI,2026-06-03 01:02:22.064,2026-06-03 01:02:22.064,system,system,true,,
234,337,,,"3D","3D",410,VALI,2026-04-02 10:04:05.462,2026-04-02 10:04:05.462,system,system,false,,
235,338,,,Късофокусен,Short Throw,395,VALI,2026-04-02 10:04:05.464,2026-04-02 10:04:05.464,system,system,false,,
6576,1551,,,Размери (mm),Dimensions (mm),1914,VALI,2026-06-03 01:02:22.077,2026-06-03 01:02:22.077,system,system,false,,
237,340,,,"4K","4K",412,VALI,2026-04-02 10:04:05.471,2026-04-02 10:04:05.471,system,system,false,,
6577,1555,,,Контрол на достъп,Access Control,1440,VALI,2026-06-03 01:02:22.271,2026-06-03 01:02:22.271,system,system,true,,
239,343,,,Марка устройство,Device,744,VALI,2026-04-02 10:04:05.490,2026-04-02 10:04:05.490,system,system,false,,
240,344,,,Модел устройство,"",745,VALI,2026-04-02 10:04:05.490,2026-04-02 10:04:05.490,system,system,false,,
241,345,,,Батерия/Акумулатор формат,Part number,746,VALI,2026-04-02 10:04:05.491,2026-04-02 10:04:05.491,system,system,false,,
4812,,,интерфейси,Интерфейси,Интерфейси,50,ASBIS,2026-05-19 15:49:15.718,2026-05-19 15:49:15.718,system,system,true,,
6578,1556,,,Време за достъп BD(SL/DL) (ms),Access time BD(SL/DL) (ms),52,VALI,2026-06-03 01:02:22.280,2026-06-03 01:02:22.280,system,system,true,,
249,354,,,Брой в опаковка,Piece in package,752,VALI,2026-04-02 10:04:05.792,2026-04-02 10:04:05.792,system,system,false,,
4815,,,ударо_устойчивост_при_съхранение,Ударо устойчивост при съхранение,Ударо устойчивост при съхранение,50,ASBIS,2026-05-19 15:49:15.731,2026-05-19 15:49:15.731,system,system,true,,
4816,,,средно_закъснение_при_ротация,Средно закъснение при ротация,Средно закъснение при ротация,50,ASBIS,2026-05-19 15:49:15.742,2026-05-19 15:49:15.742,system,system,true,,
4817,,,толеранс_за_вибрации_при_съхранение,Толеранс за вибрации при съхранение,Толеранс за вибрации при съхранение,50,ASBIS,2026-05-19 15:49:15.744,2026-05-19 15:49:15.744,system,system,true,,
6580,1560,,,USB Портове,USB Ports,171,VALI,2026-06-03 01:02:22.307,2026-06-03 01:02:22.307,system,system,true,,
6581,1562,,,Размери (мм),Dimensions (mm),1447,VALI,2026-06-03 01:02:22.328,2026-06-03 01:02:22.328,system,system,true,,
4799,,,drive_writes_per_day_dwpd,Записвания на ден (DWPD),Drive Writes Per Day (DWPD),50,ASBIS,2026-05-19 15:49:15.613,2026-05-19 15:49:15.613,system,system,true,,
4807,,,hard_drive_internal_form_factor,Форм фактор на вътрешния диск,Hard Drive Internal Form Factor,50,ASBIS,2026-05-19 15:49:15.689,2026-05-19 15:49:15.689,system,system,true,,
6579,1557,,тип_на_матрицата,Тип на матрицата,Panel Type,119,VALI,2026-06-03 01:02:22.282,2026-08-20 09:55:41.358,system,d.eshanovski@gmail.com,true,,
4808,,,cable_included,Включен кабел,Cable Included,50,ASBIS,2026-05-19 15:49:15.692,2026-05-19 15:49:15.692,system,system,true,,
4809,,,requires_operating_system,Изисква операционна система,Requires Operating System,50,ASBIS,2026-05-19 15:49:15.699,2026-05-19 15:49:15.699,system,system,true,,
4810,,,storage_capacity,Капацитет за съхранение,Storage Capacity,50,ASBIS,2026-05-19 15:49:15.702,2026-05-19 15:49:15.702,system,system,true,,
4813,,,external_data_bit_rate,Външна скорост на данните,External Data Bit Rate,50,ASBIS,2026-05-19 15:49:15.724,2026-05-19 15:49:15.724,system,system,true,,
4814,,,type_of_external_drive,Тип външно устройство,Type of External Drive,50,ASBIS,2026-05-19 15:49:15.725,2026-05-19 15:49:15.725,system,system,true,,
283,397,,,Предлаган вариант,,774,VALI,2026-04-02 10:04:06.236,2026-04-02 10:04:06.236,system,system,false,,
286,400,,,Валидност(месеци),Expiration (months),777,VALI,2026-04-02 10:04:06.248,2026-04-02 10:04:06.248,system,system,false,,
291,406,,,ОС сървър,OS server,782,VALI,2026-04-02 10:04:06.265,2026-04-02 10:04:06.265,system,system,false,,
6582,1566,,,Усилване (dB),Amplification (dB),1450,VALI,2026-06-03 01:02:22.341,2026-06-03 01:02:22.341,system,system,true,,
5800,,,interfaces,Интерфейси,Interfaces,50,ASBIS,2026-05-23 01:08:21.344,2026-05-23 01:08:21.344,system,system,true,,
6583,1567,,,Размери (мм),Dimensions (mm),1456,VALI,2026-06-03 01:02:22.349,2026-06-03 01:02:22.349,system,system,true,,
6584,1568,,,Честота,Frequency range,1451,VALI,2026-06-03 01:02:22.357,2026-06-03 01:02:22.357,system,system,true,,
4819,,,поддържани_стандарти,Поддържани стандарти,Поддържани стандарти,50,ASBIS,2026-05-19 15:49:15.754,2026-05-19 15:49:15.754,system,system,true,,
6585,1569,,,Свързване,Connection,1452,VALI,2026-06-03 01:02:22.365,2026-06-03 01:02:22.365,system,system,true,,
6586,1570,,,Импеданс,Impedance,1453,VALI,2026-06-03 01:02:22.368,2026-06-03 01:02:22.368,system,system,false,,
6587,1571,,,Консумация,Rated power consumption Kon,1454,VALI,2026-06-03 01:02:22.369,2026-06-03 01:02:22.369,system,system,true,,
4820,,,средно_време_за_търсене,Средно време за търсене,Средно време за търсене,50,ASBIS,2026-05-19 15:49:15.756,2026-05-19 15:49:15.756,system,system,true,,
4821,,,брой_sata_интерфейси,Брой SATA интерфейси,Брой SATA интерфейси,50,ASBIS,2026-05-19 15:49:15.759,2026-05-19 15:49:15.759,system,system,true,,
4822,,,брой_глави,Брой глави,Брой глави,50,ASBIS,2026-05-19 15:49:15.760,2026-05-19 15:49:15.760,system,system,true,,
4823,,,тип_sata_интерфейс_конектори,Тип SATA интерфейс конектори,Тип SATA интерфейс конектори,50,ASBIS,2026-05-19 15:49:15.764,2026-05-19 15:49:15.764,system,system,true,,
4824,,,sata_iii_interface_quantity,SATA III Interface Quantity,SATA III Interface Quantity,50,ASBIS,2026-05-19 15:49:15.765,2026-05-19 15:49:15.765,system,system,true,,
4825,,,sas,SAS,SAS,50,ASBIS,2026-05-19 15:49:15.767,2026-05-19 15:49:15.767,system,system,true,,
318,440,,,Презареждане,Charge,718,VALI,2026-04-02 10:04:06.951,2026-04-02 10:04:06.951,system,system,false,,
4826,,,максимално_време_на_търсене,Максимално  време на търсене,Максимално  време на търсене,50,ASBIS,2026-05-19 15:49:15.769,2026-05-19 15:49:15.769,system,system,true,,
320,442,,,Звукова сигнализация,Sound Alarm,831,VALI,2026-04-02 10:04:06.987,2026-04-02 10:04:06.987,system,system,false,,
6588,1572,,,Дължина кабел,Cable Length,1455,VALI,2026-06-03 01:02:22.370,2026-06-03 01:02:22.370,system,system,true,,
4827,,,sata_iii,SATA III,SATA III,50,ASBIS,2026-05-19 15:49:15.770,2026-05-19 15:49:15.770,system,system,true,,
323,446,,,Контролен панел,Front Panel,836,VALI,2026-04-02 10:04:07.011,2026-04-02 10:04:07.011,system,system,false,,
4828,,,макс_надморска_височина_за_съхранение,Макс. надморска височина за съхранение,Макс. надморска височина за съхранение,50,ASBIS,2026-05-19 15:49:15.773,2026-05-19 15:49:15.773,system,system,true,,
5951,,,number_of_5_25_inch_external_drive_bays,Number of 5.25-inch External Drive Bays,Number of 5.25-inch External Drive Bays,50,ASBIS,2026-05-29 01:37:06.347,2026-05-29 01:37:06.347,system,system,true,,
326,449,,,Брой батерии,Number of batteries,838,VALI,2026-04-02 10:04:07.047,2026-04-02 10:04:07.047,system,system,false,,
4830,,,platters_quantity,Platters Quantity,Platters Quantity,50,ASBIS,2026-05-19 15:49:15.776,2026-05-19 15:49:15.776,system,system,true,,
4831,,,sata_ii,SATA II,SATA II,50,ASBIS,2026-05-19 15:49:15.778,2026-05-19 15:49:15.778,system,system,true,,
4832,,,скорост_на_презапис,Скорост на презапис,Скорост на презапис,50,ASBIS,2026-05-19 15:49:15.779,2026-05-19 15:49:15.779,system,system,true,,
6589,1578,,,Размери,Dimensions,1460,VALI,2026-06-03 01:02:22.373,2026-06-03 01:02:22.373,system,system,false,,
4833,,,минимална_необходима_честота_на_процесора,Минимална необходима честота на процесора,Минимална необходима честота на процесора,50,ASBIS,2026-05-19 15:49:15.780,2026-05-19 15:49:15.780,system,system,true,,
334,461,,,Изходна честота,Frequency Range(Output),846,VALI,2026-04-02 10:04:07.174,2026-04-02 10:04:07.174,system,system,false,,
335,463,,,Допълнителни батерии,External Battery Connection,839,VALI,2026-04-02 10:04:07.179,2026-04-02 10:04:07.179,system,system,false,,
4834,,,тип_минимален_необходим_процесор,Тип минимален необходим процесор,Тип минимален необходим процесор,50,ASBIS,2026-05-19 15:49:15.782,2026-05-19 15:49:15.782,system,system,true,,
6590,1579,,,Тип продукт,Product type,921,VALI,2026-06-03 01:02:22.458,2026-06-03 01:02:22.458,system,system,false,,
6591,1582,,,Цвят,Color,2065,VALI,2026-06-03 01:02:22.459,2026-06-03 01:02:22.459,system,system,true,,
6592,1583,,,Регулиране височина,Adjustable seat height,1465,VALI,2026-06-03 01:02:22.464,2026-06-03 01:02:22.464,system,system,true,,
344,478,,,Обороти на вентилатора,Speed fan,85,VALI,2026-04-02 10:04:07.286,2026-04-02 10:04:07.286,system,system,false,,
347,481,,,Поток на въздуха (CFM),CFM,88,VALI,2026-04-02 10:04:07.442,2026-04-02 10:04:07.442,system,system,false,,
4835,,,позиция_за_монтаж,Позиция за монтаж,Позиция за монтаж,50,ASBIS,2026-05-19 15:49:15.784,2026-05-19 15:49:15.784,system,system,true,,
4836,,,характеристики_на_оптичното_устройство,Характеристики на оптичното устройство,Характеристики на оптичното устройство,50,ASBIS,2026-05-19 15:49:15.786,2026-05-19 15:49:15.786,system,system,true,,
6593,1590,,,Входен ток,Input current,583,VALI,2026-06-03 01:02:22.470,2026-06-03 01:02:22.470,system,system,true,,
4837,,,средно_време_за_достъп_на_cd,Средно време за достъп на CD,Средно време за достъп на CD,50,ASBIS,2026-05-19 15:49:15.792,2026-05-19 15:49:15.792,system,system,true,,
6594,1601,,,Съпротивление (Ω),Impedance(Ω),870,VALI,2026-06-03 01:02:22.483,2026-06-03 01:02:22.483,system,system,true,,
123,200,,hdd,HDD,HDD,520,VALI,2026-04-02 10:04:03.600,2026-05-25 14:58:04.476,system,system,false,hdd,
6595,1602,,,Обхват на работа(m),Range distance(m),1484,VALI,2026-06-03 01:02:22.487,2026-06-03 01:02:22.487,system,system,true,,
6596,1603,,,Чувствителност на слушалките(dB),Sensitivity (Headphone)(dB),1457,VALI,2026-06-03 01:02:22.491,2026-06-03 01:02:22.491,system,system,true,,
6597,1677,,,Тип продукт.,Product type,1557,VALI,2026-06-03 01:02:22.507,2026-06-03 01:02:22.507,system,system,true,,
6598,1678,,,Марка,Brand,1560,VALI,2026-06-03 01:02:22.529,2026-06-03 01:02:22.529,system,system,false,,
6599,1680,,,Цвят,Color,1770,VALI,2026-06-03 01:02:22.628,2026-06-03 01:02:22.628,system,system,true,,
6600,1681,,,Тип кутия,Housing types,1561,VALI,2026-06-03 01:02:22.636,2026-06-03 01:02:22.636,system,system,true,,
4838,,,минималното_необходимо_свободно_пространство_на_твърдия_диск,Минималното необходимо свободно пространство на твърдия диск,Минималното необходимо свободно пространство на твърдия диск,50,ASBIS,2026-05-19 15:49:15.793,2026-05-19 15:49:15.793,system,system,true,,
4839,,,минималното_необходимо_количество_памет,Минималното необходимо количество памет,Минималното необходимо количество памет,50,ASBIS,2026-05-19 15:49:15.794,2026-05-19 15:49:15.794,system,system,true,,
4840,,,поддържа_cd_dvd_формати,Поддържа CD/DVD формати,Поддържа CD/DVD формати,50,ASBIS,2026-05-19 15:49:15.795,2026-05-19 15:49:15.795,system,system,true,,
5801,,,nominal_supply_voltage,Номинално захранващо напрежение,Nominal Supply Voltage,50,ASBIS,2026-05-23 01:08:21.370,2026-05-23 01:08:21.370,system,system,true,,
4842,,,тип_дисково_устройство,Тип дисково устройство,Тип дисково устройство,50,ASBIS,2026-05-19 15:49:15.798,2026-05-19 15:49:15.798,system,system,true,,
6601,1682,,,Storage drive architecture,Storage drive architecture,1566,VALI,2026-06-03 01:02:22.637,2026-06-03 01:02:22.637,system,system,true,,
6602,1683,,,Захранване,Power supply Watts,1713,VALI,2026-06-03 01:02:22.642,2026-06-03 01:02:22.642,system,system,true,,
4843,,,бутони_за_управление_върху_панела,Бутони за управление върху панела,Бутони за управление върху панела,50,ASBIS,2026-05-19 15:49:15.800,2026-05-19 15:49:15.800,system,system,true,,
4844,,,средно_време_на_достъп_до_dvd,Средно време на достъп до DVD,Средно време на достъп до DVD,50,ASBIS,2026-05-19 15:49:15.801,2026-05-19 15:49:15.801,system,system,true,,
6603,1685,,,Слотове за памет,Memory slots,1714,VALI,2026-06-03 01:02:22.647,2026-06-03 01:02:22.647,system,system,true,,
6604,1686,,,Тип памет,Memory slot type,1715,VALI,2026-06-03 01:02:22.649,2026-06-03 01:02:22.649,system,system,true,,
4845,,,дизайн_на_зареждане_на_диска,Дизайн на зареждане на диска,Дизайн на зареждане на диска,50,ASBIS,2026-05-19 15:49:15.805,2026-05-19 15:49:15.805,system,system,true,,
4846,,,оптична_технология_на_носителя,Оптична технология на носителя,Оптична технология на носителя,50,ASBIS,2026-05-19 15:49:15.807,2026-05-19 15:49:15.807,system,system,true,,
6605,1687,,,Капацитет памет (min. - max.),Memory capacity (min. - max.),1838,VALI,2026-06-03 01:02:22.650,2026-06-03 01:02:22.650,system,system,true,,
5802,,,memory_modules_quantity,Брой модули памет,Memory Modules Quantity,50,ASBIS,2026-05-23 01:08:21.375,2026-05-23 01:08:21.375,system,system,true,,
5952,,,maximum_fans_supported_quantity,Maximum Fans Supported Quantity,Maximum Fans Supported Quantity,50,ASBIS,2026-05-29 01:37:06.359,2026-05-29 01:37:06.359,system,system,true,,
4849,,,чипсет_на_дънната_платка,Чипсет на дънната платка,Чипсет на дънната платка,50,ASBIS,2026-05-19 15:49:15.836,2026-05-19 15:49:15.836,system,system,true,,
418,571,,,PFC,PFC,14,VALI,2026-04-02 10:04:08.425,2026-04-02 10:04:08.425,system,system,false,,
6606,1688,,,USB 2.0 ports,USB 2.0 ports,1843,VALI,2026-06-03 01:02:22.654,2026-06-03 01:02:22.654,system,system,true,,
4850,,,аудио_контролер_форм_фактор,Аудио контролер - форм фактор,Аудио контролер - форм фактор,50,ASBIS,2026-05-19 15:49:15.890,2026-05-19 15:49:15.890,system,system,true,,
6607,1689,,,USB 3.0 ports,USB 3.0 ports,1842,VALI,2026-06-03 01:02:22.658,2026-06-03 01:02:22.658,system,system,true,,
6608,1690,,,Serial connection,Serial connection,1844,VALI,2026-06-03 01:02:22.663,2026-06-03 01:02:22.663,system,system,true,,
4852,,,серия,Серия,Серия,50,ASBIS,2026-05-19 15:49:15.904,2026-05-19 15:49:15.904,system,system,true,,
6609,1691,,,LAN / Ethernet (RJ-45),LAN / Ethernet (RJ-45),1845,VALI,2026-06-03 01:02:22.666,2026-06-03 01:02:22.666,system,system,true,,
439,595,,,Адаптер за прозрачно сканиране,"",1798,VALI,2026-04-02 10:04:08.587,2026-04-02 10:04:08.587,system,system,false,,
4853,,,тип_паметта,Тип паметта,Тип паметта,50,ASBIS,2026-05-19 15:49:15.946,2026-05-19 15:49:15.946,system,system,true,,
443,599,,,Слот за карта,"",292,VALI,2026-04-02 10:04:08.617,2026-04-02 10:04:08.617,system,system,false,,
4854,,,максимално_количество_на_инсталирана_памет,Максимално количество на инсталирана памет,Максимално количество на инсталирана памет,50,ASBIS,2026-05-19 15:49:15.974,2026-05-19 15:49:15.974,system,system,true,,
447,605,,,Дигитална резолюция (dpi),Software Interpolation (dpi),285,VALI,2026-04-02 10:04:08.668,2026-04-02 10:04:08.668,system,system,false,,
4855,,,макс_брой_инсталирани_процесори,Макс. брой инсталирани процесори,Макс. брой инсталирани процесори,50,ASBIS,2026-05-19 15:49:15.991,2026-05-19 15:49:15.991,system,system,true,,
4856,,,pci_express_3_0_x16,PCI Express 3.0 x16,PCI Express 3.0 x16,50,ASBIS,2026-05-19 15:49:15.997,2026-05-19 15:49:15.997,system,system,true,,
4857,,,размер_на_l2_кеша,Размер на L2 кеша,Размер на L2 кеша,50,ASBIS,2026-05-19 15:49:16.008,2026-05-19 15:49:16.008,system,system,true,,
4858,,,характеристики_на_паметта,Характеристики на паметта,Характеристики на паметта,50,ASBIS,2026-05-19 15:49:16.021,2026-05-19 15:49:16.021,system,system,true,,
4859,,,име_на_операционна_система,Име на операционна система,Име на операционна система,50,ASBIS,2026-05-19 15:49:16.126,2026-05-19 15:49:16.126,system,system,true,,
6610,1692,,,Management LAN (RJ45),Management LAN (RJ45),1846,VALI,2026-06-03 01:02:22.669,2026-06-03 01:02:22.669,system,system,false,,
6611,1697,,,Входящо напрежение (V),Input Voltage (V),1085,VALI,2026-06-03 01:02:22.670,2026-06-03 01:02:22.670,system,system,true,,
6612,1698,,,Вид екранировка,Type of Shielding,548,VALI,2026-06-03 01:02:22.674,2026-06-03 01:02:22.674,system,system,true,,
6613,1709,,,Тип аксесоар,Accessory type,1587,VALI,2026-06-03 01:02:22.676,2026-06-03 01:02:22.676,system,system,true,,
6614,1712,,,Батерия,Battery,266,VALI,2026-06-03 01:02:22.682,2026-06-03 01:02:22.682,system,system,true,,
4847,,,series,Серия,Series,50,ASBIS,2026-05-19 15:49:15.808,2026-05-19 15:49:15.808,system,system,true,,
4851,,,support,Поддръжка,Support,50,ASBIS,2026-05-19 15:49:15.893,2026-05-19 15:49:15.893,system,system,true,,
471,630,,,Категория на продукта,Product category,926,VALI,2026-04-02 10:04:08.779,2026-04-02 10:04:08.779,system,system,false,,
473,632,,,Брой аксесоари в комплекта,Number of accessories,930,VALI,2026-04-02 10:04:08.788,2026-04-02 10:04:08.788,system,system,false,,
4860,,,аудио_чипсет,Аудио чипсет,Аудио чипсет,50,ASBIS,2026-05-19 15:49:16.145,2026-05-19 15:49:16.145,system,system,true,,
4861,,,вграден,Вграден,Вграден,50,ASBIS,2026-05-19 15:49:16.180,2026-05-19 15:49:16.180,system,system,true,,
4862,,,брой_вътрешни_гнезда_за_3_5_инчови_устройства,"Брой вътрешни гнезда за 3,5-инчови устройства","Брой вътрешни гнезда за 3,5-инчови устройства",50,ASBIS,2026-05-19 15:49:16.325,2026-05-19 15:49:16.325,system,system,true,,
6615,1714,,,Тип аксесоар,Accessory type,1591,VALI,2026-06-03 01:02:22.687,2026-06-03 01:02:22.687,system,system,true,,
4863,,,форм_фактор_на_паметта,Форм фактор на паметта,Форм фактор на паметта,50,ASBIS,2026-05-19 15:49:16.340,2026-05-19 15:49:16.340,system,system,true,,
4864,,,тип_входни_устройства,Тип входни устройства,Тип входни устройства,50,ASBIS,2026-05-19 15:49:16.353,2026-05-19 15:49:16.353,system,system,true,,
6616,1715,,,Диаметър,Diameter,1592,VALI,2026-06-03 01:02:22.689,2026-06-03 01:02:22.689,system,system,true,,
4865,,,pci_express_3_0_x1,PCI Express 3.0 x1,PCI Express 3.0 x1,50,ASBIS,2026-05-19 15:49:16.354,2026-05-19 15:49:16.354,system,system,true,,
6617,1717,,,Други,Others,1595,VALI,2026-06-03 01:02:22.697,2026-06-03 01:02:22.697,system,system,true,,
4866,,,форм_фактор_на_системата,Форм фактор на системата,Форм фактор на системата,50,ASBIS,2026-05-19 15:49:16.358,2026-05-19 15:49:16.358,system,system,true,,
6618,1718,,,Монтиране,Mounting,1593,VALI,2026-06-03 01:02:22.713,2026-06-03 01:02:22.713,system,system,true,,
4867,,,съвместими_аудио_стандарти,Съвместими аудио стандарти,Съвместими аудио стандарти,50,ASBIS,2026-05-19 15:49:16.377,2026-05-19 15:49:16.377,system,system,true,,
6619,1720,,,Други,Others,1597,VALI,2026-06-03 01:02:22.715,2026-06-03 01:02:22.715,system,system,true,,
6620,1721,,,Разфасовка (Л), Packing (L),1596,VALI,2026-06-03 01:02:22.731,2026-06-03 01:02:22.731,system,system,true,,
4868,,,брой_поддържани_дънни_платки,Брой поддържани дънни платки,Брой поддържани дънни платки,50,ASBIS,2026-05-19 15:49:16.396,2026-05-19 15:49:16.396,system,system,true,,
6621,1723,,,Материал,Material,1761,VALI,2026-06-03 01:02:22.733,2026-06-03 01:02:22.733,system,system,true,,
4869,,,pci_express_x16,PCI Express x16,PCI Express x16,50,ASBIS,2026-05-19 15:49:16.398,2026-05-19 15:49:16.398,system,system,true,,
4870,,,pci_express_x1,PCI Express x1,PCI Express x1,50,ASBIS,2026-05-19 15:49:16.402,2026-05-19 15:49:16.402,system,system,true,,
4871,,,размер_на_l3_кеша,Размер на L3 кеша,Размер на L3 кеша,50,ASBIS,2026-05-19 15:49:16.403,2026-05-19 15:49:16.403,system,system,true,,
4872,,,m_2_slot_quantity,M.2 Slot Quantity,M.2 Slot Quantity,50,ASBIS,2026-05-19 15:49:16.409,2026-05-19 15:49:16.409,system,system,true,,
4873,,,plug_in_card,Plug-in-card,Plug-in-card,50,ASBIS,2026-05-19 15:49:16.411,2026-05-19 15:49:16.411,system,system,true,,
5953,,,fans_quantity,Fans Quantity,Fans Quantity,50,ASBIS,2026-05-29 01:37:06.403,2026-05-29 01:37:06.403,system,system,true,,
6622,1724,,,Съвместими телефони,Compatible phones,1602,VALI,2026-06-03 01:02:22.735,2026-06-03 01:02:22.735,system,system,false,,
6623,1725,,,Свързаност,Interface,1603,VALI,2026-06-03 01:02:22.737,2026-06-03 01:02:22.737,system,system,true,,
6624,1727,,,Други,Other,1764,VALI,2026-06-03 01:02:22.738,2026-06-03 01:02:22.738,system,system,true,,
6625,1749,,,Съвместим бранд.,Brand,2165,VALI,2026-06-03 01:02:22.743,2026-06-03 01:02:22.743,system,system,true,,
6626,1754,,,Вид аксесоар.,Accessory,1630,VALI,2026-06-03 01:02:22.745,2026-06-03 01:02:22.745,system,system,true,,
6627,1755,,,Размери,Dimensions,2332,VALI,2026-06-03 01:02:22.748,2026-06-03 01:02:22.748,system,system,true,,
6628,1756,,,Интерфейс,Interface,2331,VALI,2026-06-03 01:02:22.751,2026-06-03 01:02:22.751,system,system,false,,
4877,,,стандарт_на_разширителен_слот,Стандарт на разширителен слот,Стандарт на разширителен слот,50,ASBIS,2026-05-19 15:49:16.553,2026-05-19 15:49:16.553,system,system,true,,
4878,,,брой_инсталирани_видеокарти,Брой инсталирани видеокарти,Брой инсталирани видеокарти,50,ASBIS,2026-05-19 15:49:16.557,2026-05-19 15:49:16.557,system,system,true,,
6629,1757,,,Тип охлаждане,Type cooling,97,VALI,2026-06-03 01:02:22.752,2026-06-03 01:02:22.752,system,system,true,,
6630,1759,,,Съвместим бранд,Brand,586,VALI,2026-06-03 01:02:22.756,2026-06-03 01:02:22.756,system,system,true,,
6631,1770,,,Монтиране,Mounting,627,VALI,2026-06-03 01:02:22.760,2026-06-03 01:02:22.760,system,system,true,,
6632,1771,,,Бранд,Brand,1645,VALI,2026-06-03 01:02:22.764,2026-06-03 01:02:22.764,system,system,true,,
6633,1809,,,Бранд.,Brand,579,VALI,2026-06-03 01:02:22.766,2026-06-03 01:02:22.766,system,system,true,,
6634,1811,,,Бранд,Brand,593,VALI,2026-06-03 01:02:22.768,2026-06-03 01:02:22.768,system,system,true,,
6635,1817,,,Бранд,Brand,1325,VALI,2026-06-03 01:02:22.772,2026-06-03 01:02:22.772,system,system,true,,
6636,1819,,,Тип приложение,Application type,1327,VALI,2026-06-03 01:02:22.775,2026-06-03 01:02:22.775,system,system,false,,
6637,1825,,,LED Подсветка,LED light,136,VALI,2026-06-03 01:02:22.776,2026-06-03 01:02:22.776,system,system,true,,
4874,,,low_power_efficient_cores_quantity,Брой LP E-ядра,Low Power Efficient-cores Quantity,50,ASBIS,2026-05-19 15:49:16.459,2026-05-19 15:49:16.459,system,system,true,,
6638,1826,,,Трансфер на данни,Data Transfer Rate,2167,VALI,2026-06-03 01:02:22.780,2026-06-03 01:02:22.780,system,system,true,,
6639,1828,,,Bluetooth версия,Bluetooth version,620,VALI,2026-06-03 01:02:22.784,2026-06-03 01:02:22.784,system,system,true,,
6640,1829,,,Standby режим,Standby,622,VALI,2026-06-03 01:02:22.789,2026-06-03 01:02:22.789,system,system,true,,
4875,,,installed_video_memory,Инсталирана видео памет,Installed Video Memory,50,ASBIS,2026-05-19 15:49:16.462,2026-05-19 15:49:16.462,system,system,true,,
4876,,,maximum_installable_ram,Максимален инсталируем RAM,Maximum Installable RAM,50,ASBIS,2026-05-19 15:49:16.478,2026-05-19 15:49:16.478,system,system,true,,
579,782,,,Дълбочина на цветовете,Color depth,287,VALI,2026-04-02 10:04:09.707,2026-04-02 10:04:09.707,system,system,false,,
6641,1833,,,Чувствителност,SPL,1705,VALI,2026-06-03 01:02:22.800,2026-06-03 01:02:22.800,system,system,true,,
6642,1835,,,Бранд,Brand,1601,VALI,2026-06-03 01:02:22.812,2026-06-03 01:02:22.812,system,system,false,,
6643,1836,,,Макс. поддържано тегло,Support maximum weight,1763,VALI,2026-06-03 01:02:22.813,2026-06-03 01:02:22.813,system,system,false,,
6644,1837,,,Съвместима ОС.,OS,1599,VALI,2026-06-03 01:02:22.815,2026-06-03 01:02:22.815,system,system,true,,
4879,,,допълнителна_видео_карта,Допълнителна видео карта,Допълнителна видео карта,50,ASBIS,2026-05-19 15:49:16.558,2026-05-19 15:49:16.558,system,system,true,,
4880,,,usb_3_2_gen_2_x2,USB 3.2 Gen 2 x2,USB 3.2 Gen 2 x2,50,ASBIS,2026-05-19 15:49:16.560,2026-05-19 15:49:16.560,system,system,true,,
4881,,,pci_express_3_0_x4,PCI Express 3.0 x4,PCI Express 3.0 x4,50,ASBIS,2026-05-19 15:49:16.563,2026-05-19 15:49:16.563,system,system,true,,
6645,1838,,,Слотoве PCI-E x4,PCI Express x4,801,VALI,2026-06-03 01:02:22.816,2026-06-03 01:02:22.816,system,system,true,,
4882,,,pci_express_5_0_x16,PCI Express 5.0 x16,PCI Express 5.0 x16,50,ASBIS,2026-05-19 15:49:16.564,2026-05-19 15:49:16.564,system,system,true,,
610,886,,,Аларма,Alarm,847,VALI,2026-04-02 10:04:10.009,2026-04-02 10:04:10.009,system,system,false,,
4883,,,pci_express_4_0_x4,PCI Express 4.0 x4,PCI Express 4.0 x4,50,ASBIS,2026-05-19 15:49:16.567,2026-05-19 15:49:16.567,system,system,true,,
5954,,,bundle_with,Bundle With,Bundle With,50,ASBIS,2026-05-29 01:37:06.426,2026-05-29 01:37:06.426,system,system,true,,
4885,,,артикулен_номер,Артикулен номер,Артикулен номер,50,ASBIS,2026-05-19 15:49:16.569,2026-05-19 15:49:16.569,system,system,true,,
6646,1840,,,Памет,Memory,1837,VALI,2026-06-03 01:02:22.818,2026-06-03 01:02:22.818,system,system,true,,
4887,,,резолюция_на_дисплея,Резолюция на дисплея,Резолюция на дисплея,50,ASBIS,2026-05-19 15:49:16.608,2026-05-19 15:49:16.608,system,system,true,,
624,902,,,Топлопроводимост,Thermal Conductivity,1032,VALI,2026-04-02 10:04:10.075,2026-04-02 10:04:10.075,system,system,false,,
625,903,,,Термична устойчивост,Thermal Resistance,1033,VALI,2026-04-02 10:04:10.087,2026-04-02 10:04:10.087,system,system,false,,
626,904,,,Лимитна температура,Operating Temperature,1034,VALI,2026-04-02 10:04:10.089,2026-04-02 10:04:10.089,system,system,false,,
4888,,,размер_на_вътрешната_памет,Размер на вътрешната памет,Размер на вътрешната памет,50,ASBIS,2026-05-19 15:49:16.617,2026-05-19 15:49:16.617,system,system,true,,
4889,,,инсталиран_капацитет_за_съхранение_на_ram,Инсталиран капацитет за съхранение на RAM,Инсталиран капацитет за съхранение на RAM,50,ASBIS,2026-05-19 15:49:16.635,2026-05-19 15:49:16.635,system,system,true,,
4890,,,интерфейс_usb,Интерфейс USB,Интерфейс USB,50,ASBIS,2026-05-19 15:49:16.641,2026-05-19 15:49:16.641,system,system,true,,
6647,1841,,,HDD,HDD,1567,VALI,2026-06-03 01:02:22.822,2026-06-03 01:02:22.822,system,system,true,,
6648,1842,,,Оптично устройство DVD+/-RW,DVD+/-RW,1565,VALI,2026-06-03 01:02:22.831,2026-06-03 01:02:22.831,system,system,true,,
6649,1844,,,Тип.,Type,1717,VALI,2026-06-03 01:02:22.833,2026-06-03 01:02:22.833,system,system,false,,
6650,1847,,,Марка принтер,Brand,710,VALI,2026-06-03 01:02:22.834,2026-06-03 01:02:22.834,system,system,true,,
4892,,,интерфейс_bluetooth,Интерфейс Bluetooth,Интерфейс Bluetooth,50,ASBIS,2026-05-19 15:49:16.646,2026-05-19 15:49:16.646,system,system,true,,
6651,1849,,,Тъч сензор,Touch sensor,1697,VALI,2026-06-03 01:02:22.844,2026-06-03 01:02:22.844,system,system,true,,
4893,,,вътрешна_тактова_честота_на_cpu,Вътрешна тактова честота на CPU,Вътрешна тактова честота на CPU,50,ASBIS,2026-05-19 15:49:16.650,2026-05-19 15:49:16.650,system,system,true,,
646,934,,,Брой сензори,Outdoor sensors,1036,VALI,2026-04-02 10:04:10.277,2026-04-02 10:04:10.277,system,system,false,,
6652,1850,,,Брой точки при допир,Number of touch points,1722,VALI,2026-06-03 01:02:22.847,2026-06-03 01:02:22.847,system,system,true,,
649,937,,,Тип батерии на сензорите,Type of Battery Outside Sensor,1039,VALI,2026-04-02 10:04:10.286,2026-04-02 10:04:10.286,system,system,false,,
4896,,,инсталирана_видео_памет,Инсталирана видео памет,Инсталирана видео памет,50,ASBIS,2026-05-19 15:49:16.666,2026-05-19 15:49:16.666,system,system,true,,
4897,,,скорост_честота_на_паметта,Скорост/честота на паметта,Скорост/честота на паметта,50,ASBIS,2026-05-19 15:49:16.674,2026-05-19 15:49:16.674,system,system,true,,
4898,,,аудио_видео_характеристики,Аудио/Видео характеристики,Аудио/Видео характеристики,50,ASBIS,2026-05-19 15:49:16.701,2026-05-19 15:49:16.701,system,system,true,,
6654,1853,,,Време за реакция (Touch System),Response Time (Touch System),1725,VALI,2026-06-03 01:02:22.851,2026-06-03 01:02:22.851,system,system,true,,
657,947,,,Езици,languages,1048,VALI,2026-04-02 10:04:10.315,2026-04-02 10:04:10.315,system,system,false,,
4901,,,"4_пинов_периферен_захранващ_конектор","4 пинов периферен захранващ конектор","4 пинов периферен захранващ конектор",50,ASBIS,2026-05-19 15:49:16.711,2026-05-19 15:49:16.711,system,system,true,,
4902,,,"15_пинов_s_ata_конектор","15 пинов S-ATA конектор","15 пинов S-ATA конектор",50,ASBIS,2026-05-19 15:49:16.715,2026-05-19 15:49:16.715,system,system,true,,
4903,,,"6_8_pin_pci_express_connector","6/8-pin PCI Express Connector","6/8-pin PCI Express Connector",50,ASBIS,2026-05-19 15:49:16.721,2026-05-19 15:49:16.721,system,system,true,,
4904,,,"4_8_pin_12v_power_connector","4/8-pin +12V Power Connector","4/8-pin +12V Power Connector",50,ASBIS,2026-05-19 15:49:16.724,2026-05-19 15:49:16.724,system,system,true,,
4905,,,"5vsb",+5VSB,+5VSB,50,ASBIS,2026-05-19 15:49:16.726,2026-05-19 15:49:16.726,system,system,true,,
4906,,,"12v",-12V,-12V,50,ASBIS,2026-05-19 15:49:16.730,2026-05-19 15:49:16.730,system,system,true,,
4907,,,"80_plus_certification","80 Plus Certification","80 Plus Certification",50,ASBIS,2026-05-19 15:49:16.759,2026-05-19 15:49:16.759,system,system,true,,
4884,,,maximum_humidity,Максимална влажност,Maximum Humidity,50,ASBIS,2026-05-19 15:49:16.568,2026-05-19 15:49:16.568,system,system,true,,
4886,,,cpu,Процесор (CPU),CPU,50,ASBIS,2026-05-19 15:49:16.592,2026-05-19 15:49:16.592,system,system,true,,
4895,,,product_level,Ниво на продукта,Product Level,50,ASBIS,2026-05-19 15:49:16.662,2026-05-19 15:49:16.662,system,system,true,,
4899,,,efficiency,Ефективност,Efficiency,50,ASBIS,2026-05-19 15:49:16.703,2026-05-19 15:49:16.703,system,system,true,,
4900,,,modular_power_supply,Модулно захранване,Modular Power Supply,50,ASBIS,2026-05-19 15:49:16.709,2026-05-19 15:49:16.709,system,system,true,,
711,1043,,,Проекция,Projection,1121,VALI,2026-04-02 10:04:10.866,2026-04-02 10:04:10.866,system,system,false,,
712,1044,,,Радио,Radio,1122,VALI,2026-04-02 10:04:10.868,2026-04-02 10:04:10.868,system,system,false,,
726,1068,,,Производител процесор,CPU,1135,VALI,2026-04-02 10:04:10.935,2026-04-02 10:04:10.935,system,system,false,,
728,1070,,,Производител на видео чипсет,Video chipset,1159,VALI,2026-04-02 10:04:10.946,2026-04-02 10:04:10.946,system,system,false,,
729,1071,,,Вид дисплей,Display type,1144,VALI,2026-04-02 10:04:10.950,2026-04-02 10:04:10.950,system,system,false,,
732,1074,,,Тип съхранение,Hard disk type,1155,VALI,2026-04-02 10:04:11.001,2026-04-02 10:04:11.001,system,system,false,,
733,1075,,,Капацитет за съхраненние,Hard disk capacity ,1157,VALI,2026-04-02 10:04:11.006,2026-04-02 10:04:11.006,system,system,false,,
736,1080,,,Клавиатура,Keyboard,1791,VALI,2026-04-02 10:04:11.028,2026-04-02 10:04:11.028,system,system,false,,
4908,,,"5v",+5V,+5V,50,ASBIS,2026-05-19 15:49:16.762,2026-05-19 15:49:16.762,system,system,true,,
4909,,,"20_4_пинов_конектор","20+4-пинов конектор","20+4-пинов конектор",50,ASBIS,2026-05-19 15:49:16.775,2026-05-19 15:49:16.775,system,system,true,,
739,1083,,,Кеш,Cache,1142,VALI,2026-04-02 10:04:11.113,2026-04-02 10:04:11.113,system,system,false,,
741,1086,,,Максимална памет,Max. capacity memory,1152,VALI,2026-04-02 10:04:11.134,2026-04-02 10:04:11.134,system,system,false,,
4910,,,брой_инсталирани_вентилатори,Брой инсталирани вентилатори,Брой инсталирани вентилатори,50,ASBIS,2026-05-19 15:49:16.776,2026-05-19 15:49:16.776,system,system,true,,
743,1088,,,Капацитет видео памет,Capacity Video Memory,1164,VALI,2026-04-02 10:04:11.152,2026-04-02 10:04:11.152,system,system,false,,
6655,1881,,,Тип памет,Memory type,1752,VALI,2026-06-03 01:02:22.854,2026-06-03 01:02:22.854,system,system,true,,
6656,1882,,,Честота,Frequency,1754,VALI,2026-06-03 01:02:22.858,2026-06-03 01:02:22.858,system,system,true,,
747,1093,,,Четец на карти,Card readers,1166,VALI,2026-04-02 10:04:11.192,2026-04-02 10:04:11.192,system,system,false,,
5803,,,memory_technology,Технология на паметта,Memory Technology,50,ASBIS,2026-05-23 01:08:21.380,2026-05-23 01:08:21.380,system,system,true,,
4911,,,"16_pin_pci_express_5_0_12vhpwr_connector","16-pin PCI Express 5.0 (12VHPWR) Connector","16-pin PCI Express 5.0 (12VHPWR) Connector",50,ASBIS,2026-05-19 15:49:16.777,2026-05-19 15:49:16.777,system,system,true,,
4912,,,"3_3v",+3.3V,+3.3V,50,ASBIS,2026-05-19 15:49:16.779,2026-05-19 15:49:16.779,system,system,true,,
4913,,,вентилатор_диаметър,Вентилатор - диаметър,Вентилатор - диаметър,50,ASBIS,2026-05-19 15:49:16.792,2026-05-19 15:49:16.792,system,system,true,,
6657,1883,,,Капацитет,Capacity,1753,VALI,2026-06-03 01:02:22.864,2026-06-03 01:02:22.864,system,system,true,,
4914,,,usb_type_a_usb_тип_c,"USB Type A, USB тип C","USB Type A, USB тип C",50,ASBIS,2026-05-19 15:49:16.795,2026-05-19 15:49:16.795,system,system,true,,
6658,1884,,,Волтаж,Voltage,1756,VALI,2026-06-03 01:02:22.869,2026-06-03 01:02:22.869,system,system,true,,
4915,,,"24_пинов_конектор","24 пинов конектор","24 пинов конектор",50,ASBIS,2026-05-19 15:49:16.797,2026-05-19 15:49:16.797,system,system,true,,
6659,1885,,,Модули,Modules,1757,VALI,2026-06-03 01:02:22.872,2026-06-03 01:02:22.872,system,system,true,,
6660,1886,,,Други,Others,1758,VALI,2026-06-03 01:02:22.875,2026-06-03 01:02:22.875,system,system,false,,
4917,,,"8_пинов_12v_захранващ_конектор","8 пинов +12V захранващ конектор","8 пинов +12V захранващ конектор",50,ASBIS,2026-05-19 15:49:16.801,2026-05-19 15:49:16.801,system,system,true,,
4918,,,макс_брой_поддържани_вентилатори,Макс. брой поддържани вентилатори,Макс. брой поддържани вентилатори,50,ASBIS,2026-05-19 15:49:16.802,2026-05-19 15:49:16.802,system,system,true,,
4919,,,"12v1",+12V1,+12V1,50,ASBIS,2026-05-19 15:49:16.808,2026-05-19 15:49:16.808,system,system,true,,
4920,,,"12v2",+12V2,+12V2,50,ASBIS,2026-05-19 15:49:16.810,2026-05-19 15:49:16.810,system,system,true,,
4921,,,"12v3",+12V3,+12V3,50,ASBIS,2026-05-19 15:49:16.811,2026-05-19 15:49:16.811,system,system,true,,
802,1202,,,Оформление,Design,99,VALI,2026-04-02 10:04:11.816,2026-04-02 10:04:11.816,system,system,false,,
4922,,,"12v4",+12V4,+12V4,50,ASBIS,2026-05-19 15:49:16.813,2026-05-19 15:49:16.813,system,system,true,,
4923,,,място_на_батерията,Място на батерията,Място на батерията,50,ASBIS,2026-05-19 15:49:16.814,2026-05-19 15:49:16.814,system,system,true,,
4924,,,максимална_честота_на_изхода,Максимална честота на изхода,Максимална честота на изхода,50,ASBIS,2026-05-19 15:49:16.815,2026-05-19 15:49:16.815,system,system,true,,
4925,,,брой_портове_за_управление,Брой портове за управление,Брой портове за управление,50,ASBIS,2026-05-19 15:49:16.816,2026-05-19 15:49:16.816,system,system,true,,
4926,,,минимална_изходна_честота,Минимална изходна честота,Минимална изходна честота,50,ASBIS,2026-05-19 15:49:16.817,2026-05-19 15:49:16.817,system,system,true,,
4927,,,фаза_на_напрежението,Фаза на напрежението,Фаза на напрежението,50,ASBIS,2026-05-19 15:49:16.819,2026-05-19 15:49:16.819,system,system,true,,
4928,,,ups_технология,UPS технология,UPS технология,50,ASBIS,2026-05-19 15:49:16.820,2026-05-19 15:49:16.820,system,system,true,,
4929,,,тип_конектор_на_порта_за_управление,Тип конектор на порта за управление,Тип конектор на порта за управление,50,ASBIS,2026-05-19 15:49:16.821,2026-05-19 15:49:16.821,system,system,true,,
4916,,,power_data_output,Изход захранване и данни,Power & Data Output,50,ASBIS,2026-05-19 15:49:16.798,2026-05-19 15:49:16.798,system,system,true,,
5955,,,supported_cpus,Supported CPUs,Supported CPUs,50,ASBIS,2026-05-29 01:37:06.441,2026-05-29 01:37:06.441,system,system,true,,
5956,,,battery_lifespan,Battery Lifespan,Battery Lifespan,50,ASBIS,2026-05-29 01:37:06.462,2026-05-29 01:37:06.462,system,system,true,,
4930,,,метод_на_обявяване_на_статуса,Метод на обявяване на статуса,Метод на обявяване на статуса,50,ASBIS,2026-05-19 15:49:16.823,2026-05-19 15:49:16.823,system,system,true,,
835,1252,,,Софтуер за отпечатване,Software for printing,1221,VALI,2026-04-02 10:04:12.158,2026-04-02 10:04:12.158,system,system,false,,
837,1254,,,Операционни системи,OS Support,1222,VALI,2026-04-02 10:04:12.177,2026-04-02 10:04:12.177,system,system,false,,
838,1255,,,Технология на сканиране,Scan Technology,1223,VALI,2026-04-02 10:04:12.186,2026-04-02 10:04:12.186,system,system,false,,
839,1256,,,Резолюция на сканиране,Scan resolution,1224,VALI,2026-04-02 10:04:12.208,2026-04-02 10:04:12.208,system,system,false,,
840,1257,,,Точност на отпечатване,Printing Accuracy,1219,VALI,2026-04-02 10:04:12.214,2026-04-02 10:04:12.214,system,system,false,,
841,1258,,,Софтуер за сканиране,Scanning software,1582,VALI,2026-04-02 10:04:12.220,2026-04-02 10:04:12.220,system,system,false,,
6661,1887,,,Латентност,Latency,1755,VALI,2026-06-03 01:02:22.876,2026-06-03 01:02:22.876,system,system,true,,
4931,,,брой_lan_интерфейси,Брой LAN интерфейси,Брой LAN интерфейси,50,ASBIS,2026-05-19 15:49:16.826,2026-05-19 15:49:16.826,system,system,true,,
4932,,,максимално_изходно_напрежение,Максимално изходно напрежение,Максимално изходно напрежение,50,ASBIS,2026-05-19 15:49:16.827,2026-05-19 15:49:16.827,system,system,true,,
4933,,,минимално_изходно_напрежение,Минимално изходно напрежение,Минимално изходно напрежение,50,ASBIS,2026-05-19 15:49:16.829,2026-05-19 15:49:16.829,system,system,true,,
4934,,,капацитет_на_изходна_мощност,Капацитет на изходна мощност,Капацитет на изходна мощност,50,ASBIS,2026-05-19 15:49:16.830,2026-05-19 15:49:16.830,system,system,true,,
856,1278,,,Портове за вътрешни дискове,I/O controller on board,1246,VALI,2026-04-02 10:04:12.477,2026-04-02 10:04:12.477,system,system,false,,
857,1279,,,Вграден звук,Audio,1247,VALI,2026-04-02 10:04:12.505,2026-04-02 10:04:12.505,system,system,false,,
858,1280,,,Слотове,slots,1250,VALI,2026-04-02 10:04:12.516,2026-04-02 10:04:12.516,system,system,false,,
859,1281,,,Слотове памет,Memory slots,1239,VALI,2026-04-02 10:04:12.541,2026-04-02 10:04:12.541,system,system,false,,
863,1285,,,Поддържан капацитет памет (max),Supported Memory,1240,VALI,2026-04-02 10:04:12.570,2026-04-02 10:04:12.570,system,system,false,,
864,1286,,,Капацитет HDD (GB),HDD capacity (GB),1252,VALI,2026-04-02 10:04:12.578,2026-04-02 10:04:12.578,system,system,false,,
865,1287,,,Капацитет SSD (GB),SSD capacity (GB),1253,VALI,2026-04-02 10:04:12.586,2026-04-02 10:04:12.586,system,system,false,,
867,1289,,,Интерфейс хард диск,HDD interface,1256,VALI,2026-04-02 10:04:12.596,2026-04-02 10:04:12.596,system,system,false,,
868,1290,,,Оптично устройство DVD+/-RW,Optical device,1257,VALI,2026-04-02 10:04:12.606,2026-04-02 10:04:12.606,system,system,false,,
4935,,,номинално_изходно_напрежение,Номинално изходно напрежение,Номинално изходно напрежение,50,ASBIS,2026-05-19 15:49:16.836,2026-05-19 15:49:16.836,system,system,true,,
874,1296,,,Безжична връзка,Wireless,1259,VALI,2026-04-02 10:04:12.692,2026-04-02 10:04:12.692,system,system,false,,
875,1297,,,Мишка,Mouse,1260,VALI,2026-04-02 10:04:12.708,2026-04-02 10:04:12.708,system,system,false,,
6662,1892,,,Цвят,Color,1598,VALI,2026-06-03 01:02:22.884,2026-06-03 01:02:22.884,system,system,true,,
879,1302,,,Кутия,Case,1694,VALI,2026-04-02 10:04:12.722,2026-04-02 10:04:12.722,system,system,false,,
4936,,,максимална_стойност_на_електрическата_мощност,Максимална стойност на електрическата мощност,Максимална стойност на електрическата мощност,50,ASBIS,2026-05-19 15:49:16.837,2026-05-19 15:49:16.837,system,system,true,,
882,1306,,,Скорост запис/четене SSD,Read/Write speed SSD,1255,VALI,2026-04-02 10:04:12.805,2026-04-02 10:04:12.805,system,system,false,,
883,1307,,,Модел дънна платка,Motherboard,1233,VALI,2026-04-02 10:04:12.810,2026-04-02 10:04:12.810,system,system,false,,
6663,1893,,,Функции,Functions,1600,VALI,2026-06-03 01:02:22.886,2026-06-03 01:02:22.886,system,system,true,,
6664,1894,,,Дължина,Length,1709,VALI,2026-06-03 01:02:22.888,2026-06-03 01:02:22.888,system,system,true,,
6665,1895,,,Максимална дължина,Maximum length,1710,VALI,2026-06-03 01:02:22.892,2026-06-03 01:02:22.892,system,system,true,,
5476,,,includes,Включва,Includes,50,ASBIS,2026-05-19 15:49:19.821,2026-05-19 15:49:19.821,system,system,true,,
5806,,,screen_treatment,Обработка на екрана,Screen Treatment,50,ASBIS,2026-05-24 01:08:29.478,2026-05-24 01:08:29.478,system,system,true,,
6666,1910,,,Процесор,CPU,1779,VALI,2026-06-03 01:02:22.898,2026-06-03 01:02:22.898,system,system,true,,
4937,,,iec_320_c13,IEC-320 C13,IEC-320 C13,50,ASBIS,2026-05-19 15:49:16.842,2026-05-19 15:49:16.842,system,system,true,,
4938,,,форма_на_синусоидата_на_изхода,Форма на синусоидата на изхода,Форма на синусоидата на изхода,50,ASBIS,2026-05-19 15:49:16.843,2026-05-19 15:49:16.843,system,system,true,,
4940,,,максимални_стойности_на_пиковата_енергия,Максимални стойности на пиковата енергия,Максимални стойности на пиковата енергия,50,ASBIS,2026-05-19 15:49:16.846,2026-05-19 15:49:16.846,system,system,true,,
6667,1911,,,Макс. резолюция,Maximum resolution,1780,VALI,2026-06-03 01:02:22.903,2026-06-03 01:02:22.903,system,system,true,,
4941,,,условие_за_статус_внимание,Условие за статус Внимание,Условие за статус Внимание,50,ASBIS,2026-05-19 15:49:16.848,2026-05-19 15:49:16.848,system,system,true,,
6668,1913,,,В/И портове,I/O ports,1782,VALI,2026-06-03 01:02:22.905,2026-06-03 01:02:22.905,system,system,true,,
4942,,,медиен_формат,Медиен формат,Медиен формат,50,ASBIS,2026-05-19 15:49:16.850,2026-05-19 15:49:16.850,system,system,true,,
5808,,,image_aspect_ratio,Съотношение на страните,Image Aspect Ratio,50,ASBIS,2026-05-24 01:08:29.543,2026-05-24 01:08:29.543,system,system,true,,
6669,1915,,,Размери,Dimensions,1787,VALI,2026-06-03 01:02:22.908,2026-06-03 01:02:22.908,system,system,true,,
4943,,,"4_пинов_12v_захранващ_конектор","4 пинов +12V захранващ конектор","4 пинов +12V захранващ конектор",50,ASBIS,2026-05-19 15:49:16.850,2026-05-19 15:49:16.850,system,system,true,,
4944,,,брой_разширителни_слотове,Брой разширителни слотове,Брой разширителни слотове,50,ASBIS,2026-05-19 15:49:16.852,2026-05-19 15:49:16.852,system,system,true,,
6670,1918,,,Поддръжка на сървърни ОС,Server OS support,1786,VALI,2026-06-03 01:02:22.911,2026-06-03 01:02:22.911,system,system,true,,
934,1399,,,Брой печатащи глави,Number of printheads,1217,VALI,2026-04-02 10:04:13.209,2026-04-02 10:04:13.209,system,system,false,,
5477,,,useful_life,Useful Life,Useful Life,50,ASBIS,2026-05-19 15:49:19.824,2026-05-19 15:49:19.824,system,system,true,,
947,1416,,,Макс. капацитет,Max. capacity,1334,VALI,2026-04-02 10:04:13.252,2026-04-02 10:04:13.252,system,system,false,,
950,1419,,,Включени дискове,Included Hard Drives,1338,VALI,2026-04-02 10:04:13.272,2026-04-02 10:04:13.272,system,system,false,,
953,1422,,,Охлаждане,Cooling,1339,VALI,2026-04-02 10:04:13.299,2026-04-02 10:04:13.299,system,system,false,,
6671,1919,,,ОС,OS,1785,VALI,2026-06-03 01:02:22.914,2026-06-03 01:02:22.914,system,system,true,,
6672,1939,,,Закопчалка,Fastener,877,VALI,2026-06-03 01:02:22.922,2026-06-03 01:02:22.922,system,system,true,,
4945,,,живот_на_батерията_при_пълно_зареждане,Живот на батерията при пълно зареждане,Живот на батерията при пълно зареждане,50,ASBIS,2026-05-19 15:49:16.856,2026-05-19 15:49:16.856,system,system,true,,
6673,1940,,,Стандарти.,Standard,934,VALI,2026-06-03 01:02:22.924,2026-06-03 01:02:22.924,system,system,true,,
6674,1942,,,Тип ламиниране,Type,1810,VALI,2026-06-03 01:02:22.934,2026-06-03 01:02:22.934,system,system,true,,
4946,,,потискане_на_шума,Потискане на шума,Потискане на шума,50,ASBIS,2026-05-19 15:49:16.859,2026-05-19 15:49:16.859,system,system,true,,
4947,,,живот_на_батерията_при_половин_капацитет,Живот на батерията при половин капацитет,Живот на батерията при половин капацитет,50,ASBIS,2026-05-19 15:49:16.861,2026-05-19 15:49:16.861,system,system,true,,
4948,,,десен_конектор_пол,Десен конектор - пол,Десен конектор - пол,50,ASBIS,2026-05-19 15:49:16.864,2026-05-19 15:49:16.864,system,system,true,,
4949,,,ляв_конектор_тип,Ляв конектор - тип,Ляв конектор - тип,50,ASBIS,2026-05-19 15:49:16.865,2026-05-19 15:49:16.865,system,system,true,,
4950,,,десен_конектор_тип,Десен конектор - тип,Десен конектор - тип,50,ASBIS,2026-05-19 15:49:16.868,2026-05-19 15:49:16.868,system,system,true,,
5810,,,image_contrast,Контраст на изображението,Image Contrast,50,ASBIS,2026-05-24 01:08:29.572,2026-05-24 01:08:29.572,system,system,true,,
6675,1964,,,Съвместим бранд,Brand,1087,VALI,2026-06-03 01:02:22.936,2026-06-03 01:02:22.936,system,system,true,,
6676,1965,,,Тип конектор,Connector type,1091,VALI,2026-06-03 01:02:22.939,2026-06-03 01:02:22.939,system,system,true,,
6677,1966,,,Тип зарядно устройство,Charger type,1084,VALI,2026-06-03 01:02:22.943,2026-06-03 01:02:22.943,system,system,true,,
4951,,,десен_конектор_брой,Десен конектор - брой,Десен конектор - брой,50,ASBIS,2026-05-19 15:49:16.871,2026-05-19 15:49:16.871,system,system,true,,
4952,,,ляв_конектор_брой,Ляв конектор - брой,Ляв конектор - брой,50,ASBIS,2026-05-19 15:49:16.872,2026-05-19 15:49:16.872,system,system,true,,
4953,,,ляв_конектор_пол,Ляв конектор - пол,Ляв конектор - пол,50,ASBIS,2026-05-19 15:49:16.873,2026-05-19 15:49:16.873,system,system,true,,
4954,,,"16_pin_pci_express_5_0_connector","16-pin PCI Express 5.0 Connector","16-pin PCI Express 5.0 Connector",50,ASBIS,2026-05-19 15:49:16.874,2026-05-19 15:49:16.874,system,system,true,,
4955,,,"4_пинов_конектор_за_флопи_дисково_устройство","4 пинов конектор за Флопи дисково устройство","4 пинов конектор за Флопи дисково устройство",50,ASBIS,2026-05-19 15:49:16.875,2026-05-19 15:49:16.875,system,system,true,,
4956,,,"3_3v_5v",+3.3V / +5V,+3.3V / +5V,50,ASBIS,2026-05-19 15:49:16.876,2026-05-19 15:49:16.876,system,system,true,,
4957,,,"8_пинов_pci_express_конектор","8-пинов PCI Express конектор","8-пинов PCI Express конектор",50,ASBIS,2026-05-19 15:49:16.881,2026-05-19 15:49:16.881,system,system,true,,
4958,,,iec_320_c19,IEC-320 C19,IEC-320 C19,50,ASBIS,2026-05-19 15:49:16.883,2026-05-19 15:49:16.883,system,system,true,,
4959,,,"12vhpwr_connector","12VHPWR Connector","12VHPWR Connector",50,ASBIS,2026-05-19 15:49:16.884,2026-05-19 15:49:16.884,system,system,true,,
4960,,,форм_фактор_на_батерията,Форм фактор на батерията,Форм фактор на батерията,50,ASBIS,2026-05-19 15:49:16.884,2026-05-19 15:49:16.884,system,system,true,,
5811,,,maximum_operating_humidity,Макс. работна влажност,Maximum Operating Humidity,50,ASBIS,2026-05-24 01:08:29.585,2026-05-24 01:08:29.585,system,system,true,,
6678,1968,,,Размери,Dimensions,2395,VALI,2026-06-03 01:02:22.944,2026-06-03 01:02:22.944,system,system,true,,
6679,1969,,,Поддръжка на RAID,Raid Support,1569,VALI,2026-06-03 01:02:22.955,2026-06-03 01:02:22.955,system,system,true,,
5957,,,operating_frequency_ghz,Operating Frequency (GHz),Operating Frequency (GHz),50,ASBIS,2026-05-29 01:37:06.476,2026-05-29 01:37:06.476,system,system,true,,
6680,1970,,,Разширителни слотове,Expansion Slots,1570,VALI,2026-06-03 01:02:22.957,2026-06-03 01:02:22.957,system,system,true,,
6681,1971,,,Видео изходи,Video out,1572,VALI,2026-06-03 01:02:22.960,2026-06-03 01:02:22.960,system,system,true,,
6682,1972,,,Видео карта,Graphic,1571,VALI,2026-06-03 01:02:22.963,2026-06-03 01:02:22.963,system,system,true,,
6683,1973,,,Поддържани ОС,OS Support,1848,VALI,2026-06-03 01:02:22.967,2026-06-03 01:02:22.967,system,system,true,,
6684,1974,,,Операционна система,Operating system,1847,VALI,2026-06-03 01:02:22.970,2026-06-03 01:02:22.970,system,system,true,,
6685,1975,,,USB 3.1 ports,USB 3.1 ports,1841,VALI,2026-06-03 01:02:22.972,2026-06-03 01:02:22.972,system,system,false,,
6686,1976,,,Портове Преден панел,Front I/O Ports,1839,VALI,2026-06-03 01:02:22.973,2026-06-03 01:02:22.973,system,system,false,,
6687,1977,,,Портове заден панел,Rear I/O Ports,1840,VALI,2026-06-03 01:02:22.974,2026-06-03 01:02:22.974,system,system,true,,
6688,1978,,,Размери (мм),Dimension (mm) ,1364,VALI,2026-06-03 01:02:22.981,2026-06-03 01:02:22.981,system,system,true,,
6689,1979,,,Процесор,CPU,1563,VALI,2026-06-03 01:02:22.983,2026-06-03 01:02:22.983,system,system,true,,
6690,1982,,,Регулиране на наклонението на наклоните на педалите за шофиране,Driving pedals bracket plate adjustment,2258,VALI,2026-06-03 01:02:22.997,2026-06-03 01:02:22.997,system,system,false,,
6691,1983,,,Регулиране на държача на волана,Steering wheel holder adjustment:,1850,VALI,2026-06-03 01:02:22.998,2026-06-03 01:02:22.998,system,system,false,,
6692,1984,,,Регулиране на плочата на скоростната кутия,Gear box bracket plate adjustment,1877,VALI,2026-06-03 01:02:22.999,2026-06-03 01:02:22.999,system,system,false,,
1050,1593,,,Брой виртуални машини, VM use rights included per product,1475,VALI,2026-04-02 10:04:14.663,2026-04-02 10:04:14.663,system,system,false,,
1051,1594,,,Изисва лицензи за достъп / включени в лиценза,CALs required / included with license ,1476,VALI,2026-04-02 10:04:14.665,2026-04-02 10:04:14.665,system,system,false,,
1057,1643,,,ADF,ADF,501,VALI,2026-04-02 10:04:14.694,2026-04-02 10:04:14.694,system,system,false,,
1065,1655,,,Защити,Protections,1538,VALI,2026-04-02 10:04:14.765,2026-04-02 10:04:14.765,system,system,false,,
1067,1657,,,Максимална мощност,Maximum Load,1536,VALI,2026-04-02 10:04:14.768,2026-04-02 10:04:14.768,system,system,false,,
5812,,,minimum_operating_humidity,Мин. работна влажност,Minimum Operating Humidity,50,ASBIS,2026-05-24 01:08:29.614,2026-05-24 01:08:29.614,system,system,true,,
6693,1989,,,Изходи,Outlets,188,VALI,2026-06-03 01:02:23.000,2026-06-03 01:02:23.000,system,system,true,,
6694,1991,,,Портове,Ports,1858,VALI,2026-06-03 01:02:23.002,2026-06-03 01:02:23.002,system,system,true,,
5813,,,monitor_compliant_standards,Поддържани стандарти за монитор,Monitor Compliant Standards,50,ASBIS,2026-05-24 01:08:29.620,2026-05-24 01:08:29.620,system,system,true,,
6695,1992,,,Захранване,Power supply,1859,VALI,2026-06-03 01:02:23.011,2026-06-03 01:02:23.011,system,system,true,,
6696,1993,,,Памет,Memory,1860,VALI,2026-06-03 01:02:23.017,2026-06-03 01:02:23.017,system,system,true,,
6697,1994,,,Монтиране в РАК,Rack-mountable,1861,VALI,2026-06-03 01:02:23.021,2026-06-03 01:02:23.021,system,system,true,,
6698,1995,,,Поддържани протоколи,Supported protocols,1862,VALI,2026-06-03 01:02:23.023,2026-06-03 01:02:23.023,system,system,false,,
6699,1996,,,Размери,Dimensions,1863,VALI,2026-06-03 01:02:23.023,2026-06-03 01:02:23.023,system,system,true,,
6700,1999,,,Съпротивление (Микрофон),Impedance (Microphone),1866,VALI,2026-06-03 01:02:23.030,2026-06-03 01:02:23.030,system,system,false,,
4961,,,макс_брой_поддържани_батерии,Макс. брой поддържани батерии,Макс. брой поддържани батерии,50,ASBIS,2026-05-19 15:49:16.886,2026-05-19 15:49:16.886,system,system,true,,
1090,1701,,,Диаметър (консуматив),Diameter (consumable),1581,VALI,2026-04-02 10:04:14.980,2026-04-02 10:04:14.980,system,system,false,,
4962,,,включени_аксесоари_опция,Включени аксесоари (опция),Включени аксесоари (опция),50,ASBIS,2026-05-19 15:49:16.887,2026-05-19 15:49:16.887,system,system,true,,
6701,2000,,,Чувствителност (Микрофон),Sensitivity (Microphone),1867,VALI,2026-06-03 01:02:23.031,2026-06-03 01:02:23.031,system,system,true,,
4963,,,usb_type_c1_usb_type_c2,"USB Type C1, USB Type C2","USB Type C1, USB Type C2",50,ASBIS,2026-05-19 15:49:16.890,2026-05-19 15:49:16.890,system,system,true,,
4964,,,"6_пинов_pci_express_конектор","6-пинов PCI Express конектор","6-пинов PCI Express конектор",50,ASBIS,2026-05-19 15:49:16.892,2026-05-19 15:49:16.892,system,system,true,,
4965,,,"20_4_pin_main_connector","20+4-pin Main Connector","20+4-pin Main Connector",50,ASBIS,2026-05-19 15:49:16.893,2026-05-19 15:49:16.893,system,system,true,,
5958,,,protection_standarts,Protection Standarts,Protection Standarts,50,ASBIS,2026-05-29 01:37:06.536,2026-05-29 01:37:06.536,system,system,true,,
5959,,,product_size,Product Size,Product Size,50,ASBIS,2026-05-29 01:37:06.556,2026-05-29 01:37:06.556,system,system,true,,
6702,2004,,,Честота (GHz),Frequency (GHz),1872,VALI,2026-06-03 01:02:23.033,2026-06-03 01:02:23.033,system,system,true,,
6703,2005,,,Сигурност,Security,1873,VALI,2026-06-03 01:02:23.035,2026-06-03 01:02:23.035,system,system,true,,
6704,2006,,,Захранване,Power Supply,1874,VALI,2026-06-03 01:02:23.037,2026-06-03 01:02:23.037,system,system,true,,
6705,2007,,,Други,Other,2056,VALI,2026-06-03 01:02:23.041,2026-06-03 01:02:23.041,system,system,true,,
1123,1767,,,Дължина кабел (м),Cable (m),1641,VALI,2026-04-02 10:04:15.222,2026-04-02 10:04:15.222,system,system,false,,
6706,2010,,,Технология,Technology,1388,VALI,2026-06-03 01:02:23.044,2026-06-03 01:02:23.044,system,system,true,,
4973,,,s_ata_connector,S-ATA Connector,S-ATA Connector,50,ASBIS,2026-05-19 15:49:16.904,2026-05-19 15:49:16.904,system,system,true,,
1134,1784,,,Брой измервани стойности,Number of measured values,1657,VALI,2026-04-02 10:04:15.259,2026-04-02 10:04:15.259,system,system,false,,
1136,1786,,,Съдържание пакет,What's in the Box,1660,VALI,2026-04-02 10:04:15.263,2026-04-02 10:04:15.263,system,system,false,,
1137,1787,,,Измервани стойности,Measured values,1659,VALI,2026-04-02 10:04:15.266,2026-04-02 10:04:15.266,system,system,false,,
6707,2011,,,Консуматив PN,Consumables PN,1879,VALI,2026-06-03 01:02:23.057,2026-06-03 01:02:23.057,system,system,false,,
1139,1810,,,Комплектът включва,Accessories,2497,VALI,2026-04-02 10:04:15.270,2026-04-02 10:04:15.270,system,system,false,,
6708,2012,,,Брой цветове,Number of colors,1719,VALI,2026-06-03 01:02:23.058,2026-06-03 01:02:23.058,system,system,true,,
4975,,,"4_pin_peripheral_power_connector","4-pin Peripheral Power Connector","4-pin Peripheral Power Connector",50,ASBIS,2026-05-19 15:49:16.909,2026-05-19 15:49:16.909,system,system,true,,
1162,1855,,,Размери на дисплея,Screen,1727,VALI,2026-04-02 10:04:15.372,2026-04-02 10:04:15.372,system,system,false,,
1168,1862,,,Съвместимо устройство,Compatible device,2311,VALI,2026-04-02 10:04:15.390,2026-04-02 10:04:15.390,system,system,false,,
1169,1863,,,Съвместима операционна система,Compatible operating system,2312,VALI,2026-04-02 10:04:15.392,2026-04-02 10:04:15.392,system,system,false,,
1170,1871,,,Серия(видео чипсет),Series,1160,VALI,2026-04-02 10:04:15.394,2026-04-02 10:04:15.394,system,system,false,,
1172,1874,,,Контрол на вентилатори,Fan Channel Quantity,1746,VALI,2026-04-02 10:04:15.400,2026-04-02 10:04:15.400,system,system,false,,
4966,,,power_adapter_and_power_supply_features,Характеристики на захранващия адаптер,Power Adapter and Power Supply Features,50,ASBIS,2026-05-19 15:49:16.894,2026-05-19 15:49:16.894,system,system,true,,
4967,,,width_mm,Ширина (мм),Width (mm),50,ASBIS,2026-05-19 15:49:16.895,2026-05-19 15:49:16.895,system,system,true,,
4981,,,usb_type_a_usb_type_c1_usb_type_c2,"USB Type A, USB Type C1, USB Type C2","USB Type A, USB Type C1, USB Type C2",50,ASBIS,2026-05-19 15:49:16.914,2026-05-19 15:49:16.914,system,system,true,,
4968,,,power_device_type,Тип захранващо устройство,Power Device Type,50,ASBIS,2026-05-19 15:49:16.898,2026-05-19 15:49:16.898,system,system,true,,
4969,,,fans_installed_quantity,Брой инсталирани вентилатори,Fans Installed Quantity,50,ASBIS,2026-05-19 15:49:16.900,2026-05-19 15:49:16.900,system,system,true,,
4971,,,circuit_protection,Защита на веригата,Circuit Protection,50,ASBIS,2026-05-19 15:49:16.901,2026-05-19 15:49:16.901,system,system,true,,
4972,,,depth_mm,Дълбочина (мм),Depth (mm),50,ASBIS,2026-05-19 15:49:16.902,2026-05-19 15:49:16.902,system,system,true,,
4974,,,height_mm,Височина (мм),Height (mm),50,ASBIS,2026-05-19 15:49:16.905,2026-05-19 15:49:16.905,system,system,true,,
4977,,,input_frequency,Входна честота,Input Frequency,50,ASBIS,2026-05-19 15:49:16.910,2026-05-19 15:49:16.910,system,system,true,,
4978,,,fan_diameter,Диаметър на вентилатора,Fan Diameter,50,ASBIS,2026-05-19 15:49:16.911,2026-05-19 15:49:16.911,system,system,true,,
4980,,,power_device_unit_quantity,Брой захранващи единици,Power Device Unit Quantity,50,ASBIS,2026-05-19 15:49:16.913,2026-05-19 15:49:16.913,system,system,true,,
6709,2013,,,Съвместими принтери,Compatible printers,1878,VALI,2026-06-03 01:02:23.061,2026-06-03 01:02:23.061,system,system,true,,
6710,2014,,,Turbo Boost честота,Turbo Boost Speed,41,VALI,2026-06-03 01:02:23.064,2026-06-03 01:02:23.064,system,system,true,,
4982,,,"20_пинов_конектор","20-пинов конектор","20-пинов конектор",50,ASBIS,2026-05-19 15:49:16.915,2026-05-19 15:49:16.915,system,system,true,,
1200,1907,,,Архитектура процесор,Architecture CPU,1778,VALI,2026-04-02 10:04:15.547,2026-04-02 10:04:15.547,system,system,false,,
6711,2020,,,Мощност (RMS),Power Output (RMS),1888,VALI,2026-06-03 01:02:23.077,2026-06-03 01:02:23.077,system,system,true,,
6712,2021,,,Приемане,Receiving,1889,VALI,2026-06-03 01:02:23.082,2026-06-03 01:02:23.082,system,system,true,,
6713,2022,,,Захранване,Power Supply,1891,VALI,2026-06-03 01:02:23.086,2026-06-03 01:02:23.086,system,system,true,,
1209,1923,,,Формат дисплей,Format display,1146,VALI,2026-04-02 10:04:15.586,2026-04-02 10:04:15.586,system,system,false,,
1211,1925,,,Тип памет видео карта,Memory card type,1163,VALI,2026-04-02 10:04:15.596,2026-04-02 10:04:15.596,system,system,false,,
1213,1927,,,Заети слотове,"",1154,VALI,2026-04-02 10:04:15.672,2026-04-02 10:04:15.672,system,system,false,,
5814,,,pitch_type,Тип стъпка,Pitch Type,50,ASBIS,2026-05-24 01:08:29.634,2026-05-24 01:08:29.634,system,system,true,,
1215,1930,,,Драйвери,Drivers,294,VALI,2026-04-02 10:04:15.707,2026-04-02 10:04:15.707,system,system,false,,
4983,,,usb_type_c3,USB Type C3,USB Type C3,50,ASBIS,2026-05-19 15:49:16.916,2026-05-19 15:49:16.916,system,system,true,,
4984,,,"12v6",+12V6,+12V6,50,ASBIS,2026-05-19 15:49:16.917,2026-05-19 15:49:16.917,system,system,true,,
6714,2023,,,Цвят,Color,2045,VALI,2026-06-03 01:02:23.090,2026-06-03 01:02:23.090,system,system,true,,
1221,1956,,,Поддържани операционни системи,Operating Systems Supported,1824,VALI,2026-04-02 10:04:15.733,2026-04-02 10:04:15.733,system,system,false,,
6715,2024,,,Размери,Dimensions,2043,VALI,2026-06-03 01:02:23.092,2026-06-03 01:02:23.092,system,system,true,,
6716,2029,,,ОС,OS,1905,VALI,2026-06-03 01:02:23.102,2026-06-03 01:02:23.102,system,system,true,,
4985,,,"12v7",+12V7,+12V7,50,ASBIS,2026-05-19 15:49:16.918,2026-05-19 15:49:16.918,system,system,true,,
6717,2030,,,Капацитет,Capacity,1897,VALI,2026-06-03 01:02:23.109,2026-06-03 01:02:23.109,system,system,true,,
6718,2031,,,Интерфейс,Interface,1898,VALI,2026-06-03 01:02:23.119,2026-06-03 01:02:23.119,system,system,true,,
5816,,,viewable_display_diagonal_length,Видим диагонал на дисплея,Viewable Display Diagonal Length,50,ASBIS,2026-05-24 01:08:29.651,2026-05-24 01:08:29.651,system,system,true,,
6719,2032,,,Форм фактор,Form factor,1899,VALI,2026-06-03 01:02:23.126,2026-06-03 01:02:23.126,system,system,true,,
6720,2033,,,Скорост при четене,Read (MB/s),1900,VALI,2026-06-03 01:02:23.128,2026-06-03 01:02:23.128,system,system,true,,
6721,2034,,,Скорост при запис,Write (MB/s),1901,VALI,2026-06-03 01:02:23.132,2026-06-03 01:02:23.132,system,system,true,,
6722,2035,,,Размери,Dimensions,1906,VALI,2026-06-03 01:02:23.135,2026-06-03 01:02:23.135,system,system,true,,
6723,2037,,,Цвят,Color,2356,VALI,2026-06-03 01:02:23.157,2026-06-03 01:02:23.157,system,system,true,,
6724,2051,,,Вид продукт.,Product type,348,VALI,2026-06-03 01:02:23.163,2026-06-03 01:02:23.163,system,system,true,,
6725,2052,,,Цвят,Color,1922,VALI,2026-06-03 01:02:23.164,2026-06-03 01:02:23.164,system,system,false,,
4986,,,"12v8",+12V8,+12V8,50,ASBIS,2026-05-19 15:49:16.918,2026-05-19 15:49:16.918,system,system,true,,
4987,,,"12v5",+12V5,+12V5,50,ASBIS,2026-05-19 15:49:16.919,2026-05-19 15:49:16.919,system,system,true,,
6726,2054,,,Врати,Doors,1920,VALI,2026-06-03 01:02:23.166,2026-06-03 01:02:23.166,system,system,false,,
6727,2055,,,Височина,Height,1921,VALI,2026-06-03 01:02:23.167,2026-06-03 01:02:23.167,system,system,true,,
6728,2056,,,Употреба,Usage,1924,VALI,2026-06-03 01:02:23.169,2026-06-03 01:02:23.169,system,system,false,,
4988,,,диагностика,Диагностика,Диагностика,50,ASBIS,2026-05-19 15:49:16.920,2026-05-19 15:49:16.920,system,system,true,,
4989,,,usb_тип_a1_usb_тип_a2,"USB тип A1, USB тип A2","USB тип A1, USB тип A2",50,ASBIS,2026-05-19 15:49:16.921,2026-05-19 15:49:16.921,system,system,true,,
6729,2057,,,Тип продукт,Product type,1923,VALI,2026-06-03 01:02:23.170,2026-06-03 01:02:23.170,system,system,true,,
6730,2058,,,Предназначен за,For,1925,VALI,2026-06-03 01:02:23.173,2026-06-03 01:02:23.173,system,system,true,,
6731,2059,,,Цвят,Color,1926,VALI,2026-06-03 01:02:23.174,2026-06-03 01:02:23.174,system,system,true,,
6732,2060,,,Диаметър,Diameter,1927,VALI,2026-06-03 01:02:23.185,2026-06-03 01:02:23.185,system,system,false,,
1271,2028,,,Включени в пакета приложения,Software Suite Components,2247,VALI,2026-04-02 10:04:15.941,2026-04-02 10:04:15.941,system,system,false,,
1281,2041,,,Автоматично двустранно сканиране (DADF/RADF),DADF/RADF,288,VALI,2026-04-02 10:04:16.010,2026-04-02 10:04:16.010,system,system,false,,
1282,2042,,,Автоматично подаващо устройство (ADF),ADF,289,VALI,2026-04-02 10:04:16.011,2026-04-02 10:04:16.011,system,system,false,,
4990,,,usb_type_c2_usb_type_c3,"USB Type C2, USB Type C3","USB Type C2, USB Type C3",50,ASBIS,2026-05-19 15:49:16.921,2026-05-19 15:49:16.921,system,system,true,,
1284,2044,,,Вид,Type,279,VALI,2026-04-02 10:04:16.023,2026-04-02 10:04:16.023,system,system,false,,
1285,2045,,,Цветно / Монохромно,Color / Monochrome,283,VALI,2026-04-02 10:04:16.026,2026-04-02 10:04:16.026,system,system,false,,
1286,2048,,,Брой устройства за зареждане,Device Capacity,1915,VALI,2026-04-02 10:04:16.027,2026-04-02 10:04:16.027,system,system,false,,
4991,,,брой_кабели,Брой кабели,Брой кабели,50,ASBIS,2026-05-19 15:49:16.922,2026-05-19 15:49:16.922,system,system,true,,
1288,2050,,,Размер на количката,Cart Dimension,1917,VALI,2026-04-02 10:04:16.033,2026-04-02 10:04:16.033,system,system,false,,
6733,2061,,,Макс. температура,Temperature,1928,VALI,2026-06-03 01:02:23.186,2026-06-03 01:02:23.186,system,system,true,,
6734,2063,,,Съвместимо влакно,Compatible fiber,1930,VALI,2026-06-03 01:02:23.190,2026-06-03 01:02:23.190,system,system,true,,
4992,,,продавач,Продавач,Продавач,50,ASBIS,2026-05-19 15:49:16.923,2026-05-19 15:49:16.923,system,system,true,,
1214,1928,,,Line-up,Line-up,1796,VALI,2026-04-02 10:04:15.675,2026-05-26 01:02:07.251,system,system,false,,
4994,,,светкавица,Светкавица,Светкавица,50,ASBIS,2026-05-19 15:49:16.926,2026-05-19 15:49:16.926,system,system,true,,
4995,,,интерфейс_за_данни,Интерфейс за данни,Интерфейс за данни,50,ASBIS,2026-05-19 15:49:16.927,2026-05-19 15:49:16.927,system,system,true,,
6735,2075,,,Тип аксесоар,Accessory type,1942,VALI,2026-06-03 01:02:23.194,2026-06-03 01:02:23.194,system,system,true,,
4993,,,camera_system,Камерна система,Camera System,50,ASBIS,2026-05-19 15:49:16.925,2026-05-19 15:49:16.925,system,system,true,,
6736,2076,,,Цвят,Color,1943,VALI,2026-06-03 01:02:23.202,2026-06-03 01:02:23.202,system,system,true,,
6737,2077,,,RAM памет,RAM memory,1948,VALI,2026-06-03 01:02:23.207,2026-06-03 01:02:23.207,system,system,true,,
6738,2078,,,Вътрешна памет,ROM memory,1949,VALI,2026-06-03 01:02:23.210,2026-06-03 01:02:23.210,system,system,true,,
6739,2079,,,Външна памет,External Memory,1950,VALI,2026-06-03 01:02:23.213,2026-06-03 01:02:23.213,system,system,false,,
6741,2081,,,Операционна система,Operation System,1952,VALI,2026-06-03 01:02:23.217,2026-06-03 01:02:23.217,system,system,true,,
5817,,,image_max_v_view_angle,Макс. вертикален ъгъл на видимост,Image Max. V-View Angle,50,ASBIS,2026-05-24 01:08:29.672,2026-05-24 01:08:29.672,system,system,true,,
5818,,,image_max_h_view_angle,Макс. хоризонтален ъгъл на видимост,Image Max. H-View Angle,50,ASBIS,2026-05-24 01:08:29.724,2026-05-24 01:08:29.724,system,system,true,,
6743,2083,,,Bluetooth,Bluetooth,1954,VALI,2026-06-03 01:02:23.228,2026-06-03 01:02:23.228,system,system,true,,
6744,2084,,,Wi-Fi,Wi-Fi,1955,VALI,2026-06-03 01:02:23.231,2026-06-03 01:02:23.231,system,system,true,,
4998,,,поддържана_флаш_карта_памет,Поддържана флаш карта-памет,Поддържана флаш карта-памет,50,ASBIS,2026-05-19 15:49:16.941,2026-05-19 15:49:16.941,system,system,true,,
1336,2106,,,Звуков сигнал,Sound,1974,VALI,2026-04-02 10:04:16.317,2026-04-02 10:04:16.317,system,system,false,,
4999,,,nfc,NFC,NFC,50,ASBIS,2026-05-19 15:49:16.946,2026-05-19 15:49:16.946,system,system,true,,
1341,2112,,,Дистанционно,Remote control,2070,VALI,2026-04-02 10:04:16.335,2026-04-02 10:04:16.335,system,system,false,,
1349,2129,,,Брой в комплекта,Number,1993,VALI,2026-04-02 10:04:16.377,2026-04-02 10:04:16.377,system,system,false,,
1351,2153,,,Стартов консуматив,CONSUMABLES,1870,VALI,2026-04-02 10:04:16.384,2026-04-02 10:04:16.384,system,system,false,,
5820,,,color_support,Поддръжка на цветове,Color Support,50,ASBIS,2026-05-24 01:08:29.757,2026-05-24 01:08:29.757,system,system,true,,
1360,2176,,,Тип екструдиране.,Extrusion type,1214,VALI,2026-04-02 10:04:16.429,2026-04-02 10:04:16.429,system,system,false,,
1361,2177,,,Повърхност за печат,Build Surface,2037,VALI,2026-04-02 10:04:16.431,2026-04-02 10:04:16.431,system,system,false,,
1363,2180,,,Брой нишки,Threads,1232,VALI,2026-04-02 10:04:16.435,2026-04-02 10:04:16.435,system,system,false,,
6746,2086,,,Портове,Ports,1957,VALI,2026-06-03 01:02:23.237,2026-06-03 01:02:23.237,system,system,true,,
6747,2087,,,Тип дисплей,Display type,1944,VALI,2026-06-03 01:02:23.240,2026-06-03 01:02:23.240,system,system,true,,
6748,2088,,,Резолюция,Resolution,1945,VALI,2026-06-03 01:02:23.249,2026-06-03 01:02:23.249,system,system,true,,
1378,2197,,,Бутони,Buttons,1642,VALI,2026-04-02 10:04:16.496,2026-04-02 10:04:16.496,system,system,false,,
5960,,,standby_current,Standby Current,Standby Current,50,ASBIS,2026-05-29 01:37:06.569,2026-05-29 01:37:06.569,system,system,true,,
6749,2089,,,Диагонал на дисплея (инч),Display diagonal (inch),1946,VALI,2026-06-03 01:02:23.253,2026-06-03 01:02:23.253,system,system,true,,
1382,2202,,,Бройна система,Number system,1116,VALI,2026-04-02 10:04:16.508,2026-04-02 10:04:16.508,system,system,false,,
6750,2090,,,Брой цветове,Colors,1947,VALI,2026-06-03 01:02:23.256,2026-06-03 01:02:23.256,system,system,false,,
5003,,,широчина,Широчина,Широчина,50,ASBIS,2026-05-19 15:49:16.969,2026-05-19 15:49:16.969,system,system,true,,
1389,2210,,,Зареждане,Charging,2154,VALI,2026-04-02 10:04:16.530,2026-04-02 10:04:16.530,system,system,false,,
5005,,,конструкция,Конструкция,Конструкция,50,ASBIS,2026-05-19 15:49:16.976,2026-05-19 15:49:16.976,system,system,true,,
6751,2091,,,Основна камера,Camera - rear,1958,VALI,2026-06-03 01:02:23.257,2026-06-03 01:02:23.257,system,system,true,,
6752,2093,,,Интерфейс HDD,Interface HDD,1961,VALI,2026-06-03 01:02:23.264,2026-06-03 01:02:23.264,system,system,true,,
5006,,,резолюция_на_камерата,Резолюция на камерата,Резолюция на камерата,50,ASBIS,2026-05-19 15:49:16.977,2026-05-19 15:49:16.977,system,system,true,,
1405,2230,,,Тип очила,Glasses type,2094,VALI,2026-04-02 10:04:16.586,2026-04-02 10:04:16.586,system,system,false,,
1407,2232,,,Тип Корекция,Correction type,2096,VALI,2026-04-02 10:04:16.595,2026-04-02 10:04:16.595,system,system,false,,
5007,,,тип_sim_карта,Тип SIM карта,Тип SIM карта,50,ASBIS,2026-05-19 15:49:16.988,2026-05-19 15:49:16.988,system,system,true,,
1409,2234,,,Диоптър,Diopter,2098,VALI,2026-04-02 10:04:16.601,2026-04-02 10:04:16.601,system,system,false,,
5008,,,дисплей_сензорен_екран,Дисплей Сензорен екран,Дисплей Сензорен екран,50,ASBIS,2026-05-19 15:49:16.991,2026-05-19 15:49:16.991,system,system,true,,
1412,2237,,,Детайли лещи,Lens material,2157,VALI,2026-04-02 10:04:16.641,2026-04-02 10:04:16.641,system,system,false,,
6753,2094,,,Интерфейс PC,Interface PC,1963,VALI,2026-06-03 01:02:23.268,2026-06-03 01:02:23.268,system,system,true,,
6754,2095,,,Размери,Dimensions,2228,VALI,2026-06-03 01:02:23.272,2026-06-03 01:02:23.272,system,system,true,,
6755,2096,,,Rack съвместимост,Hard Disk Size,2227,VALI,2026-06-03 01:02:23.287,2026-06-03 01:02:23.287,system,system,true,,
6756,2098,,,USB портове,USB Ports,1386,VALI,2026-06-03 01:02:23.289,2026-06-03 01:02:23.289,system,system,false,,
6757,2104,,,Тип продукт,Product type,483,VALI,2026-06-03 01:02:23.320,2026-06-03 01:02:23.320,system,system,false,,
6758,2105,,,Съвместим бранд,Brand,484,VALI,2026-06-03 01:02:23.321,2026-06-03 01:02:23.321,system,system,true,,
6759,2108,,,Предназначен за,For,2320,VALI,2026-06-03 01:02:23.323,2026-06-03 01:02:23.323,system,system,true,,
6760,2114,,,Захранване.,PS,601,VALI,2026-06-03 01:02:23.329,2026-06-03 01:02:23.329,system,system,true,,
6761,2122,,,Цвят,Color,2089,VALI,2026-06-03 01:02:23.331,2026-06-03 01:02:23.331,system,system,true,,
5000,,,camera_photo_features,Характеристики на фото камерата,Camera Photo Features,50,ASBIS,2026-05-19 15:49:16.954,2026-05-19 15:49:16.954,system,system,true,,
6762,2123,,,Размер,Dimensions,2090,VALI,2026-06-03 01:02:23.338,2026-06-03 01:02:23.338,system,system,true,,
5009,,,платформа_операционна_система,Платформа (Операционна система),Платформа (Операционна система),50,ASBIS,2026-05-19 15:49:16.992,2026-05-19 15:49:16.992,system,system,true,,
5001,,,gpu,Графичен процесор (GPU),GPU,50,ASBIS,2026-05-19 15:49:16.957,2026-05-19 15:49:16.957,system,system,true,,
5004,,,wi_fi_direct,Wi-Fi Direct,Wi-Fi Direct,50,ASBIS,2026-05-19 15:49:16.975,2026-05-19 15:49:16.975,system,system,true,,
5010,,,video_resolution,Видео резолюция,Video Resolution,50,ASBIS,2026-05-19 15:49:16.993,2026-05-19 15:49:16.993,system,system,true,,
6763,2142,,,Бранд,Brand,423,VALI,2026-06-03 01:02:23.355,2026-06-03 01:02:23.355,system,system,true,,
6764,2158,,,VPN,VPN,1441,VALI,2026-06-03 01:02:23.360,2026-06-03 01:02:23.360,system,system,true,,
5011,,,време_за_разговори,Време за разговори,Време за разговори,50,ASBIS,2026-05-19 15:49:16.995,2026-05-19 15:49:16.995,system,system,true,,
1456,2299,,,Индустрия,Industry ,1126,VALI,2026-04-02 10:04:16.814,2026-04-02 10:04:16.814,system,system,false,,
5012,,,време_на_аудио_възпроизвеждане,Време на аудио възпроизвеждане,Време на аудио възпроизвеждане,50,ASBIS,2026-05-19 15:49:16.996,2026-05-19 15:49:16.996,system,system,true,,
6765,2159,,,Цвят,Colour,2023,VALI,2026-06-03 01:02:23.371,2026-06-03 01:02:23.371,system,system,true,,
5822,,,pixel_density,Плътност на пикселите,Pixel Density,50,ASBIS,2026-05-24 01:08:29.810,2026-05-24 01:08:29.810,system,system,true,,
6766,2160,,,Процесор ,CPU,446,VALI,2026-06-03 01:02:23.377,2026-06-03 01:02:23.377,system,system,true,,
6767,2161,,,Тип слот за карта памет,Memory slot type,2024,VALI,2026-06-03 01:02:23.379,2026-06-03 01:02:23.379,system,system,true,,
6768,2162,,,Резолюция,Resolution type,2025,VALI,2026-06-03 01:02:23.382,2026-06-03 01:02:23.382,system,system,true,,
5016,,,версия_на_операционната_система,Версия на операционната система,Версия на операционната система,50,ASBIS,2026-05-19 15:49:17.005,2026-05-19 15:49:17.005,system,system,true,,
6769,2163,,,Брой ядра,Cores,448,VALI,2026-06-03 01:02:23.385,2026-06-03 01:02:23.385,system,system,true,,
6770,2164,,,Капацитет съхранение,Capacity,2026,VALI,2026-06-03 01:02:23.387,2026-06-03 01:02:23.387,system,system,true,,
6771,2181,,,Конектори,Connectors,1890,VALI,2026-06-03 01:02:23.390,2026-06-03 01:02:23.390,system,system,true,,
5019,,,дълбочина_на_цвета_на_дисплея,Дълбочина на цвета на дисплея,Дълбочина на цвета на дисплея,50,ASBIS,2026-05-19 15:49:17.010,2026-05-19 15:49:17.010,system,system,true,,
1515,2380,,,Размер на вентилатора,Ventilator dimension,2237,VALI,2026-04-02 10:04:17.155,2026-04-02 10:04:17.155,system,system,false,,
5020,,,fm,FM,FM,50,ASBIS,2026-05-19 15:49:17.013,2026-05-19 15:49:17.013,system,system,true,,
1522,2388,,,Тип сглобяване,Assembly type,2245,VALI,2026-04-02 10:04:17.207,2026-04-02 10:04:17.207,system,system,false,,
1523,2389,,,Тип предвижване,Movement type,2246,VALI,2026-04-02 10:04:17.208,2026-04-02 10:04:17.208,system,system,false,,
6772,2182,,,Материал,Material,2044,VALI,2026-06-03 01:02:23.393,2026-06-03 01:02:23.393,system,system,true,,
1532,2401,,,Вид активна площ,Type of active area,1636,VALI,2026-04-02 10:04:17.246,2026-04-02 10:04:17.246,system,system,false,,
6773,2183,,,Тип продукт,Product type,1887,VALI,2026-06-03 01:02:23.395,2026-06-03 01:02:23.395,system,system,false,,
6774,2185,,,Възраст.,Age,2046,VALI,2026-06-03 01:02:23.396,2026-06-03 01:02:23.396,system,system,true,,
6775,2186,,,Тип продукт,Product type,2047,VALI,2026-06-03 01:02:23.402,2026-06-03 01:02:23.402,system,system,true,,
6776,2187,,,За,For,2048,VALI,2026-06-03 01:02:23.404,2026-06-03 01:02:23.404,system,system,true,,
1543,2413,,,Количество.,Quantity,1031,VALI,2026-04-02 10:04:17.281,2026-04-02 10:04:17.281,system,system,false,,
6777,2188,,,Цвят.,Color,2049,VALI,2026-06-03 01:02:23.405,2026-06-03 01:02:23.405,system,system,true,,
6778,2189,,,Цвят,Color,2055,VALI,2026-06-03 01:02:23.407,2026-06-03 01:02:23.407,system,system,true,,
6779,2191,,,Тип конзола,Type,2050,VALI,2026-06-03 01:02:23.416,2026-06-03 01:02:23.416,system,system,true,,
5023,,,функции_на_камерата,Функции на камерата,Функции на камерата,50,ASBIS,2026-05-19 15:49:17.021,2026-05-19 15:49:17.021,system,system,true,,
6780,2192,,,Брой контролери,Number of controllers,2329,VALI,2026-06-03 01:02:23.419,2026-06-03 01:02:23.419,system,system,true,,
1580,2455,,,Място за съхранение,Storage,1730,VALI,2026-04-02 10:04:17.424,2026-04-02 10:04:17.424,system,system,false,,
1581,2456,,,Оптика,Optics,1731,VALI,2026-04-02 10:04:17.426,2026-04-02 10:04:17.426,system,system,false,,
6781,2193,,,Капацитет на съхранение,Storage capacity,2321,VALI,2026-06-03 01:02:23.421,2026-06-03 01:02:23.421,system,system,true,,
1586,2461,,,Тип филтър.,Filter type,2318,VALI,2026-04-02 10:04:17.431,2026-04-02 10:04:17.431,system,system,false,,
1587,2462,,,Поток на въздуха.,CADR Value,2448,VALI,2026-04-02 10:04:17.433,2026-04-02 10:04:17.433,system,system,false,,
1588,2463,,,Препоръчителна площ на помещение.,Suitable for rooms up to,2449,VALI,2026-04-02 10:04:17.437,2026-04-02 10:04:17.437,system,system,false,,
6782,2194,,,Оптично устройство,Optical Disc Drive,2330,VALI,2026-06-03 01:02:23.427,2026-06-03 01:02:23.427,system,system,true,,
6783,2195,,,Стандарти,Standards,1871,VALI,2026-06-03 01:02:23.430,2026-06-03 01:02:23.430,system,system,true,,
5025,,,време_на_готовност,Време на готовност,Време на готовност,50,ASBIS,2026-05-19 15:49:17.027,2026-05-19 15:49:17.027,system,system,true,,
5027,,,cpu_cooler_maximum_height,CPU Cooler Maximum Height,CPU Cooler Maximum Height,50,ASBIS,2026-05-19 15:49:17.032,2026-05-19 15:49:17.032,system,system,true,,
5028,,,кутия_шкаф_форм_фактор,Кутия/Шкаф форм фактор,Кутия/Шкаф форм фактор,50,ASBIS,2026-05-19 15:49:17.040,2026-05-19 15:49:17.040,system,system,true,,
5014,,,video_frame_rate,Честота на кадрите,Video Frame rate,50,ASBIS,2026-05-19 15:49:17.001,2026-05-19 15:49:17.001,system,system,true,,
5015,,,video_record,Видео запис,Video Record,50,ASBIS,2026-05-19 15:49:17.003,2026-05-19 15:49:17.003,system,system,true,,
5018,,,wi_fi_hotspot,Wi-Fi точка за достъп,Wi-Fi Hotspot,50,ASBIS,2026-05-19 15:49:17.009,2026-05-19 15:49:17.009,system,system,true,,
5021,,,supported_video_formats,Поддържани видео формати,Supported Video Formats,50,ASBIS,2026-05-19 15:49:17.019,2026-05-19 15:49:17.019,system,system,true,,
5022,,,camera_technology,Технология на камерата,Camera Technology,50,ASBIS,2026-05-19 15:49:17.020,2026-05-19 15:49:17.020,system,system,true,,
5024,,,video_playback_time,Времетраене на видео възпроизвеждане,Video Playback Time,50,ASBIS,2026-05-19 15:49:17.026,2026-05-19 15:49:17.026,system,system,true,,
5029,,,дънна_платка_форм_фактор,Дънна платка - форм фактор,Дънна платка - форм фактор,50,ASBIS,2026-05-19 15:49:17.046,2026-05-19 15:49:17.046,system,system,true,,
6784,2198,,,Предназначен за,For,932,VALI,2026-06-03 01:02:23.437,2026-06-03 01:02:23.437,system,system,false,,
5823,,,maximum_input_frequency,Максимална входна честота,Maximum Input Frequency,50,ASBIS,2026-05-24 01:08:29.862,2026-05-24 01:08:29.862,system,system,true,,
5031,,,expansion_card_max_length,Expansion Card Max Length,Expansion Card Max Length,50,ASBIS,2026-05-19 15:49:17.057,2026-05-19 15:49:17.057,system,system,true,,
6785,2204,,,Съвместими платформи,Platform Compatibility,2066,VALI,2026-06-03 01:02:23.439,2026-06-03 01:02:23.439,system,system,false,,
5032,,,шаси_характеристики,Шаси характеристики,Шаси характеристики,50,ASBIS,2026-05-19 15:49:17.069,2026-05-19 15:49:17.069,system,system,true,,
5033,,,брой_вътрешни_гнезда_за_2_5_инчови_устройства,"Брой вътрешни гнезда за 2,5-инчови устройства","Брой вътрешни гнезда за 2,5-инчови устройства",50,ASBIS,2026-05-19 15:49:17.170,2026-05-19 15:49:17.170,system,system,true,,
6786,2205,,,Дължина,Length,2076,VALI,2026-06-03 01:02:23.440,2026-06-03 01:02:23.440,system,system,true,,
6787,2214,,,Автономия на батерията.,Battery life,602,VALI,2026-06-03 01:02:23.444,2026-06-03 01:02:23.444,system,system,true,,
6789,2216,,,Стил,Style,2077,VALI,2026-06-03 01:02:23.454,2026-06-03 01:02:23.454,system,system,false,,
6790,2218,,,Материал на плота,Desktop material,2079,VALI,2026-06-03 01:02:23.455,2026-06-03 01:02:23.455,system,system,false,,
6791,2219,,,Предназначен за,For,2080,VALI,2026-06-03 01:02:23.456,2026-06-03 01:02:23.456,system,system,true,,
6792,2220,,,Предназначен за,For,576,VALI,2026-06-03 01:02:23.458,2026-06-03 01:02:23.458,system,system,true,,
6793,2226,,,Тип подвързия,Cover type,1986,VALI,2026-06-03 01:02:23.461,2026-06-03 01:02:23.461,system,system,true,,
5037,,,брой_гнезда_за_5_25_инчови_външни_устройства,"Брой гнезда за 5,25-инчови външни устройства","Брой гнезда за 5,25-инчови външни устройства",50,ASBIS,2026-05-19 15:49:17.178,2026-05-19 15:49:17.178,system,system,true,,
5038,,,предлага_размери_на_гнездото_на_външното_устройство,Предлага размери на гнездото на външното устройство,Предлага размери на гнездото на външното устройство,50,ASBIS,2026-05-19 15:49:17.179,2026-05-19 15:49:17.179,system,system,true,,
6794,2227,,,Тип продукт,Product type,1987,VALI,2026-06-03 01:02:23.463,2026-06-03 01:02:23.463,system,system,false,,
5040,,,e_sata,E-SATA,E-SATA,50,ASBIS,2026-05-19 15:49:17.182,2026-05-19 15:49:17.182,system,system,true,,
1672,2566,,,Обхват на завъртане,Swivel range,230,VALI,2026-04-02 10:04:17.939,2026-04-02 10:04:17.939,system,system,false,,
5041,,,брой_външни_гнезда_за_3_5_инчови_устройства,"Брой външни гнезда за 3,5-инчови устройства","Брой външни гнезда за 3,5-инчови устройства",50,ASBIS,2026-05-19 15:49:17.183,2026-05-19 15:49:17.183,system,system,true,,
1674,2568,,,Фокус,Focus,2197,VALI,2026-04-02 10:04:17.952,2026-04-02 10:04:17.952,system,system,false,,
5042,,,m_2,M.2,M.2,50,ASBIS,2026-05-19 15:49:17.184,2026-05-19 15:49:17.184,system,system,true,,
6795,2229,,,Брой снимки,Capacity,2088,VALI,2026-06-03 01:02:23.464,2026-06-03 01:02:23.464,system,system,true,,
1682,2576,,,Допълнителни екстри,Additional extras,2428,VALI,2026-04-02 10:04:17.969,2026-04-02 10:04:17.969,system,system,false,,
6796,2238,,,Цвят,Color,2102,VALI,2026-06-03 01:02:23.472,2026-06-03 01:02:23.472,system,system,true,,
6797,2239,,,Вид разрез,Shred,2100,VALI,2026-06-03 01:02:23.474,2026-06-03 01:02:23.474,system,system,false,,
6798,2241,,,Тип задвижване,Cutting,2101,VALI,2026-06-03 01:02:23.475,2026-06-03 01:02:23.475,system,system,false,,
6799,2242,,,Предназначен за,Shreds,907,VALI,2026-06-03 01:02:23.476,2026-06-03 01:02:23.476,system,system,true,,
6800,2247,,,Брой отделения,Number of compartments,2107,VALI,2026-06-03 01:02:23.480,2026-06-03 01:02:23.480,system,system,true,,
6801,2248,,,Специални отделения,Special compartments,2108,VALI,2026-06-03 01:02:23.485,2026-06-03 01:02:23.485,system,system,true,,
6802,2249,,,Цвят,Color,561,VALI,2026-06-03 01:02:23.487,2026-06-03 01:02:23.487,system,system,true,,
6803,2250,,,Брой удължения на краката,Leg Segments,566,VALI,2026-06-03 01:02:23.488,2026-06-03 01:02:23.488,system,system,true,,
6804,2251,,,Предназначен за,For,560,VALI,2026-06-03 01:02:23.491,2026-06-03 01:02:23.491,system,system,true,,
5045,,,сила_на_звука,Сила на звука,Сила на звука,50,ASBIS,2026-05-19 15:49:17.191,2026-05-19 15:49:17.191,system,system,true,,
5034,,,number_of_expansion_slots_full_height,Брой слотове за разширение с пълна височина,Number of Expansion Slots Full Height,50,ASBIS,2026-05-19 15:49:17.173,2026-05-19 15:49:17.173,system,system,true,,
6805,2254,,,Цвят,Color,2432,VALI,2026-06-03 01:02:23.495,2026-06-03 01:02:23.495,system,system,true,,
5036,,,audio_line_in_microphone_in,Аудио линеен вход/Микрофонен вход,Audio Line-In/Microphone-In,50,ASBIS,2026-05-19 15:49:17.177,2026-05-19 15:49:17.177,system,system,true,,
5039,,,redundant_power_device_installed_quantity,Брой резервни захранвания,Redundant Power Device Installed Quantity,50,ASBIS,2026-05-19 15:49:17.181,2026-05-19 15:49:17.181,system,system,true,,
6806,2255,,,Цвят,Color,2140,VALI,2026-06-03 01:02:23.501,2026-06-03 01:02:23.501,system,system,true,,
5043,,,case_lock_type,Тип брава на кутията,Case Lock Type,50,ASBIS,2026-05-19 15:49:17.186,2026-05-19 15:49:17.186,system,system,true,,
5044,,,carry_method,Метод на носене,Carry Method,50,ASBIS,2026-05-19 15:49:17.188,2026-05-19 15:49:17.188,system,system,true,,
6807,2256,,,Зрителна ширина,Width,2114,VALI,2026-06-03 01:02:23.506,2026-06-03 01:02:23.506,system,system,true,,
1742,2656,,,Резолюция дисплей,Display resolution,2501,VALI,2026-04-02 10:04:18.127,2026-04-02 10:04:18.127,system,system,false,,
6808,2257,,,Зрителна височина,Height ,2115,VALI,2026-06-03 01:02:23.511,2026-06-03 01:02:23.511,system,system,true,,
6809,2258,,,Диагонал,Diagonal,2116,VALI,2026-06-03 01:02:23.518,2026-06-03 01:02:23.518,system,system,true,,
6810,2259,,,Вид проекция,Viewing angle,2117,VALI,2026-06-03 01:02:23.525,2026-06-03 01:02:23.525,system,system,true,,
6811,2261,,,Увеличение,"",2119,VALI,2026-06-03 01:02:23.527,2026-06-03 01:02:23.527,system,system,true,,
6788,2215,,тип,Тип,Tip,1464,VALI,2026-06-03 01:02:23.453,2026-06-03 02:13:38.719,system,system,false,,
1755,2676,,,Резолюция на заснемане,Max Capture Resolution,2518,VALI,2026-04-02 10:04:18.156,2026-04-02 10:04:18.156,system,system,false,,
5824,,,minimum_input_voltage,Минимално входно напрежение,Minimum Input Voltage,50,ASBIS,2026-05-24 01:08:29.906,2026-05-24 01:08:29.906,system,system,true,,
6812,2262,,,Функции,Functions,2120,VALI,2026-06-03 01:02:23.529,2026-06-03 01:02:23.529,system,system,true,,
6814,2265,,,Енергиен клас,Energy efficiency,2249,VALI,2026-06-03 01:02:23.532,2026-06-03 01:02:23.532,system,system,true,,
6815,2270,,,Брой поддържани устройства,Number of Replaced Devices,2128,VALI,2026-06-03 01:02:23.538,2026-06-03 01:02:23.538,system,system,true,,
6816,2271,,,Бранд,Brand,2129,VALI,2026-06-03 01:02:23.540,2026-06-03 01:02:23.540,system,system,true,,
6817,2272,,,Предназначен за,For,2130,VALI,2026-06-03 01:02:23.542,2026-06-03 01:02:23.542,system,system,true,,
5049,,,изисква_конвенция_за_разширителния_слот,Изисква конвенция за разширителния слот,Изисква конвенция за разширителния слот,50,ASBIS,2026-05-19 15:49:17.198,2026-05-19 15:49:17.198,system,system,true,,
6818,2273,,,Функции,Functions,2131,VALI,2026-06-03 01:02:23.544,2026-06-03 01:02:23.544,system,system,false,,
6819,2274,,,Тип честота,Frequency,2132,VALI,2026-06-03 01:02:23.545,2026-06-03 01:02:23.545,system,system,true,,
6820,2275,,,Включени батерии,Batteries included,2133,VALI,2026-06-03 01:02:23.547,2026-06-03 01:02:23.547,system,system,true,,
6821,2276,,,Комплектът включва,Package Contents,2134,VALI,2026-06-03 01:02:23.549,2026-06-03 01:02:23.549,system,system,true,,
5050,,,контролер_форм_фактор,Контролер - форм фактор,Контролер - форм фактор,50,ASBIS,2026-05-19 15:49:17.199,2026-05-19 15:49:17.199,system,system,true,,
6822,2277,,,Комплектът включва,Package Contents,2135,VALI,2026-06-03 01:02:23.552,2026-06-03 01:02:23.552,system,system,true,,
6823,2278,,,Сензор,Sensor,889,VALI,2026-06-03 01:02:23.558,2026-06-03 01:02:23.558,system,system,true,,
1784,2712,,,Температура на нагревателното легло,Heatbed Temperature,2552,VALI,2026-04-02 10:04:18.214,2026-04-02 10:04:18.214,system,system,false,,
1785,2713,,,Височина на слоя,Layer height,2553,VALI,2026-04-02 10:04:18.215,2026-04-02 10:04:18.215,system,system,false,,
1788,2717,,,Тип използване,Usage type,2554,VALI,2026-04-02 10:04:18.224,2026-04-02 10:04:18.224,system,system,false,,
5051,,,брой_входно_изходни_канали,Брой входно-изходни канали,Брой входно-изходни канали,50,ASBIS,2026-05-19 15:49:17.205,2026-05-19 15:49:17.205,system,system,true,,
5052,,,usb_3_1_gen_2,USB 3.1 Gen 2,USB 3.1 Gen 2,50,ASBIS,2026-05-19 15:49:17.208,2026-05-19 15:49:17.208,system,system,true,,
1792,2721,,,Разделителна способност,Rezolution,2561,VALI,2026-04-02 10:04:18.240,2026-04-02 10:04:18.240,system,system,false,,
5053,,,контролер_характеристики,Контролер - характеристики,Контролер - характеристики,50,ASBIS,2026-05-19 15:49:17.213,2026-05-19 15:49:17.213,system,system,true,,
5054,,,алгоритъм_за_идентификация,Алгоритъм за идентификация,Алгоритъм за идентификация,50,ASBIS,2026-05-19 15:49:17.220,2026-05-19 15:49:17.220,system,system,true,,
6824,2279,,,Съвместимост:,Compatibility:,2137,VALI,2026-06-03 01:02:23.572,2026-06-03 01:02:23.572,system,system,true,,
5055,,,thunderbolt_5,Thunderbolt 5,Thunderbolt 5,50,ASBIS,2026-05-19 15:49:17.221,2026-05-19 15:49:17.221,system,system,true,,
6825,2281,,,Цвят,Color,2139,VALI,2026-06-03 01:02:23.584,2026-06-03 01:02:23.584,system,system,true,,
5057,,,fibre_channel,Fibre Channel,Fibre Channel,50,ASBIS,2026-05-19 15:49:17.223,2026-05-19 15:49:17.223,system,system,true,,
1814,,broy_izhodi,,Брой изходи,Outputs Count,15,TEKRA,2026-04-02 10:15:49.425,2026-04-02 10:15:49.425,system,system,false,,
1815,,analogovi_kanali,,Аналогови канали,Analog Channels,50,TEKRA,2026-04-02 10:15:49.543,2026-04-02 10:15:49.543,system,system,false,,
5058,,,поддържани_процесорни_цокли,Поддържани процесорни цокли,Поддържани процесорни цокли,50,ASBIS,2026-05-19 15:49:17.224,2026-05-19 15:49:17.224,system,system,true,,
6813,2263,,тип_монтиране,Тип монтиране,Mounting type ,2121,VALI,2026-06-03 01:02:23.530,2026-06-03 02:13:38.719,system,system,true,,
1819,,termalna_rezolyutsiya,,Термална резолюция,Thermal Resolution,91,TEKRA,2026-04-02 10:15:49.623,2026-08-20 09:55:41.358,system,d.eshanovski@gmail.com,false,,
1820,,seriya_eco,,Eco серия,Eco Series,12,TEKRA,2026-04-02 10:15:49.637,2026-08-20 09:55:41.358,system,d.eshanovski@gmail.com,false,,
1823,,poe_portove,,PoE портове,PoE Ports,12,TEKRA,2026-04-02 10:15:49.665,2026-04-02 10:15:49.665,system,system,false,,
1825,,raboten_tok,,Работен ток,Operating Current,14,TEKRA,2026-04-02 10:15:49.675,2026-04-02 10:15:49.675,system,system,false,,
1829,,broy_hdd,,Брой HDD,HDD Count,50,TEKRA,2026-04-02 10:15:49.777,2026-04-02 10:15:49.777,system,system,false,,
1831,,audio_vhodove_izhodi,,Аудио входове/изходи,Audio In/Out,50,TEKRA,2026-04-02 10:15:50.121,2026-04-02 10:15:50.121,system,system,false,,
1824,,ventilator,,Вентилатор,Ventilator,50,TEKRA,2026-04-02 10:15:49.669,2026-04-02 10:15:49.669,system,system,false,,
1832,,sfp_portove,,SFP портове,Sfp Portove,50,TEKRA,2026-04-02 10:15:50.123,2026-04-02 10:15:50.123,system,system,false,,
1838,,rezolyutsiya_na_zapis,,Резолюция на запис,Recording Resolution,50,TEKRA,2026-04-02 10:15:50.171,2026-04-02 10:15:50.171,system,system,false,,
1842,,protokol,,Протокол,Protocol,50,TEKRA,2026-04-02 10:15:50.180,2026-04-02 10:15:50.180,system,system,false,,
1846,,alarmeni_vhodove_izhodi,,Алармени входове/изходи,Alarm In/Out,50,TEKRA,2026-04-02 10:15:50.186,2026-04-02 10:15:50.186,system,system,false,,
1841,,tip_zahranvane,,Тип захранване,Tip Zahranvane,50,TEKRA,2026-04-02 10:15:50.179,2026-04-02 10:15:50.179,system,system,false,,
1848,,ip_kanali,,IP канали,IP Channels,50,TEKRA,2026-04-02 10:15:50.194,2026-04-02 10:15:50.194,system,system,false,,
5046,,,pockets_quantity,Брой джобове,Pockets Quantity,50,ASBIS,2026-05-19 15:49:17.195,2026-05-19 15:49:17.195,system,system,true,,
5047,,,internal_pockets_quantity,Брой вътрешни джобове,Internal Pockets Quantity,50,ASBIS,2026-05-19 15:49:17.196,2026-05-19 15:49:17.196,system,system,true,,
5048,,,external_pockets_quantity,Брой външни джобове,External Pockets Quantity,50,ASBIS,2026-05-19 15:49:17.197,2026-05-19 15:49:17.197,system,system,true,,
5056,,,kit_type,Тип комплект,Kit Type,50,ASBIS,2026-05-19 15:49:17.222,2026-05-19 15:49:17.222,system,system,true,,
1850,,seriyni_portove,,Серийни портове,Serial Ports,50,TEKRA,2026-04-02 10:15:50.200,2026-04-02 10:15:50.200,system,system,false,,
5825,,,security_features,Функции за сигурност,Security Features,50,ASBIS,2026-05-24 01:08:29.913,2026-05-24 01:08:29.913,system,system,true,,
6826,2283,,,Суичове,Switches,244,VALI,2026-06-03 01:02:23.587,2026-06-03 01:02:23.587,system,system,false,,
1049,1592,,,Брой процесори , CPU sockets,1474,VALI,2026-04-02 10:04:14.661,2026-05-18 11:42:08.820,system,system,false,,
5059,,,pump_noise,Шум на помпата,Pump Noise,50,ASBIS,2026-05-19 15:49:17.236,2026-05-19 15:49:17.236,system,system,true,,
5074,,,rated_speed_min,Минимална номинална скорост,Rated Speed Min,50,ASBIS,2026-05-19 15:49:17.370,2026-05-19 15:49:17.370,system,system,true,,
1052,1595,,,Изисква лицензи за RDS  / включени в лиценза,RDS CALs required if used / included ,1477,VALI,2026-04-02 10:04:14.667,2026-05-18 11:42:08.824,system,system,false,,
1053,1596,,,Брой ядра на процесора ,CPU cores,1478,VALI,2026-04-02 10:04:14.668,2026-05-18 11:42:08.824,system,system,false,,
5060,,,waterblock_material,Waterblock Material,Waterblock Material,50,ASBIS,2026-05-19 15:49:17.238,2026-05-19 15:49:17.238,system,system,true,,
5062,,,височина_на_радиатора,Височина на радиатора,Височина на радиатора,50,ASBIS,2026-05-19 15:49:17.242,2026-05-19 15:49:17.242,system,system,true,,
5063,,,ширина_на_радиатор,Ширина на радиатор,Ширина на радиатор,50,ASBIS,2026-05-19 15:49:17.253,2026-05-19 15:49:17.253,system,system,true,,
5064,,,waterblock_height,Waterblock Height,Waterblock Height,50,ASBIS,2026-05-19 15:49:17.266,2026-05-19 15:49:17.266,system,system,true,,
5065,,,живот_на_системата_очакван,Живот на системата (очакван),Живот на системата (очакван),50,ASBIS,2026-05-19 15:49:17.280,2026-05-19 15:49:17.280,system,system,true,,
5066,,,waterblock_width,Waterblock Width,Waterblock Width,50,ASBIS,2026-05-19 15:49:17.284,2026-05-19 15:49:17.284,system,system,true,,
5067,,,лагеруване,Лагеруване,Лагеруване,50,ASBIS,2026-05-19 15:49:17.296,2026-05-19 15:49:17.296,system,system,true,,
5068,,,въздушен_поток_при_определена_скорост,Въздушен поток при определена скорост,Въздушен поток при определена скорост,50,ASBIS,2026-05-19 15:49:17.302,2026-05-19 15:49:17.302,system,system,true,,
5069,,,радиатор_дълбочина,Радиатор-дълбочина,Радиатор-дълбочина,50,ASBIS,2026-05-19 15:49:17.333,2026-05-19 15:49:17.333,system,system,true,,
5070,,,waterblock_depth,Waterblock Depth,Waterblock Depth,50,ASBIS,2026-05-19 15:49:17.347,2026-05-19 15:49:17.347,system,system,true,,
5072,,,тип_конектор_на_дънната_платка,Тип конектор на дънната платка,Тип конектор на дънната платка,50,ASBIS,2026-05-19 15:49:17.367,2026-05-19 15:49:17.367,system,system,true,,
5073,,,номинална_разлика_в_скоростта,Номинална разлика в скоростта,Номинална разлика в скоростта,50,ASBIS,2026-05-19 15:49:17.369,2026-05-19 15:49:17.369,system,system,true,,
5080,,,максимална_честота_на_кадрите_при_максимална_резолюция,Максимална честота на кадрите при максимална резолюция,Максимална честота на кадрите при максимална резолюция,50,ASBIS,2026-05-19 15:49:17.389,2026-05-19 15:49:17.389,system,system,true,,
5081,,,видеокодек,Видеокодек,Видеокодек,50,ASBIS,2026-05-19 15:49:17.390,2026-05-19 15:49:17.390,system,system,true,,
5083,,,технология_на_сензора,Технология на сензора,Технология на сензора,50,ASBIS,2026-05-19 15:49:17.393,2026-05-19 15:49:17.393,system,system,true,,
5086,,,вграден_високоговорител,Вграден високоговорител,Вграден високоговорител,50,ASBIS,2026-05-19 15:49:17.395,2026-05-19 15:49:17.395,system,system,true,,
5087,,,видео_резолюции,Видео резолюции,Видео резолюции,50,ASBIS,2026-05-19 15:49:17.396,2026-05-19 15:49:17.396,system,system,true,,
5088,,,цифров_видео_формат,Цифров видео формат,Цифров видео формат,50,ASBIS,2026-05-19 15:49:17.397,2026-05-19 15:49:17.397,system,system,true,,
5090,,,максимална_честота_на_кадрите,Максимална честота на кадрите,Максимална честота на кадрите,50,ASBIS,2026-05-19 15:49:17.400,2026-05-19 15:49:17.400,system,system,true,,
5091,,,размер_на_сензора,Размер на сензора,Размер на сензора,50,ASBIS,2026-05-19 15:49:17.401,2026-05-19 15:49:17.401,system,system,true,,
5094,,,максимална_видео_резолюция,Максимална видео резолюция,Максимална видео резолюция,50,ASBIS,2026-05-19 15:49:17.403,2026-05-19 15:49:17.403,system,system,true,,
5095,,,две_камери,Две камери,Две камери,50,ASBIS,2026-05-19 15:49:17.404,2026-05-19 15:49:17.404,system,system,true,,
5478,,,plastic_brush,Plastic Brush,Plastic Brush,50,ASBIS,2026-05-19 15:49:19.829,2026-05-19 15:49:19.829,system,system,true,,
5075,,,rated_voltage_support,Поддържано номинално напрежение,Rated Voltage Support,50,ASBIS,2026-05-19 15:49:17.374,2026-05-19 15:49:17.374,system,system,true,,
5076,,,fan_connector_supported,Поддържан конектор за вентилатор,Fan Connector Supported,50,ASBIS,2026-05-19 15:49:17.375,2026-05-19 15:49:17.375,system,system,true,,
5078,,,fan_channels_quantity,Брой канали за вентилатори,Fan Channels Quantity,50,ASBIS,2026-05-19 15:49:17.379,2026-05-19 15:49:17.379,system,system,true,,
5079,,,max_tdp,Максимален TDP,Max TDP,50,ASBIS,2026-05-19 15:49:17.381,2026-05-19 15:49:17.381,system,system,true,,
5082,,,minimum_operating_ambient_temperature,Мин. работна температура,Minimum Operating Ambient Temperature,50,ASBIS,2026-05-19 15:49:17.391,2026-05-19 15:49:17.391,system,system,true,,
5084,,,maximum_operating_ambient_temperature,Макс. работна температура,Maximum Operating Ambient Temperature,50,ASBIS,2026-05-19 15:49:17.393,2026-05-19 15:49:17.393,system,system,true,,
5085,,,g_sensor,G-сензор,G-Sensor,50,ASBIS,2026-05-19 15:49:17.395,2026-05-19 15:49:17.395,system,system,true,,
5089,,,front_camera_video_resolution,Резолюция на предната камера,Front Camera Video Resolution,50,ASBIS,2026-05-19 15:49:17.398,2026-05-19 15:49:17.398,system,system,true,,
5092,,,product_type,Тип продукт,Product type,50,ASBIS,2026-05-19 15:49:17.401,2026-05-19 15:49:17.401,system,system,true,,
5093,,,vendor,Доставчик,Vendor,50,ASBIS,2026-05-19 15:49:17.403,2026-05-19 15:49:17.403,system,system,true,,
5096,,,допълнителна_информация,Допълнителна информация,Допълнителна информация,50,ASBIS,2026-05-19 15:49:17.405,2026-05-19 15:49:17.405,system,system,true,,
5097,,,функция_на_бутона_клавиша,Функция на бутона/клавиша,Функция на бутона/клавиша,50,ASBIS,2026-05-19 15:49:17.406,2026-05-19 15:49:17.406,system,system,true,,
5098,,,брой_клавиши_за_бърз_достъп,Брой клавиши за бърз достъп,Брой клавиши за бърз достъп,50,ASBIS,2026-05-19 15:49:17.420,2026-05-19 15:49:17.420,system,system,true,,
6827,2285,,,Тип ламиниране,Lamination Art,914,VALI,2026-06-03 01:02:23.619,2026-06-03 01:02:23.619,system,system,true,,
5100,,,чувствителност_при_движение,Чувствителност при движение,Чувствителност при движение,50,ASBIS,2026-05-19 15:49:17.426,2026-05-19 15:49:17.426,system,system,true,,
5101,,,технология_на_устройство,Технология на устройство,Технология на устройство,50,ASBIS,2026-05-19 15:49:17.443,2026-05-19 15:49:17.443,system,system,true,,
5102,,,нужен_брой_батерии,Нужен брой батерии,Нужен брой батерии,50,ASBIS,2026-05-19 15:49:17.449,2026-05-19 15:49:17.449,system,system,true,,
5103,,,брой_клавиши,Брой клавиши,Брой клавиши,50,ASBIS,2026-05-19 15:49:17.458,2026-05-19 15:49:17.458,system,system,true,,
5104,,,макс_и_мин_чувствителност_при_движение,Макс. и мин. чувствителност при движение,Макс. и мин. чувствителност при движение,50,ASBIS,2026-05-19 15:49:17.490,2026-05-19 15:49:17.490,system,system,true,,
5105,,,характеристики_на_мишка,Характеристики на мишка,Характеристики на мишка,50,ASBIS,2026-05-19 15:49:17.563,2026-05-19 15:49:17.563,system,system,true,,
5108,,,живот_на_бутона,Живот на бутона,Живот на бутона,50,ASBIS,2026-05-19 15:49:17.709,2026-05-19 15:49:17.709,system,system,true,,
5110,,,тип_клавиши,Тип клавиши,Тип клавиши,50,ASBIS,2026-05-19 15:49:17.722,2026-05-19 15:49:17.722,system,system,true,,
5111,,,тип_на_допълнително_устройство,Тип на допълнително устройство,Тип на допълнително устройство,50,ASBIS,2026-05-19 15:49:17.726,2026-05-19 15:49:17.726,system,system,true,,
5112,,,максимален_капацитет_на_пиковия_ток,Максимален капацитет на пиковия ток,Максимален капацитет на пиковия ток,50,ASBIS,2026-05-19 15:49:17.730,2026-05-19 15:49:17.730,system,system,true,,
5115,,,живот_на_суичовете,Живот на суичовете,Живот на суичовете,50,ASBIS,2026-05-19 15:49:17.758,2026-05-19 15:49:17.758,system,system,true,,
5117,,,стъпка_на_настройка_на_чувствителността,Стъпка на настройка на чувствителността,Стъпка на настройка на чувствителността,50,ASBIS,2026-05-19 15:49:17.767,2026-05-19 15:49:17.767,system,system,true,,
5119,,,максимално_ускорение,Максимално ускорение,Максимално ускорение,50,ASBIS,2026-05-19 15:49:17.775,2026-05-19 15:49:17.775,system,system,true,,
5120,,,скорост_на_реакция,Скорост на реакция,Скорост на реакция,50,ASBIS,2026-05-19 15:49:17.783,2026-05-19 15:49:17.783,system,system,true,,
5121,,,макс_скорост_на_движението,Макс. Скорост на движението,Макс. Скорост на движението,50,ASBIS,2026-05-19 15:49:17.794,2026-05-19 15:49:17.794,system,system,true,,
5122,,,скорост_на_кадрите,Скорост на кадрите,Скорост на кадрите,50,ASBIS,2026-05-19 15:49:17.810,2026-05-19 15:49:17.810,system,system,true,,
5126,,,качество_на_натиск,Качество на натиск,Качество на натиск,50,ASBIS,2026-05-19 15:49:17.829,2026-05-19 15:49:17.829,system,system,true,,
5128,,,технология_на_магнитната_лента,Технология на магнитната лента,Технология на магнитната лента,50,ASBIS,2026-05-19 15:49:17.834,2026-05-19 15:49:17.834,system,system,true,,
5130,,,поддържана_операционна_система,Поддържана операционна система,Поддържана операционна система,50,ASBIS,2026-05-19 15:49:17.837,2026-05-19 15:49:17.837,system,system,true,,
5131,,,аудио_интегрирано,Аудио интегрирано,Аудио интегрирано,50,ASBIS,2026-05-19 15:49:17.846,2026-05-19 15:49:17.846,system,system,true,,
5132,,,lan_интегриран,LAN интегриран,LAN интегриран,50,ASBIS,2026-05-19 15:49:17.848,2026-05-19 15:49:17.848,system,system,true,,
5133,,,предлага_метод_за_проверка_за_грешки,Предлага метод за проверка за грешки,Предлага метод за проверка за грешки,50,ASBIS,2026-05-19 15:49:17.850,2026-05-19 15:49:17.850,system,system,true,,
5134,,,pci_express_4_0_x16,PCI Express 4.0 x16,PCI Express 4.0 x16,50,ASBIS,2026-05-19 15:49:17.863,2026-05-19 15:49:17.863,system,system,true,,
5136,,,pci_express_5_0_x4,PCI Express 5.0 x4,PCI Express 5.0 x4,50,ASBIS,2026-05-19 15:49:17.886,2026-05-19 15:49:17.886,system,system,true,,
5106,,,package_style,Стил на опаковката,Package Style,50,ASBIS,2026-05-19 15:49:17.700,2026-05-19 15:49:17.700,system,system,true,,
5107,,,grip,Захват,Grip,50,ASBIS,2026-05-19 15:49:17.707,2026-05-19 15:49:17.707,system,system,true,,
5113,,,pressing_force,Сила на натиск,Pressing Force,50,ASBIS,2026-05-19 15:49:17.748,2026-05-19 15:49:17.748,system,system,true,,
5116,,,key_feel,Усещане при натиск,Key Feel,50,ASBIS,2026-05-19 15:49:17.765,2026-05-19 15:49:17.765,system,system,true,,
5118,,,pointing_device_connection_type,Тип връзка на мишката/тракпада,Pointing Device Connection Type,50,ASBIS,2026-05-19 15:49:17.773,2026-05-19 15:49:17.773,system,system,true,,
5123,,,profile,Профил,Profile,50,ASBIS,2026-05-19 15:49:17.816,2026-05-19 15:49:17.816,system,system,true,,
5124,,,number_of_multimedia_functions,Брой мултимедийни функции,Number of Multimedia Functions,50,ASBIS,2026-05-19 15:49:17.818,2026-05-19 15:49:17.818,system,system,true,,
5125,,,actuation_point,Точка на задействане,Actuation Point,50,ASBIS,2026-05-19 15:49:17.821,2026-05-19 15:49:17.821,system,system,true,,
5127,,,mouse_sensor,Сензор на мишката,Mouse Sensor,50,ASBIS,2026-05-19 15:49:17.832,2026-05-19 15:49:17.832,system,system,true,,
5135,,,wi_fi_antenna,Wi-Fi антена,Wi-Fi Antenna,50,ASBIS,2026-05-19 15:49:17.880,2026-05-19 15:49:17.880,system,system,true,,
5479,,,composition,Състав,Composition,50,ASBIS,2026-05-19 15:49:19.831,2026-05-19 15:49:19.831,system,system,true,,
5137,,,качество_на_аудио_данни,Качество на аудио данни,Качество на аудио данни,50,ASBIS,2026-05-19 15:49:17.890,2026-05-19 15:49:17.890,system,system,true,,
6828,2288,,,Тип кабел,Cable type ,1132,VALI,2026-06-03 01:02:23.621,2026-06-03 01:02:23.621,system,system,false,,
5139,,,usb_4_0,USB 4.0,USB 4.0,50,ASBIS,2026-05-19 15:49:17.902,2026-05-19 15:49:17.902,system,system,true,,
5140,,,дънна_платка_характеристики,Дънна платка - характеристики,Дънна платка - характеристики,50,ASBIS,2026-05-19 15:49:17.908,2026-05-19 15:49:17.908,system,system,true,,
5141,,,bios_тип,BIOS тип,BIOS тип,50,ASBIS,2026-05-19 15:49:17.954,2026-05-19 15:49:17.954,system,system,true,,
5142,,,вграден_видео_контролер,Вграден видео контролер,Вграден видео контролер,50,ASBIS,2026-05-19 15:49:17.956,2026-05-19 15:49:17.956,system,system,true,,
5143,,,bios_характеристики,BIOS характеристики,BIOS характеристики,50,ASBIS,2026-05-19 15:49:17.957,2026-05-19 15:49:17.957,system,system,true,,
5144,,,pci_express_4_0_x1,PCI Express 4.0 x1,PCI Express 4.0 x1,50,ASBIS,2026-05-19 15:49:18.032,2026-05-19 15:49:18.032,system,system,true,,
5145,,,тип_захранващ_конектор,Тип захранващ конектор,Тип захранващ конектор,50,ASBIS,2026-05-19 15:49:18.034,2026-05-19 15:49:18.034,system,system,true,,
5146,,,thunderbolt,Thunderbolt,Thunderbolt,50,ASBIS,2026-05-19 15:49:18.042,2026-05-19 15:49:18.042,system,system,true,,
5147,,,ps_2,PS/2,PS/2,50,ASBIS,2026-05-19 15:49:18.043,2026-05-19 15:49:18.043,system,system,true,,
5148,,,вграденвграден,ВграденВграден,ВграденВграден,50,ASBIS,2026-05-19 15:49:18.046,2026-05-19 15:49:18.046,system,system,true,,
5149,,,thunderbolt_usb_4,Thunderbolt/USB 4,Thunderbolt/USB 4,50,ASBIS,2026-05-19 15:49:18.047,2026-05-19 15:49:18.047,system,system,true,,
5150,,,usb_3_2_gen_1_x2,USB 3.2 Gen 1 x2,USB 3.2 Gen 1 x2,50,ASBIS,2026-05-19 15:49:18.049,2026-05-19 15:49:18.049,system,system,true,,
5151,,,събуждане_сън,Събуждане/сън,Събуждане/сън,50,ASBIS,2026-05-19 15:49:18.050,2026-05-19 15:49:18.050,system,system,true,,
5152,,,dvi,DVI,DVI,50,ASBIS,2026-05-19 15:49:18.055,2026-05-19 15:49:18.055,system,system,true,,
5153,,,вертикална_синхронизация_при_макс_резолюция,Вертикална синхронизация при макс. резолюция,Вертикална синхронизация при макс. резолюция,50,ASBIS,2026-05-19 15:49:18.057,2026-05-19 15:49:18.057,system,system,true,,
5154,,,максимална_резолюция_на_видео_контролера,Максимална резолюция на видео контролера,Максимална резолюция на видео контролера,50,ASBIS,2026-05-19 15:49:18.059,2026-05-19 15:49:18.059,system,system,true,,
5155,,,хардуерен_мониторинг,Хардуерен мониторинг,Хардуерен мониторинг,50,ASBIS,2026-05-19 15:49:18.065,2026-05-19 15:49:18.065,system,system,true,,
5156,,,pci_express_3_0_x2,PCI Express 3.0 x2,PCI Express 3.0 x2,50,ASBIS,2026-05-19 15:49:18.078,2026-05-19 15:49:18.078,system,system,true,,
5157,,,wlan,WLAN,WLAN,50,ASBIS,2026-05-19 15:49:18.080,2026-05-19 15:49:18.080,system,system,true,,
5158,,,pci_express_2_0_x1,PCI Express 2.0 x1,PCI Express 2.0 x1,50,ASBIS,2026-05-19 15:49:18.082,2026-05-19 15:49:18.082,system,system,true,,
5159,,,pci_express_2_0_x16,PCI Express 2.0 x16,PCI Express 2.0 x16,50,ASBIS,2026-05-19 15:49:18.084,2026-05-19 15:49:18.084,system,system,true,,
5168,,,wake_up_sleep,Wake up/Sleep,Wake up/Sleep,50,ASBIS,2026-05-19 15:49:18.101,2026-05-19 15:49:18.101,system,system,true,,
5176,,,pci_express_2_0_x16_slot_quantity,PCI Express 2.0 x16 Slot Quantity,PCI Express 2.0 x16 Slot Quantity,50,ASBIS,2026-05-19 15:49:18.116,2026-05-19 15:49:18.116,system,system,true,,
5138,,,lan_architecture,Архитектура на LAN,LAN Architecture,50,ASBIS,2026-05-19 15:49:17.894,2026-05-19 15:49:17.894,system,system,true,,
5160,,,microphone_in,Микрофонен вход,Microphone-In,50,ASBIS,2026-05-19 15:49:18.085,2026-05-19 15:49:18.085,system,system,true,,
5162,,,video_chipset,Видео чипсет,Video Chipset,50,ASBIS,2026-05-19 15:49:18.089,2026-05-19 15:49:18.089,system,system,true,,
5163,,,data_link_protocol_supports,Поддържани протоколи за връзка,Data Link Protocol Supports,50,ASBIS,2026-05-19 15:49:18.091,2026-05-19 15:49:18.091,system,system,true,,
5164,,,parallel,Паралелно,Parallel,50,ASBIS,2026-05-19 15:49:18.094,2026-05-19 15:49:18.094,system,system,true,,
5166,,,memory_features,Характеристики на паметта,Memory Features,50,ASBIS,2026-05-19 15:49:18.098,2026-05-19 15:49:18.098,system,system,true,,
5167,,,lan_chipset,LAN чипсет,LAN Chipset,50,ASBIS,2026-05-19 15:49:18.100,2026-05-19 15:49:18.100,system,system,true,,
5170,,,maximum_installable_system_memory_storage_capacity,Макс. инсталируема системна памет,Maximum Installable System Memory Storage Capacity,50,ASBIS,2026-05-19 15:49:18.104,2026-05-19 15:49:18.104,system,system,true,,
5171,,,bios_features,BIOS характеристики,BIOS Features,50,ASBIS,2026-05-19 15:49:18.106,2026-05-19 15:49:18.106,system,system,true,,
5172,,,bios_type,BIOS тип,BIOS Type,50,ASBIS,2026-05-19 15:49:18.111,2026-05-19 15:49:18.111,system,system,true,,
5173,,,audio_integrated,Интегрирано аудио,Audio Integrated,50,ASBIS,2026-05-19 15:49:18.113,2026-05-19 15:49:18.113,system,system,true,,
5174,,,installed_l2_cache_memory_storage_capacity,Инсталиран L2 кеш,Installed L2 Cache Memory Storage Capacity,50,ASBIS,2026-05-19 15:49:18.114,2026-05-19 15:49:18.114,system,system,true,,
5175,,,video_memory_type,Тип видео памет,Video Memory Type,50,ASBIS,2026-05-19 15:49:18.115,2026-05-19 15:49:18.115,system,system,true,,
5177,,,internal_clock_rate,Вътрешна тактова честота,Internal Clock Rate,50,ASBIS,2026-05-19 15:49:18.117,2026-05-19 15:49:18.117,system,system,true,,
5178,,,memory_form_factor,Форм фактор на паметта,Memory Form Factor,50,ASBIS,2026-05-19 15:49:18.118,2026-05-19 15:49:18.118,system,system,true,,
5180,,,storage_controller_type,Тип контролер за съхранение,Storage Controller Type,50,ASBIS,2026-05-19 15:49:18.123,2026-05-19 15:49:18.123,system,system,true,,
5181,,,included_accessories,Включени аксесоари,Included Accessories,50,ASBIS,2026-05-19 15:49:18.126,2026-05-19 15:49:18.126,system,system,true,,
5182,,,lan_integrated,Интегриран LAN,LAN Integrated,50,ASBIS,2026-05-19 15:49:18.129,2026-05-19 15:49:18.129,system,system,true,,
5183,,,compliant_audio_standards,Поддържани аудио стандарти,Compliant Audio Standards,50,ASBIS,2026-05-19 15:49:18.129,2026-05-19 15:49:18.129,system,system,true,,
5184,,,video_controller_integrated,Интегриран видео контролер,Video Controller Integrated,50,ASBIS,2026-05-19 15:49:18.132,2026-05-19 15:49:18.132,system,system,true,,
5185,,,memory_slot_total_quantity,Общ брой слотове за памет,Memory Slot Total Quantity,50,ASBIS,2026-05-19 15:49:18.133,2026-05-19 15:49:18.133,system,system,true,,
7159,,,docking_port,Docking Port,Docking Port,50,ASBIS,2026-07-10 02:58:12.944,2026-07-10 02:58:12.944,system,system,true,,
7179,,,rated_torque,Rated torque,Rated torque,50,ASBIS,2026-07-12 02:24:00.638,2026-07-12 02:24:00.638,system,system,true,,
5192,,,serial,Serial,Serial,50,ASBIS,2026-05-19 15:49:18.155,2026-05-19 15:49:18.155,system,system,true,,
5197,,,инсталиран_процесор,Инсталиран процесор,Инсталиран процесор,50,ASBIS,2026-05-19 15:49:18.173,2026-05-19 15:49:18.173,system,system,true,,
5204,,,pci,PCI,PCI,50,ASBIS,2026-05-19 15:49:18.204,2026-05-19 15:49:18.204,system,system,true,,
5205,,,usb3_1_gen_2,USB3.1 Gen 2,USB3.1 Gen 2,50,ASBIS,2026-05-19 15:49:18.206,2026-05-19 15:49:18.206,system,system,true,,
5206,,,брой_слоеве,Брой слоеве,Брой слоеве,50,ASBIS,2026-05-19 15:49:18.207,2026-05-19 15:49:18.207,system,system,true,,
5207,,,usb3_1_gen_1,USB3.1 Gen 1,USB3.1 Gen 1,50,ASBIS,2026-05-19 15:49:18.209,2026-05-19 15:49:18.209,system,system,true,,
5208,,,usb2_0,USB2.0,USB2.0,50,ASBIS,2026-05-19 15:49:18.215,2026-05-19 15:49:18.215,system,system,true,,
5209,,,брой_pci_express_2_0_x1_слотове,Брой PCI Express 2.0 x1 слотове,Брой PCI Express 2.0 x1 слотове,50,ASBIS,2026-05-19 15:49:18.221,2026-05-19 15:49:18.221,system,system,true,,
5210,,,форм_фактор_на_дисков_контролер,Форм фактор на дисков контролер,Форм фактор на дисков контролер,50,ASBIS,2026-05-19 15:49:18.222,2026-05-19 15:49:18.222,system,system,true,,
5211,,,pci_express_3_0_x16_slot_quantity,PCI Express 3.0 x16 Slot Quantity,PCI Express 3.0 x16 Slot Quantity,50,ASBIS,2026-05-19 15:49:18.223,2026-05-19 15:49:18.223,system,system,true,,
5212,,,тип_дисков_контролер,Тип дисков контролер,Тип дисков контролер,50,ASBIS,2026-05-19 15:49:18.225,2026-05-19 15:49:18.225,system,system,true,,
5213,,,тип_raid_контролер_интерфейс,Тип RAID контролер интерфейс,Тип RAID контролер интерфейс,50,ASBIS,2026-05-19 15:49:18.227,2026-05-19 15:49:18.227,system,system,true,,
5214,,,охлаждане_на_дъното,Охлаждане на дъното,Охлаждане на дъното,50,ASBIS,2026-05-19 15:49:18.230,2026-05-19 15:49:18.230,system,system,true,,
5216,,,pci_express_4_0_x2,PCI Express 4.0 x2,PCI Express 4.0 x2,50,ASBIS,2026-05-19 15:49:18.233,2026-05-19 15:49:18.233,system,system,true,,
5217,,,pci_express_2_0_x2,PCI Express 2.0 x2,PCI Express 2.0 x2,50,ASBIS,2026-05-19 15:49:18.234,2026-05-19 15:49:18.234,system,system,true,,
5218,,,trp,TRP,TRP,50,ASBIS,2026-05-19 15:49:18.235,2026-05-19 15:49:18.235,system,system,true,,
5219,,,tras,TRAS,TRAS,50,ASBIS,2026-05-19 15:49:18.258,2026-05-19 15:49:18.258,system,system,true,,
5220,,,количество_модули_памет,Количество модули памет,Количество модули памет,50,ASBIS,2026-05-19 15:49:18.285,2026-05-19 15:49:18.285,system,system,true,,
5221,,,cas_латентност,CAS латентност,CAS латентност,50,ASBIS,2026-05-19 15:49:18.287,2026-05-19 15:49:18.287,system,system,true,,
5223,,,trcd,TRCD,TRCD,50,ASBIS,2026-05-19 15:49:18.309,2026-05-19 15:49:18.309,system,system,true,,
5224,,,конфигуриране_на_модулите_памет,Конфигуриране на модулите памет,Конфигуриране на модулите памет,50,ASBIS,2026-05-19 15:49:18.324,2026-05-19 15:49:18.324,system,system,true,,
5225,,,име_на_чипа_на_паметта,Име на чипа на паметта,Име на чипа на паметта,50,ASBIS,2026-05-19 15:49:18.330,2026-05-19 15:49:18.330,system,system,true,,
5226,,,скорост_на_опресняване,Скорост на опресняване,Скорост на опресняване,50,ASBIS,2026-05-19 15:49:18.334,2026-05-19 15:49:18.334,system,system,true,,
5227,,,собствен_или_индустриален_стандарт,Собствен или Индустриален стандарт,Собствен или Индустриален стандарт,50,ASBIS,2026-05-19 15:49:18.340,2026-05-19 15:49:18.340,system,system,true,,
5228,,,брой_пакети_памети,Брой пакети памети,Брой пакети памети,50,ASBIS,2026-05-19 15:49:18.342,2026-05-19 15:49:18.342,system,system,true,,
5229,,,sas_sata,SAS/SATA,SAS/SATA,50,ASBIS,2026-05-19 15:49:18.346,2026-05-19 15:49:18.346,system,system,true,,
5230,,,mini_sas_hd,Mini SAS HD,Mini SAS HD,50,ASBIS,2026-05-19 15:49:18.350,2026-05-19 15:49:18.350,system,system,true,,
5233,,,брой_вътрешни_mini_sas_интерфейси,Брой вътрешни Mini SAS интерфейси,Брой вътрешни Mini SAS интерфейси,50,ASBIS,2026-05-19 15:49:18.362,2026-05-19 15:49:18.362,system,system,true,,
5186,,,audio_output_mode,Режим на аудио изход,Audio Output Mode,50,ASBIS,2026-05-19 15:49:18.135,2026-05-19 15:49:18.135,system,system,true,,
5187,,,cpu_core_quantity,Брой CPU ядра,CPU Core Quantity,50,ASBIS,2026-05-19 15:49:18.136,2026-05-19 15:49:18.136,system,system,true,,
5189,,,power_connectors_type,Тип захранващи конектори,Power Connectors Type,50,ASBIS,2026-05-19 15:49:18.146,2026-05-19 15:49:18.146,system,system,true,,
5191,,,cpu_installed_name,Инсталиран процесор,CPU Installed Name,50,ASBIS,2026-05-19 15:49:18.154,2026-05-19 15:49:18.154,system,system,true,,
5193,,,audio_interface,Аудио интерфейс,Audio Interface,50,ASBIS,2026-05-19 15:49:18.159,2026-05-19 15:49:18.159,system,system,true,,
5194,,,storage_controller_form_factor,Форм фактор на контролера за съхранение,Storage Controller Form Factor,50,ASBIS,2026-05-19 15:49:18.165,2026-05-19 15:49:18.165,system,system,true,,
5196,,,audio_chipset,Аудио чипсет,Audio Chipset,50,ASBIS,2026-05-19 15:49:18.169,2026-05-19 15:49:18.169,system,system,true,,
5198,,,mainboard_features,Характеристики на дънната платка,Mainboard Features,50,ASBIS,2026-05-19 15:49:18.177,2026-05-19 15:49:18.177,system,system,true,,
5200,,,integrated,Интегрирано,Integrated,50,ASBIS,2026-05-19 15:49:18.186,2026-05-19 15:49:18.186,system,system,true,,
5201,,,max_cpu_bus_clock_rate,Макс. честота на CPU шина,Max. CPU Bus Clock Rate,50,ASBIS,2026-05-19 15:49:18.188,2026-05-19 15:49:18.188,system,system,true,,
5203,,,cpu_maximum_quantity_supports,Макс. поддържан брой процесори,CPU Maximum Quantity Supports,50,ASBIS,2026-05-19 15:49:18.201,2026-05-19 15:49:18.201,system,system,true,,
5215,,,audio_line_out,Аудио линеен изход,Audio Line-Out,50,ASBIS,2026-05-19 15:49:18.232,2026-05-19 15:49:18.232,system,system,true,,
5222,,,total_storage_capacity,Общ капацитет за съхранение,Total Storage Capacity,50,ASBIS,2026-05-19 15:49:18.299,2026-05-19 15:49:18.299,system,system,true,,
5231,,,controller_name,Наименование на контролера,Controller Name,50,ASBIS,2026-05-19 15:49:18.355,2026-05-19 15:49:18.355,system,system,true,,
5232,,,cables_quantity_in_kit,Брой кабели в комплекта,Cables Quantity in Kit,50,ASBIS,2026-05-19 15:49:18.361,2026-05-19 15:49:18.361,system,system,true,,
5480,,,heating_time,Времетраене за нагряване,Heating Time,50,ASBIS,2026-05-19 15:49:19.852,2026-05-19 15:49:19.852,system,system,true,,
5234,,,брой_тънки_външни_гнезда,"Брой тънки, външни гнезда","Брой тънки, външни гнезда",50,ASBIS,2026-05-19 15:49:18.365,2026-05-19 15:49:18.365,system,system,true,,
7180,,,bucket,Bucket,Bucket,50,ASBIS,2026-07-12 02:24:01.290,2026-07-12 02:24:01.290,system,system,true,,
7181,,,diameter,Diameter,Diameter,50,ASBIS,2026-07-12 02:24:11.057,2026-07-12 02:24:11.057,system,system,true,,
5237,,,pci_express_3_0_x8,PCI Express 3.0 x8,PCI Express 3.0 x8,50,ASBIS,2026-05-19 15:49:18.407,2026-05-19 15:49:18.407,system,system,true,,
5238,,,pci_express_3_0,PCI Express 3.0,PCI Express 3.0,50,ASBIS,2026-05-19 15:49:18.426,2026-05-19 15:49:18.426,system,system,true,,
5239,,,pci_express_4_0_x8,PCI Express 4.0 x8,PCI Express 4.0 x8,50,ASBIS,2026-05-19 15:49:18.428,2026-05-19 15:49:18.428,system,system,true,,
5240,,,pci_express_5_0_x16_aiom,PCI Express 5.0 x16 AIOM,PCI Express 5.0 x16 AIOM,50,ASBIS,2026-05-19 15:49:18.429,2026-05-19 15:49:18.429,system,system,true,,
5241,,,pci_express_4_0,PCI Express 4.0,PCI Express 4.0,50,ASBIS,2026-05-19 15:49:18.432,2026-05-19 15:49:18.432,system,system,true,,
5242,,,pci_express_3_0_x16_aiom,PCI Express 3.0 x16 AIOM,PCI Express 3.0 x16 AIOM,50,ASBIS,2026-05-19 15:49:18.435,2026-05-19 15:49:18.435,system,system,true,,
5247,,,network,Network,Network,50,ASBIS,2026-05-19 15:49:18.442,2026-05-19 15:49:18.442,system,system,true,,
5261,,,оптично_устройство_вид_на_интерфейса,Оптично устройство - Вид на интерфейса,Оптично устройство - Вид на интерфейса,50,ASBIS,2026-05-19 15:49:18.485,2026-05-19 15:49:18.485,system,system,true,,
5263,,,pci_express_5_0_x8,PCI Express 5.0 x8,PCI Express 5.0 x8,50,ASBIS,2026-05-19 15:49:18.489,2026-05-19 15:49:18.489,system,system,true,,
5264,,,мин_примерна_честота,Мин. примерна честота,Мин. примерна честота,50,ASBIS,2026-05-19 15:49:18.491,2026-05-19 15:49:18.491,system,system,true,,
5265,,,макс_примерна_честота,Макс. примерна честота,Макс. примерна честота,50,ASBIS,2026-05-19 15:49:18.495,2026-05-19 15:49:18.495,system,system,true,,
5268,,,скорост_на_видео_памет,Скорост на видео памет,Скорост на видео памет,50,ASBIS,2026-05-19 15:49:18.545,2026-05-19 15:49:18.545,system,system,true,,
5269,,,характеристики_на_видео_карта,Характеристики на видео карта,Характеристики на видео карта,50,ASBIS,2026-05-19 15:49:18.574,2026-05-19 15:49:18.574,system,system,true,,
5270,,,api_поддръжка,API поддръжка,API поддръжка,50,ASBIS,2026-05-19 15:49:18.605,2026-05-19 15:49:18.605,system,system,true,,
5272,,,скорост_на_gpu_ядрото,Скорост на GPU ядрото,Скорост на GPU ядрото,50,ASBIS,2026-05-19 15:49:18.653,2026-05-19 15:49:18.653,system,system,true,,
5273,,,брой_поточни_процеси,Брой поточни процеси,Брой поточни процеси,50,ASBIS,2026-05-19 15:49:18.728,2026-05-19 15:49:18.728,system,system,true,,
5274,,,капацитет_на_шината_на_паметта,Капацитет на шината на паметта,Капацитет на шината на паметта,50,ASBIS,2026-05-19 15:49:18.752,2026-05-19 15:49:18.752,system,system,true,,
5275,,,ширина_на_канал_за_паметта,Ширина на канал за паметта,Ширина на канал за паметта,50,ASBIS,2026-05-19 15:49:18.759,2026-05-19 15:49:18.759,system,system,true,,
5276,,,брой_hdmi_интерфейси,Брой HDMI интерфейси,Брой HDMI интерфейси,50,ASBIS,2026-05-19 15:49:18.788,2026-05-19 15:49:18.788,system,system,true,,
5277,,,графичен_процесор_име_на_ядро,Графичен процесор - Име на ядро,Графичен процесор - Име на ядро,50,ASBIS,2026-05-19 15:49:18.790,2026-05-19 15:49:18.790,system,system,true,,
5481,,,water_tank_strap_silicone,Water tank strap(silicone),Water tank strap(silicone),50,ASBIS,2026-05-19 15:49:19.856,2026-05-19 15:49:19.856,system,system,true,,
5236,,,hard_disk_drive,Твърд диск,Hard Disk Drive,50,ASBIS,2026-05-19 15:49:18.385,2026-05-19 15:49:18.385,system,system,true,,
5243,,,max_altitude_operating,Макс. работна надморска височина,Max. Altitude Operating,50,ASBIS,2026-05-19 15:49:18.436,2026-05-19 15:49:18.436,system,system,true,,
5244,,,standard_rack_height,Стандартна височина на рак,Standard Rack Height,50,ASBIS,2026-05-19 15:49:18.437,2026-05-19 15:49:18.437,system,system,true,,
5245,,,minimum_non_operating_humidity,Мин. влажност при съхранение,Minimum Non-Operating Humidity,50,ASBIS,2026-05-19 15:49:18.439,2026-05-19 15:49:18.439,system,system,true,,
5248,,,number_of_3_5_inch_internal_drive_bays,Брой вътрешни гнезда 3.5 инча,Number of 3.5-inch Internal Drive Bays,50,ASBIS,2026-05-19 15:49:18.444,2026-05-19 15:49:18.444,system,system,true,,
5249,,,warranty_term_notes,Бележки за гаранционния срок,Warranty Term Notes,50,ASBIS,2026-05-19 15:49:18.446,2026-05-19 15:49:18.446,system,system,true,,
5251,,,minimum_non_operating_ambient_temperature,Мин. температура при съхранение,Minimum Non-Operating Ambient Temperature,50,ASBIS,2026-05-19 15:49:18.452,2026-05-19 15:49:18.452,system,system,true,,
5252,,,mounting_capability,Монтажни възможности,Mounting Capability,50,ASBIS,2026-05-19 15:49:18.453,2026-05-19 15:49:18.453,system,system,true,,
5253,,,max_altitude_storage,Макс. надморска височина при съхранение,Max. Altitude Storage,50,ASBIS,2026-05-19 15:49:18.456,2026-05-19 15:49:18.456,system,system,true,,
5255,,,power_device_installed_quantity,Брой инсталирани захранвания,Power Device Installed Quantity,50,ASBIS,2026-05-19 15:49:18.459,2026-05-19 15:49:18.459,system,system,true,,
5256,,,system_form_factor,Форм фактор на системата,System Form Factor,50,ASBIS,2026-05-19 15:49:18.463,2026-05-19 15:49:18.463,system,system,true,,
5257,,,maximum_non_operating_ambient_temperature,Макс. температура при съхранение,Maximum Non-Operating Ambient Temperature,50,ASBIS,2026-05-19 15:49:18.469,2026-05-19 15:49:18.469,system,system,true,,
5259,,,system_type,Тип система,System Type,50,ASBIS,2026-05-19 15:49:18.478,2026-05-19 15:49:18.478,system,system,true,,
5260,,,power_device_maximum_quantity_supports,Макс. брой поддържани захранвания,Power Device Maximum Quantity Supports,50,ASBIS,2026-05-19 15:49:18.481,2026-05-19 15:49:18.481,system,system,true,,
5262,,,operating_current,Работен ток,Operating Current,50,ASBIS,2026-05-19 15:49:18.487,2026-05-19 15:49:18.487,system,system,true,,
5266,,,external_power,Външно захранване,External Power,50,ASBIS,2026-05-19 15:49:18.503,2026-05-19 15:49:18.503,system,system,true,,
5267,,,ray_tracing_cores_quantity,Брой ядра за трасиране на лъчи,Ray-tracing Cores Quantity,50,ASBIS,2026-05-19 15:49:18.522,2026-05-19 15:49:18.522,system,system,true,,
5271,,,max_monitors_supports,Макс. поддържани монитори,Max. Monitors Supports,50,ASBIS,2026-05-19 15:49:18.645,2026-05-19 15:49:18.645,system,system,true,,
5278,,,тип_hdmi_интерфейс_конектори,Тип HDMI интерфейс конектори,Тип HDMI интерфейс конектори,50,ASBIS,2026-05-19 15:49:18.825,2026-05-19 15:49:18.825,system,system,true,,
5279,,,брой_графични_процесори,Брой графични процесори,Брой графични процесори,50,ASBIS,2026-05-19 15:49:18.826,2026-05-19 15:49:18.826,system,system,true,,
6829,2289,,,Вид блокиране,type of lock ,2146,VALI,2026-06-03 01:02:23.623,2026-06-03 01:02:23.623,system,system,true,,
5281,,,брой_интерфейс_конектори_за_монитор,Брой интерфейс конектори за монитор,Брой интерфейс конектори за монитор,50,ASBIS,2026-05-19 15:49:18.894,2026-05-19 15:49:18.894,system,system,true,,
5282,,,изисквана_захранваща_мощност,Изисквана захранваща мощност,Изисквана захранваща мощност,50,ASBIS,2026-05-19 15:49:18.901,2026-05-19 15:49:18.901,system,system,true,,
6830,2290,,,Цвят,Color ,2150,VALI,2026-06-03 01:02:23.624,2026-06-03 01:02:23.624,system,system,false,,
5286,,,скорост_на_изпълване_пиксели,Скорост на изпълване (пиксели),Скорост на изпълване (пиксели),50,ASBIS,2026-05-19 15:49:19.069,2026-05-19 15:49:19.069,system,system,true,,
5287,,,card_slot_width,Card Slot Width,Card Slot Width,50,ASBIS,2026-05-19 15:49:19.086,2026-05-19 15:49:19.086,system,system,true,,
5288,,,fill_rate_textures,Fill Rate (textures),Fill Rate (textures),50,ASBIS,2026-05-19 15:49:19.103,2026-05-19 15:49:19.103,system,system,true,,
5289,,,"2d_3d_характеристики","2D/3D характеристики","2D/3D характеристики",50,ASBIS,2026-05-19 15:49:19.132,2026-05-19 15:49:19.132,system,system,true,,
5290,,,брой_mini_интерфейс_конектори_за_монитор,Брой Mini интерфейс конектори за монитор,Брой Mini интерфейс конектори за монитор,50,ASBIS,2026-05-19 15:49:19.181,2026-05-19 15:49:19.181,system,system,true,,
5291,,,compute_units_quantity,Compute Units Quantity,Compute Units Quantity,50,ASBIS,2026-05-19 15:49:19.184,2026-05-19 15:49:19.184,system,system,true,,
5292,,,тип_dvi_интерфейс_конектори,Тип DVI интерфейс конектори,Тип DVI интерфейс конектори,50,ASBIS,2026-05-19 15:49:19.194,2026-05-19 15:49:19.194,system,system,true,,
5293,,,скорост_на_ramdac_конвертиране,Скорост на RAMDAC конвертиране,Скорост на RAMDAC конвертиране,50,ASBIS,2026-05-19 15:49:19.197,2026-05-19 15:49:19.197,system,system,true,,
5294,,,брой_dvi_интерфейс_конектори,Брой DVI интерфейс конектори,Брой DVI интерфейс конектори,50,ASBIS,2026-05-19 15:49:19.200,2026-05-19 15:49:19.200,system,system,true,,
5295,,,брой_vga_интерфейси,Брой VGA интерфейси,Брой VGA интерфейси,50,ASBIS,2026-05-19 15:49:19.201,2026-05-19 15:49:19.201,system,system,true,,
5296,,,тип_vga_конектор,Тип VGA конектор,Тип VGA конектор,50,ASBIS,2026-05-19 15:49:19.202,2026-05-19 15:49:19.202,system,system,true,,
5297,,,дълбочина_на_цвета_bit,Дълбочина на цвета (bit),Дълбочина на цвета (bit),50,ASBIS,2026-05-19 15:49:19.204,2026-05-19 15:49:19.204,system,system,true,,
5298,,,usb3_1_interface_quantity,USB3.1 Interface Quantity,USB3.1 Interface Quantity,50,ASBIS,2026-05-19 15:49:19.205,2026-05-19 15:49:19.205,system,system,true,,
5299,,,usb3_1_interface_connector_type,USB3.1 Interface Connector Type,USB3.1 Interface Connector Type,50,ASBIS,2026-05-19 15:49:19.208,2026-05-19 15:49:19.208,system,system,true,,
5301,,,l2_кеш_памет,L2 кеш памет,L2 кеш памет,50,ASBIS,2026-05-19 15:49:19.213,2026-05-19 15:49:19.213,system,system,true,,
5302,,,entity_code,Entity Code,Entity Code,50,ASBIS,2026-05-19 15:49:19.218,2026-05-19 15:49:19.218,system,system,true,,
5303,,,характеристики_на_кутията,Характеристики на кутията,Характеристики на кутията,50,ASBIS,2026-05-19 15:49:19.219,2026-05-19 15:49:19.219,system,system,true,,
5304,,,минимален_ъгъл_на_облегалката,Минимален ъгъл на облегалката,Минимален ъгъл на облегалката,50,ASBIS,2026-05-19 15:49:19.220,2026-05-19 15:49:19.220,system,system,true,,
5307,,,регулиране_на_височината,Регулиране на височината,Регулиране на височината,50,ASBIS,2026-05-19 15:49:19.242,2026-05-19 15:49:19.242,system,system,true,,
5308,,,колела,Колела,Колела,50,ASBIS,2026-05-19 15:49:19.246,2026-05-19 15:49:19.246,system,system,true,,
5311,,,характеристики_на_подлакътниците,Характеристики на подлакътниците,Характеристики на подлакътниците,50,ASBIS,2026-05-19 15:49:19.256,2026-05-19 15:49:19.256,system,system,true,,
5312,,,подлакътник,Подлакътник,Подлакътник,50,ASBIS,2026-05-19 15:49:19.268,2026-05-19 15:49:19.268,system,system,true,,
5314,,,облегалка,Облегалка,Облегалка,50,ASBIS,2026-05-19 15:49:19.280,2026-05-19 15:49:19.280,system,system,true,,
5316,,,максимален_ъгъл_на_облегалката,Максимален ъгъл на облегалката,Максимален ъгъл на облегалката,50,ASBIS,2026-05-19 15:49:19.298,2026-05-19 15:49:19.298,system,system,true,,
5317,,,колела_количество,Колела Количество,Колела Количество,50,ASBIS,2026-05-19 15:49:19.306,2026-05-19 15:49:19.306,system,system,true,,
5283,,,tensor_core_quantity,Брой Tensor ядра,Tensor Core Quantity,50,ASBIS,2026-05-19 15:49:18.919,2026-05-19 15:49:18.919,system,system,true,,
5284,,,gpu_core_speed_boost,GPU Boost честота,GPU Core Speed Boost,50,ASBIS,2026-05-19 15:49:18.937,2026-05-19 15:49:18.937,system,system,true,,
5300,,,l3_cache_memory,L3 кеш памет,L3 Cache Memory,50,ASBIS,2026-05-19 15:49:19.210,2026-05-19 15:49:19.210,system,system,true,,
5305,,,backrest_width,Ширина на облегалката,Backrest Width,50,ASBIS,2026-05-19 15:49:19.228,2026-05-19 15:49:19.228,system,system,true,,
5309,,,seat_height,Височина на седалката,Seat Height,50,ASBIS,2026-05-19 15:49:19.248,2026-05-19 15:49:19.248,system,system,true,,
5310,,,minimum_seat_height,Минимална височина на седалката,Minimum Seat Height,50,ASBIS,2026-05-19 15:49:19.253,2026-05-19 15:49:19.253,system,system,true,,
5318,,,filler,Пълнеж,Filler,50,ASBIS,2026-05-19 15:49:19.320,2026-05-19 15:49:19.320,system,system,true,,
5565,,,floor_mop,Мокро почистване на пода,Floor Mop,50,ASBIS,2026-05-19 15:49:20.207,2026-05-19 15:49:20.207,system,system,true,,
5320,,,сензор_за_мишка,Сензор за мишка,Сензор за мишка,50,ASBIS,2026-05-19 15:49:19.332,2026-05-19 15:49:19.332,system,system,true,,
5321,,,switch,Switch,Switch,50,ASBIS,2026-05-19 15:49:19.351,2026-05-19 15:49:19.351,system,system,true,,
6831,2291,,,Тип продукт,Product type ,1094,VALI,2026-06-03 01:02:23.625,2026-06-03 01:02:23.625,system,system,false,,
5335,,,интерфейс_на_микрофон,Интерфейс на микрофон,Интерфейс на микрофон,50,ASBIS,2026-05-19 15:49:19.385,2026-05-19 15:49:19.385,system,system,true,,
5336,,,материал_на_подлакътниците,Материал на подлакътниците,Материал на подлакътниците,50,ASBIS,2026-05-19 15:49:19.388,2026-05-19 15:49:19.388,system,system,true,,
5338,,,тип_повърхност,Тип повърхност,Тип повърхност,50,ASBIS,2026-05-19 15:49:19.395,2026-05-19 15:49:19.395,system,system,true,,
5339,,,ръб_край,"Ръб, край","Ръб, край",50,ASBIS,2026-05-19 15:49:19.397,2026-05-19 15:49:19.397,system,system,true,,
5340,,,база,База,База,50,ASBIS,2026-05-19 15:49:19.400,2026-05-19 15:49:19.400,system,system,true,,
5346,,,socket_s,Socket(s),Socket(s),50,ASBIS,2026-05-19 15:49:19.411,2026-05-19 15:49:19.411,system,system,true,,
5348,,,illumination,Illumination,Illumination,50,ASBIS,2026-05-19 15:49:19.415,2026-05-19 15:49:19.415,system,system,true,,
5352,,,lumbar_support,Lumbar Support,Lumbar Support,50,ASBIS,2026-05-19 15:49:19.435,2026-05-19 15:49:19.435,system,system,true,,
5353,,,мултимедия_слушалки_разни,Мултимедия- Слушалки - Разни,Мултимедия- Слушалки - Разни,50,ASBIS,2026-05-19 15:49:19.441,2026-05-19 15:49:19.441,system,system,true,,
5355,,,височина_на_потребителя,Височина на потребителя,Височина на потребителя,50,ASBIS,2026-05-19 15:49:19.454,2026-05-19 15:49:19.454,system,system,true,,
5357,,,d_input,D-Input,D-Input,50,ASBIS,2026-05-19 15:49:19.459,2026-05-19 15:49:19.459,system,system,true,,
5359,,,x_input,X-input,X-input,50,ASBIS,2026-05-19 15:49:19.473,2026-05-19 15:49:19.473,system,system,true,,
5368,,,cooling_fan,Cooling fan,Cooling fan,50,ASBIS,2026-05-19 15:49:19.505,2026-05-19 15:49:19.505,system,system,true,,
5371,,,брой_микрофони,Брой микрофони,Брой микрофони,50,ASBIS,2026-05-19 15:49:19.517,2026-05-19 15:49:19.517,system,system,true,,
5323,,,casing_material,Материал на корпуса,Casing Material,50,ASBIS,2026-05-19 15:49:19.358,2026-05-19 15:49:19.358,system,system,true,,
5324,,,height_adjustment,Регулиране на височината,Height Adjustment,50,ASBIS,2026-05-19 15:49:19.364,2026-05-19 15:49:19.364,system,system,true,,
5326,,,armrests,Подлакътници,Armrests,50,ASBIS,2026-05-19 15:49:19.371,2026-05-19 15:49:19.371,system,system,true,,
5327,,,wheels_quantity,Брой колела,Wheels Quantity,50,ASBIS,2026-05-19 15:49:19.372,2026-05-19 15:49:19.372,system,system,true,,
5328,,,chair_features,Характеристики на стола,Chair Features,50,ASBIS,2026-05-19 15:49:19.374,2026-05-19 15:49:19.374,system,system,true,,
5329,,,maximum_suitable_weight,Максимално подходящо тегло,Maximum Suitable Weight,50,ASBIS,2026-05-19 15:49:19.375,2026-05-19 15:49:19.375,system,system,true,,
5331,,,maximum_backrest_angle,Максимален ъгъл на облегалката,Maximum Backrest Angle,50,ASBIS,2026-05-19 15:49:19.377,2026-05-19 15:49:19.377,system,system,true,,
5333,,,minimum_backrest_angle,Минимален ъгъл на облегалката,Minimum Backrest Angle,50,ASBIS,2026-05-19 15:49:19.380,2026-05-19 15:49:19.380,system,system,true,,
5334,,,bending_mechanism,Механизъм на огъване,Bending Mechanism,50,ASBIS,2026-05-19 15:49:19.381,2026-05-19 15:49:19.381,system,system,true,,
5337,,,backrest_length,Дължина на облегалката,Backrest Length,50,ASBIS,2026-05-19 15:49:19.390,2026-05-19 15:49:19.390,system,system,true,,
5341,,,power_adapter_output,Изход на захранващия адаптер,Power Adapter Output,50,ASBIS,2026-05-19 15:49:19.402,2026-05-19 15:49:19.402,system,system,true,,
5342,,,power_cord_plug_type,Тип щепсел на захранващия кабел,"Power cord, Plug Type",50,ASBIS,2026-05-19 15:49:19.404,2026-05-19 15:49:19.404,system,system,true,,
5344,,,rgb_backlight,RGB подсветка,RGB Backlight,50,ASBIS,2026-05-19 15:49:19.406,2026-05-19 15:49:19.406,system,system,true,,
5345,,,power_adapter_input,Вход на захранващия адаптер,Power Adapter Input,50,ASBIS,2026-05-19 15:49:19.409,2026-05-19 15:49:19.409,system,system,true,,
5347,,,touchpad,Тъчпад,Touchpad,50,ASBIS,2026-05-19 15:49:19.414,2026-05-19 15:49:19.414,system,system,true,,
5349,,,motion_sensor,Датчик за движение,Motion sensor,50,ASBIS,2026-05-19 15:49:19.417,2026-05-19 15:49:19.417,system,system,true,,
5350,,,continuous_use,Непрекъснато използване,Continuous Use,50,ASBIS,2026-05-19 15:49:19.419,2026-05-19 15:49:19.419,system,system,true,,
5351,,,headrest_support,Подпора за глава,Headrest Support,50,ASBIS,2026-05-19 15:49:19.424,2026-05-19 15:49:19.424,system,system,true,,
5354,,,headrest_pillow,Възглавница за глава,Headrest Pillow,50,ASBIS,2026-05-19 15:49:19.451,2026-05-19 15:49:19.451,system,system,true,,
5356,,,remote_control,Дистанционно управление,Remote control,50,ASBIS,2026-05-19 15:49:19.457,2026-05-19 15:49:19.457,system,system,true,,
5360,,,operation_rate,Скорост на работа,Operation rate,50,ASBIS,2026-05-19 15:49:19.476,2026-05-19 15:49:19.476,system,system,true,,
5361,,,listening_wirelessly,Безжично слушане,Listening Wirelessly,50,ASBIS,2026-05-19 15:49:19.483,2026-05-19 15:49:19.483,system,system,true,,
5362,,,wheels,Колела,Wheels,50,ASBIS,2026-05-19 15:49:19.492,2026-05-19 15:49:19.492,system,system,true,,
5364,,,game_accessories_storage,Съхранение на игрови аксесоари,Game accessories storage,50,ASBIS,2026-05-19 15:49:19.496,2026-05-19 15:49:19.496,system,system,true,,
5365,,,simultaneous_charging,Едновременно зареждане,Simultaneous charging,50,ASBIS,2026-05-19 15:49:19.498,2026-05-19 15:49:19.498,system,system,true,,
5366,,,type_c_port,USB Type-C порт,Type C port,50,ASBIS,2026-05-19 15:49:19.500,2026-05-19 15:49:19.500,system,system,true,,
5369,,,gaming_disc_storage,Съхранение на игрови дискове,Gaming disc storage,50,ASBIS,2026-05-19 15:49:19.510,2026-05-19 15:49:19.510,system,system,true,,
5370,,,usb_2_0_port,USB 2.0 порт,USB 2.0 port,50,ASBIS,2026-05-19 15:49:19.515,2026-05-19 15:49:19.515,system,system,true,,
5372,,,maximum_handling_weight,Максимално тегло за работа,Maximum Handling Weight,50,ASBIS,2026-05-19 15:49:19.518,2026-05-19 15:49:19.518,system,system,true,,
5373,,,acoustic_design,Акустична конструкция,Acoustic Design,50,ASBIS,2026-05-19 15:49:19.520,2026-05-19 15:49:19.520,system,system,true,,
5826,,,pitch_width,Ширина на стъпката,Pitch Width,50,ASBIS,2026-05-24 01:08:29.931,2026-05-24 01:08:29.931,system,system,true,,
5827,,,maximum_power_consumption,Максимална консумация на мощност,Maximum Power Consumption,50,ASBIS,2026-05-24 01:08:29.943,2026-05-24 01:08:29.943,system,system,true,,
6832,2292,,,Система на рязане,Cutting system ,1095,VALI,2026-06-03 01:02:23.626,2026-06-03 01:02:23.626,system,system,false,,
6834,2302,,,Цвят,Color ,2159,VALI,2026-06-03 01:02:23.637,2026-06-03 01:02:23.637,system,system,true,,
6835,2303,,,Съвместим бранд,Brand,1078,VALI,2026-06-03 01:02:23.640,2026-06-03 01:02:23.640,system,system,false,,
6836,2308,,,Тип продукт.,Accessory type,1424,VALI,2026-06-03 01:02:23.641,2026-06-03 01:02:23.641,system,system,true,,
6837,2309,,,Съвместим бранд,Brand,1625,VALI,2026-06-03 01:02:23.643,2026-06-03 01:02:23.643,system,system,false,,
6838,2310,,,Съвместими модели,Compatible models,2166,VALI,2026-06-03 01:02:23.644,2026-06-03 01:02:23.644,system,system,false,,
6839,2311,,,Дължина,Length,2171,VALI,2026-06-03 01:02:23.645,2026-06-03 01:02:23.645,system,system,true,,
6840,2312,,,Цвят,Color,1422,VALI,2026-06-03 01:02:23.651,2026-06-03 01:02:23.651,system,system,true,,
6841,2313,,,Екраниран,Shielded,2169,VALI,2026-06-03 01:02:23.653,2026-06-03 01:02:23.653,system,system,true,,
5380,,,допълнителни_функции,Допълнителни функции,Допълнителни функции,50,ASBIS,2026-05-19 15:49:19.562,2026-05-19 15:49:19.562,system,system,true,,
6842,2314,,,Скорост на обмен на данни,Data Transfer Rate,2168,VALI,2026-06-03 01:02:23.655,2026-06-03 01:02:23.655,system,system,true,,
6843,2315,,,Комплектът включва,Accessories,1485,VALI,2026-06-03 01:02:23.659,2026-06-03 01:02:23.659,system,system,true,,
6833,2301,,височина,Височина,Height,127,VALI,2026-06-03 01:02:23.628,2026-08-20 09:55:41.359,system,d.eshanovski@gmail.com,true,,
5391,,,dimensions_of_the_anti_wrap_nozzle_lxwxh_mm,"Dimensions of the Anti-wrap Nozzle LxWxH, mm","Dimensions of the Anti-wrap Nozzle LxWxH, mm",50,ASBIS,2026-05-19 15:49:19.599,2026-05-19 15:49:19.599,system,system,true,,
5392,,,dimensions_of_the_styling_nozzle_lxwxh_mm,"Dimensions of the Styling Nozzle LxWxH, mm","Dimensions of the Styling Nozzle LxWxH, mm",50,ASBIS,2026-05-19 15:49:19.600,2026-05-19 15:49:19.600,system,system,true,,
5395,,,fuse,Fuse,Fuse,50,ASBIS,2026-05-19 15:49:19.605,2026-05-19 15:49:19.605,system,system,true,,
5399,,,lcd_model,LCD Model,LCD Model,50,ASBIS,2026-05-19 15:49:19.609,2026-05-19 15:49:19.609,system,system,true,,
5401,,,dimensions_of_the_speed_dry_nozzle_lxwxh_mm,"Dimensions of the Speed Dry Nozzle LxWxH, mm","Dimensions of the Speed Dry Nozzle LxWxH, mm",50,ASBIS,2026-05-19 15:49:19.611,2026-05-19 15:49:19.611,system,system,true,,
5408,,,type_of_mounting_accessories_mechanical_magnet,"Type of mounting accessories (mechanical,magnet)","Type of mounting accessories (mechanical,magnet)",50,ASBIS,2026-05-19 15:49:19.625,2026-05-19 15:49:19.625,system,system,true,,
5409,,,dimensions_of_the_smooth_comb_lxwxh_mm,"Dimensions of the Smooth Comb LxWxH, mm","Dimensions of the Smooth Comb LxWxH, mm",50,ASBIS,2026-05-19 15:49:19.625,2026-05-19 15:49:19.625,system,system,true,,
5377,,,max_movement_speed,Макс. скорост на движение,Max. Movement Speed,50,ASBIS,2026-05-19 15:49:19.536,2026-05-19 15:49:19.536,system,system,true,,
5378,,,automatic_cooking_programs,Автоматични програми за готвене,Automatic Cooking Programs,50,ASBIS,2026-05-19 15:49:19.541,2026-05-19 15:49:19.541,system,system,true,,
5381,,,bowl_type,Тип купа,Bowl Type,50,ASBIS,2026-05-19 15:49:19.579,2026-05-19 15:49:19.579,system,system,true,,
5382,,,minimum_cooking_temperature,Минимална температура на готвене,Minimum Cooking Temperature,50,ASBIS,2026-05-19 15:49:19.580,2026-05-19 15:49:19.580,system,system,true,,
5383,,,maximum_cooking_time,Максимално времетраене на готвене,Maximum Cooking Time,50,ASBIS,2026-05-19 15:49:19.585,2026-05-19 15:49:19.585,system,system,true,,
5384,,,kettle_power,Мощност на кана,Kettle Power,50,ASBIS,2026-05-19 15:49:19.586,2026-05-19 15:49:19.586,system,system,true,,
5386,,,indications,Индикации,Indications,50,ASBIS,2026-05-19 15:49:19.592,2026-05-19 15:49:19.592,system,system,true,,
5387,,,fan_motor_model,Модел мотор на вентилатора,Fan motor Model,50,ASBIS,2026-05-19 15:49:19.595,2026-05-19 15:49:19.595,system,system,true,,
5388,,,voice_protocol,Гласов протокол,Voice Protocol,50,ASBIS,2026-05-19 15:49:19.596,2026-05-19 15:49:19.596,system,system,true,,
5389,,,power_of_the_heater_w,Мощност на нагревателя (<W),Power of the heater (<W),50,ASBIS,2026-05-19 15:49:19.597,2026-05-19 15:49:19.597,system,system,true,,
5390,,,time_to_convert_hot_air_to_cold_air,Вр. за преминаване от топъл към студен въздух,Time to convert hot air to cold air,50,ASBIS,2026-05-19 15:49:19.598,2026-05-19 15:49:19.598,system,system,true,,
5393,,,fan_motor_rated_power_w,"Номинална мощност на мотора, W","Fan motor Rated power, W",50,ASBIS,2026-05-19 15:49:19.602,2026-05-19 15:49:19.602,system,system,true,,
5394,,,ionisator_model,Модел йонизатор,Ionisator model,50,ASBIS,2026-05-19 15:49:19.604,2026-05-19 15:49:19.604,system,system,true,,
5396,,,thermostat_temperature_c,"Температура на термостата, °C","Thermostat Temperature, °C",50,ASBIS,2026-05-19 15:49:19.606,2026-05-19 15:49:19.606,system,system,true,,
5398,,,speed_modes_quantity,Брой скоростни режими,Speed Modes Quantity,50,ASBIS,2026-05-19 15:49:19.608,2026-05-19 15:49:19.608,system,system,true,,
5400,,,wind_speed_in_different_modes_m_s,"Скорост на вятъра в различни режими, m/s","Wind speed in different modes, m/s",50,ASBIS,2026-05-19 15:49:19.610,2026-05-19 15:49:19.610,system,system,true,,
5402,,,accessories_pull_force_n,"Сила на изтегляне на аксесоари, N","Accessories pull force, N",50,ASBIS,2026-05-19 15:49:19.612,2026-05-19 15:49:19.612,system,system,true,,
5403,,,max_outlet_temperature_c,"Макс. температура на изхода, °C","Max. outlet temperature, °C",50,ASBIS,2026-05-19 15:49:19.613,2026-05-19 15:49:19.613,system,system,true,,
5404,,,thermo_fuse_temperature_c,"Температура на термичната предпазна бобина, °C","Thermo fuse Temperature, °C",50,ASBIS,2026-05-19 15:49:19.614,2026-05-19 15:49:19.614,system,system,true,,
5405,,,nominal_output_power,Номинална изходна мощност,Nominal Output Power,50,ASBIS,2026-05-19 15:49:19.615,2026-05-19 15:49:19.615,system,system,true,,
5406,,,infrared_hair_nursing,Инфрачервена грижа за косата,Infrared Hair Nursing,50,ASBIS,2026-05-19 15:49:19.622,2026-05-19 15:49:19.622,system,system,true,,
5407,,,ion_power_w,"Йонна мощност, W","ION Power, W",50,ASBIS,2026-05-19 15:49:19.623,2026-05-19 15:49:19.623,system,system,true,,
5411,,,operating_mode,Работен режим,Operating mode,50,ASBIS,2026-05-19 15:49:19.630,2026-05-19 15:49:19.630,system,system,true,,
5829,,,type_of_matrix,Тип матрица,Type of Matrix,50,ASBIS,2026-05-24 01:08:29.956,2026-05-24 01:08:29.956,system,system,true,,
6844,2323,,,Тип продукт.,Product type,2180,VALI,2026-06-03 01:02:23.665,2026-06-03 01:02:23.665,system,system,true,,
6845,2324,,,Цвят.,Color,2181,VALI,2026-06-03 01:02:23.667,2026-06-03 01:02:23.667,system,system,true,,
6846,2325,,,Конектор 1,Connector 1,2182,VALI,2026-06-03 01:02:23.670,2026-06-03 01:02:23.670,system,system,true,,
6847,2326,,,Конектор 2,Connector 2,2183,VALI,2026-06-03 01:02:23.678,2026-06-03 01:02:23.678,system,system,true,,
6848,2327,,,Дължина,Length,2184,VALI,2026-06-03 01:02:23.683,2026-06-03 01:02:23.683,system,system,true,,
6849,2329,,,Тип продукт.,Product type,2186,VALI,2026-06-03 01:02:23.691,2026-06-03 01:02:23.691,system,system,true,,
6850,2330,,,Цвят,Color,2187,VALI,2026-06-03 01:02:23.692,2026-06-03 01:02:23.692,system,system,true,,
6851,2331,,,Конектор 1,Connector 1,2188,VALI,2026-06-03 01:02:23.694,2026-06-03 01:02:23.694,system,system,true,,
6852,2332,,,Конектор 2,Connector 2,2189,VALI,2026-06-03 01:02:23.701,2026-06-03 01:02:23.701,system,system,true,,
33,63,,,Канали,Channels,139,VALI,2026-04-02 10:04:01.661,2026-04-02 10:04:01.661,system,system,true,,1
34,64,,,Конектори,Connectors,1823,VALI,2026-04-02 10:04:01.668,2026-04-02 10:04:01.668,system,system,true,,1
36,66,,,RAID,RAID,1822,VALI,2026-04-02 10:04:01.684,2026-04-02 10:04:01.684,system,system,true,,3
6853,2335,,,Макс. резолюция,Max. Resolution,2192,VALI,2026-06-03 01:02:23.708,2026-06-03 01:02:23.708,system,system,true,,
6854,2336,,,Трансфер на данни,Data Transfer Rate,2193,VALI,2026-06-03 01:02:23.718,2026-06-03 01:02:23.718,system,system,true,,
6855,2341,,,Тип продукт.,Product type,2198,VALI,2026-06-03 01:02:23.725,2026-06-03 01:02:23.725,system,system,true,,
6856,2342,,,Конектор 1.,Connector 1,2199,VALI,2026-06-03 01:02:23.726,2026-06-03 01:02:23.726,system,system,true,,
6857,2343,,,Конектор 2.,Connector 2,2200,VALI,2026-06-03 01:02:23.729,2026-06-03 01:02:23.729,system,system,true,,
6858,2344,,,Дължина.,Length,2201,VALI,2026-06-03 01:02:23.731,2026-06-03 01:02:23.731,system,system,true,,
6859,2345,,,Екраниран,Shielded,2202,VALI,2026-06-03 01:02:23.735,2026-06-03 01:02:23.735,system,system,true,,
6860,2346,,,Импеданс,Impedance,2203,VALI,2026-06-03 01:02:23.738,2026-06-03 01:02:23.738,system,system,false,,
50,85,,,Оптична резолюция (dpi),Optical resolution (dpi),284,VALI,2026-04-02 10:04:01.893,2026-04-02 10:04:01.893,system,system,true,,4
51,86,,,Основен формат,Max. Document Size,281,VALI,2026-04-02 10:04:01.916,2026-04-02 10:04:01.916,system,system,true,,8
6861,2350,,,Конектор 1,Connector 1,2207,VALI,2026-06-03 01:02:23.739,2026-06-03 01:02:23.739,system,system,true,,
6862,2351,,,Конектор 2,Connector 2,2208,VALI,2026-06-03 01:02:23.751,2026-06-03 01:02:23.751,system,system,true,,
5831,,,flat_display_mounting_interface,Интерфейс за монтаж на плосък дисплей,Flat Display Mounting Interface,50,ASBIS,2026-05-24 01:08:29.971,2026-05-24 01:08:29.971,system,system,true,,
6863,2352,,,Дължина кабел,Length,2209,VALI,2026-06-03 01:02:23.767,2026-06-03 01:02:23.767,system,system,true,,
57,96,,,Технология,Technology,387,VALI,2026-04-02 10:04:02.001,2026-04-02 10:04:02.001,system,system,true,,2
58,97,,,Яркост (лумени),Brightness (ANSI lumens),390,VALI,2026-04-02 10:04:02.007,2026-04-02 10:04:02.007,system,system,true,,1
6864,2353,,,Скорост,Speed,355,VALI,2026-06-03 01:02:23.787,2026-06-03 01:02:23.787,system,system,true,,
6865,2354,,,Дължина,Length,2211,VALI,2026-06-03 01:02:23.791,2026-06-03 01:02:23.791,system,system,true,,
6866,2355,,,Конектор 1,Connector 1,2212,VALI,2026-06-03 01:02:23.793,2026-06-03 01:02:23.793,system,system,true,,
6867,2356,,,Конектор 2,Connector 2,2213,VALI,2026-06-03 01:02:23.795,2026-06-03 01:02:23.795,system,system,true,,
6868,2357,,,Цвят,Color,2214,VALI,2026-06-03 01:02:23.797,2026-06-03 01:02:23.797,system,system,true,,
6870,2363,,,Диаметър говорител,Speaker Diameter,2220,VALI,2026-06-03 01:02:23.804,2026-06-03 01:02:23.804,system,system,true,,
6871,2364,,,Съпротивление,Impedance,2221,VALI,2026-06-03 01:02:23.808,2026-06-03 01:02:23.808,system,system,true,,
5832,,,power_consumption_operational,Консумация при работа,Power Consumption Operational,50,ASBIS,2026-05-24 01:08:29.973,2026-05-24 01:08:29.973,system,system,true,,
70,119,,,Капацитет съхранение,ROM,656,VALI,2026-04-02 10:04:02.293,2026-04-02 10:04:02.293,system,system,true,,5
6872,2365,,,Дължина кабел,Cable Length,2223,VALI,2026-06-03 01:02:23.813,2026-06-03 01:02:23.813,system,system,true,,
6874,2367,,,Цвят,Colour,2439,VALI,2026-06-03 01:02:23.822,2026-06-03 01:02:23.822,system,system,true,,
5871,,,,Безопасност и екология,Safety and Environmental,50,MOST,2026-05-25 14:57:59.250,2026-05-25 14:57:59.250,system,system,true,safety_and_environmental,
6875,2368,,,Технология,Technology,2225,VALI,2026-06-03 01:02:23.828,2026-06-03 01:02:23.828,system,system,true,,
6876,2369,,,Свързаност,Connection,2226,VALI,2026-06-03 01:02:23.830,2026-06-03 01:02:23.830,system,system,true,,
6877,2370,,,Интерфейс SSD,Interface SSD,1962,VALI,2026-06-03 01:02:23.834,2026-06-03 01:02:23.834,system,system,true,,
6878,2371,,,Други,Others,2492,VALI,2026-06-03 01:02:23.837,2026-06-03 01:02:23.837,system,system,true,,
5412,,,gravity_detect,Детекция на гравитация,Gravity Detect,50,ASBIS,2026-05-19 15:49:19.631,2026-05-19 15:49:19.631,system,system,true,,
105,171,,,Формат на принтиране.,Format,490,VALI,2026-04-02 10:04:03.279,2026-04-02 10:04:03.279,system,system,true,,6
106,172,,,Налични функции,Features,496,VALI,2026-04-02 10:04:03.282,2026-04-02 10:04:03.282,system,system,true,,2
108,174,,,Тип принтиране.,Print Technology,492,VALI,2026-04-02 10:04:03.289,2026-04-02 10:04:03.289,system,system,true,,4
111,177,,,Формати,Printed formats,504,VALI,2026-04-02 10:04:03.307,2026-04-02 10:04:03.307,system,system,true,,6
5833,,,image_brightness,Яркост на изображението,Image Brightness,50,ASBIS,2026-05-24 01:08:29.979,2026-05-24 01:08:29.979,system,system,true,,
5834,,,dynamic_contrast_ratio,Динамично съотношение на контраста,Dynamic Contrast Ratio,50,ASBIS,2026-05-24 01:08:29.987,2026-05-24 01:08:29.987,system,system,true,,
5835,,,multi_channel_preview,Многоканален преглед,Multi-Channel Preview,50,ASBIS,2026-05-24 01:08:29.988,2026-05-24 01:08:29.988,system,system,true,,
112,180,,,Скорост на принтиране (черно).,Print speed mono,493,VALI,2026-04-02 10:04:03.328,2026-04-02 10:04:03.328,system,system,true,,1
116,190,,,Капацитет за хартия,Paper input capacity,513,VALI,2026-04-02 10:04:03.380,2026-04-02 10:04:03.380,system,system,true,,3
6879,2372,,,Съдържание на пакета,Package Content,2229,VALI,2026-06-03 01:02:23.843,2026-06-03 01:02:23.843,system,system,true,,
118,192,,,Време за отпечатване на първо копие,"1st Copy/print time mono",503,VALI,2026-04-02 10:04:03.430,2026-04-02 10:04:03.430,system,system,true,,2
6880,2373,,,Съдържание,Package Content,2230,VALI,2026-06-03 01:02:23.844,2026-06-03 01:02:23.844,system,system,true,,
125,203,,,Натоварване,Copy/print volume recommended (monthly),506,VALI,2026-04-02 10:04:03.623,2026-04-02 10:04:03.623,system,system,true,,5
130,212,,,Гнезда,Drive bays accessible,81,VALI,2026-04-02 10:04:03.679,2026-04-02 10:04:03.679,system,system,true,,1
132,214,,,Разширителни слотове,Expansion Slots,2333,VALI,2026-04-02 10:04:03.775,2026-04-02 10:04:03.775,system,system,true,,5
6881,2374,,,Дължина.,Length,1473,VALI,2026-06-03 01:02:23.853,2026-06-03 01:02:23.853,system,system,true,,
6882,2375,,,Ширина.,Width,1682,VALI,2026-06-03 01:02:23.866,2026-06-03 01:02:23.866,system,system,true,,
6883,2376,,,Височина.,Височина,1735,VALI,2026-06-03 01:02:23.874,2026-06-03 01:02:23.874,system,system,true,,
6884,2377,,,Съвместим бранд,Brand,881,VALI,2026-06-03 01:02:23.884,2026-06-03 01:02:23.884,system,system,true,,
6885,2391,,,Размери,Dimensions,1202,VALI,2026-06-03 01:02:23.888,2026-06-03 01:02:23.888,system,system,true,,
6886,2392,,,Цвят,Color,2398,VALI,2026-06-03 01:02:23.892,2026-06-03 01:02:23.892,system,system,true,,
6887,2394,,,Тип продукт,Product type,923,VALI,2026-06-03 01:02:23.896,2026-06-03 01:02:23.896,system,system,true,,
6888,2395,,,Цвят,Color,2250,VALI,2026-06-03 01:02:23.897,2026-06-03 01:02:23.897,system,system,false,,
6889,2396,,,Покритие на фолиото,Foil coating,2252,VALI,2026-06-03 01:02:23.898,2026-06-03 01:02:23.898,system,system,true,,
6890,2400,,,Съдържание,Package contents,2256,VALI,2026-06-03 01:02:23.901,2026-06-03 01:02:23.901,system,system,true,,
6891,2402,,,Съдържание.,Contents,740,VALI,2026-06-03 01:02:23.908,2026-06-03 01:02:23.908,system,system,true,,
6892,2404,,,WLAN стандарт,WLAN Standard,1377,VALI,2026-06-03 01:02:23.921,2026-06-03 01:02:23.921,system,system,true,,
6893,2405,,,Тип продукт,Product type,1376,VALI,2026-06-03 01:02:23.924,2026-06-03 01:02:23.924,system,system,true,,
6894,2406,,,LAN портове,LAN Ports,2261,VALI,2026-06-03 01:02:23.926,2026-06-03 01:02:23.926,system,system,false,,
6895,2407,,,WAN портове,WAN ports,2262,VALI,2026-06-03 01:02:23.927,2026-06-03 01:02:23.927,system,system,false,,
6896,2408,,,Честота (GHz),Frequency (GHz),2263,VALI,2026-06-03 01:02:23.927,2026-06-03 01:02:23.927,system,system,true,,
187,279,,,Макс. диагонал на изображение (m),Max. Diagonal (m),398,VALI,2026-04-02 10:04:04.838,2026-04-02 10:04:04.838,system,system,true,,8
189,281,,,Живот на лампата (часове),Lamp Life (hours),399,VALI,2026-04-02 10:04:04.883,2026-04-02 10:04:04.883,system,system,true,,2
196,289,,,Говорители,Speakers,405,VALI,2026-04-02 10:04:04.962,2026-04-02 10:04:04.962,system,system,true,,4
199,293,,,Ниво на шум (dB),Noise Level,408,VALI,2026-04-02 10:04:05.040,2026-04-02 10:04:05.040,system,system,true,,5
6897,2409,,,Скорост,WI-FI transfer rate (Mbps),1378,VALI,2026-06-03 01:02:23.929,2026-06-03 01:02:23.929,system,system,true,,
6898,2434,,,Свързаност.,Connection,2298,VALI,2026-06-03 01:02:23.931,2026-06-03 01:02:23.931,system,system,true,,
212,309,,,Автономия,Battery life,721,VALI,2026-04-02 10:04:05.281,2026-04-02 10:04:05.281,system,system,true,,5
6899,2435,,,Тип продукт,Product type,2291,VALI,2026-06-03 01:02:23.933,2026-06-03 01:02:23.933,system,system,true,,
6900,2436,,,Съвместима марка,Compatible brand,2292,VALI,2026-06-03 01:02:23.937,2026-06-03 01:02:23.937,system,system,true,,
6901,2437,,,Съвместим модел,Compatible models,2293,VALI,2026-06-03 01:02:23.942,2026-06-03 01:02:23.942,system,system,true,,
6902,2438,,,Тип продукт,Product type,2294,VALI,2026-06-03 01:02:23.961,2026-06-03 01:02:23.961,system,system,true,,
6903,2441,,,Възраст.,Age,2297,VALI,2026-06-03 01:02:23.964,2026-06-03 01:02:23.964,system,system,true,,
6904,2442,,,Цвят,Color,1346,VALI,2026-06-03 01:02:23.972,2026-06-03 01:02:23.972,system,system,true,,
6905,2443,,,Съдържание пакет.,What's in the Box,982,VALI,2026-06-03 01:02:23.977,2026-06-03 01:02:23.977,system,system,true,,
6906,2444,,,Енергиен клас,Energy label,2513,VALI,2026-06-03 01:02:23.979,2026-06-03 01:02:23.979,system,system,true,,
236,339,,,Мрежова връзка,LAN,411,VALI,2026-04-02 10:04:05.466,2026-04-02 10:04:05.466,system,system,true,,4
238,342,,,За вид устройство,For type of device,743,VALI,2026-04-02 10:04:05.473,2026-04-02 10:04:05.473,system,system,true,,1
242,346,,,Бранд батерия,Brand battery,747,VALI,2026-04-02 10:04:05.606,2026-04-02 10:04:05.606,system,system,true,,3
243,347,,,Технология батерия,Battery technology,748,VALI,2026-04-02 10:04:05.620,2026-04-02 10:04:05.620,system,system,true,,5
244,348,,,Химически състав,Chemical composition,749,VALI,2026-04-02 10:04:05.626,2026-04-02 10:04:05.626,system,system,true,,1
6907,2445,,,ОС,OS,992,VALI,2026-06-03 01:02:23.984,2026-06-03 01:02:23.984,system,system,true,,
6908,2446,,,Тунер,Tuner,994,VALI,2026-06-03 01:02:23.986,2026-06-03 01:02:23.986,system,system,true,,
6909,2447,,,Говорители,Loudspeaker 	,2300,VALI,2026-06-03 01:02:23.991,2026-06-03 01:02:23.991,system,system,true,,
6910,2448,,,Интефейс,Ports,2299,VALI,2026-06-03 01:02:23.994,2026-06-03 01:02:23.994,system,system,true,,
5845,,,,I/O,I/O,50,MOST,2026-05-25 14:57:56.059,2026-05-25 14:57:56.059,system,system,true,i_o,
5837,,,,Захранващ адаптер,Power adapter,50,MOST,2026-05-25 14:57:55.113,2026-05-25 14:57:55.113,system,system,true,power_adapter,
5838,,,,Скорост на данните,Data rate ,50,MOST,2026-05-25 14:57:55.249,2026-05-25 14:57:55.249,system,system,true,data_rate,
5839,,,,Информация за вентилатора,Fan information,50,MOST,2026-05-25 14:57:55.652,2026-05-25 14:57:55.652,system,system,true,fan_information,
5840,,,,Капацитет на касетата,Cartridge yield,50,MOST,2026-05-25 14:57:55.774,2026-05-25 14:57:55.774,system,system,true,cartridge_yield,
5843,,,,Писалка,Pen,50,MOST,2026-05-25 14:57:56.045,2026-05-25 14:57:56.045,system,system,true,pen,
5413,,,protection_system,Система за защита,Protection System,50,ASBIS,2026-05-19 15:49:19.632,2026-05-19 15:49:19.632,system,system,true,,
6911,2449,,,Честота на опресняване,Signal Frequency,991,VALI,2026-06-03 01:02:23.998,2026-06-03 01:02:23.998,system,system,true,,
284,398,,,Тип лиценз,Type of license,775,VALI,2026-04-02 10:04:06.238,2026-04-02 10:04:06.238,system,system,true,,4
285,399,,,Брой потребители,Users,776,VALI,2026-04-02 10:04:06.241,2026-04-02 10:04:06.241,system,system,true,,1
289,403,,,ОС,OS,781,VALI,2026-04-02 10:04:06.256,2026-04-02 10:04:06.256,system,system,true,,1
356,495,,,Конектор,Connector,86,VALI,2026-04-02 10:04:07.603,2026-05-26 01:25:43.463,system,system,true,connector,1
6912,2450,,,Тип аксесоар,Accessory type,2305,VALI,2026-06-03 01:02:24.000,2026-06-03 01:02:24.000,system,system,true,,
6913,2451,,,Съвместимост,Compatibility,2306,VALI,2026-06-03 01:02:24.003,2026-06-03 01:02:24.003,system,system,false,,
6914,2452,,,Цвят,Color,2307,VALI,2026-06-03 01:02:24.004,2026-06-03 01:02:24.004,system,system,true,,
6915,2453,,,Други,Others,2308,VALI,2026-06-03 01:02:24.005,2026-06-03 01:02:24.005,system,system,true,,
316,438,,,Брой източници,Number of Lamps,723,VALI,2026-04-02 10:04:06.944,2026-04-02 10:04:06.944,system,system,true,,4
317,439,,,Мощност,Power,724,VALI,2026-04-02 10:04:06.949,2026-04-02 10:04:06.949,system,system,true,,1
319,441,,,Изходяща мощност,Capacity,828,VALI,2026-04-02 10:04:06.953,2026-04-02 10:04:06.953,system,system,true,,1
322,445,,,Изходни конектори,Output Connections,835,VALI,2026-04-02 10:04:06.990,2026-04-02 10:04:06.990,system,system,true,,2
324,447,,,Входно напрежение,Input Voltage,827,VALI,2026-04-02 10:04:07.012,2026-04-02 10:04:07.012,system,system,true,,2
6917,2466,,,Процесор,CPU,2052,VALI,2026-06-03 01:02:24.016,2026-06-03 01:02:24.016,system,system,true,,
328,454,,,Модел батерия,Batteries,830,VALI,2026-04-02 10:04:07.083,2026-04-02 10:04:07.083,system,system,true,,6
329,456,,,Слотове за свързване,Communication,842,VALI,2026-04-02 10:04:07.095,2026-04-02 10:04:07.095,system,system,true,,5
330,457,,,Време за зареждане,Recharge Time,843,VALI,2026-04-02 10:04:07.111,2026-04-02 10:04:07.111,system,system,true,,8
332,459,,,Време на поддръжка на товара,Backup Time,845,VALI,2026-04-02 10:04:07.124,2026-04-02 10:04:07.124,system,system,true,,4
336,464,,,Входни конектори,Input Connections,834,VALI,2026-04-02 10:04:07.182,2026-04-02 10:04:07.182,system,system,true,,4
349,485,,,Форма на изходното напрежение,Waveform,837,VALI,2026-04-02 10:04:07.537,2026-04-02 10:04:07.537,system,system,true,,4
6918,2467,,,Оперативна памет,Memory,2054,VALI,2026-06-03 01:02:24.021,2026-06-03 01:02:24.021,system,system,true,,
6919,2468,,,Видео Портове,Video Port,2326,VALI,2026-06-03 01:02:24.024,2026-06-03 01:02:24.024,system,system,true,,
6920,2469,,,Вграден LAN,INTEGRATED LAN,2324,VALI,2026-06-03 01:02:24.027,2026-06-03 01:02:24.027,system,system,true,,
6921,2470,,,Вграден WIFI,INTEGRATED Wi-Fi,2325,VALI,2026-06-03 01:02:24.029,2026-06-03 01:02:24.029,system,system,true,,
6922,2471,,,USB Портове,USB Ports,2327,VALI,2026-06-03 01:02:24.034,2026-06-03 01:02:24.034,system,system,true,,
6923,2472,,,Поддържана резолюция,Display support,2323,VALI,2026-06-03 01:02:24.036,2026-06-03 01:02:24.036,system,system,true,,
6924,2473,,,Други,Other,2476,VALI,2026-06-03 01:02:24.040,2026-06-03 01:02:24.040,system,system,true,,
6925,2474,,,Графичен процесор,Gracphic Processor,2053,VALI,2026-06-03 01:02:24.043,2026-06-03 01:02:24.043,system,system,true,,
6926,2475,,,Дисплей,Display,2322,VALI,2026-06-03 01:02:24.046,2026-06-03 01:02:24.046,system,system,true,,
6927,2477,,,Материал.,Material,1632,VALI,2026-06-03 01:02:24.048,2026-06-03 01:02:24.048,system,system,true,,
6928,2482,,,Съвместим сокет,Socket,2337,VALI,2026-06-03 01:02:24.051,2026-06-03 01:02:24.051,system,system,true,,
6929,2483,,,Резба,Screw Threads,2338,VALI,2026-06-03 01:02:24.064,2026-06-03 01:02:24.064,system,system,false,,
6930,2484,,,Цвят,Color,2339,VALI,2026-06-03 01:02:24.065,2026-06-03 01:02:24.065,system,system,true,,
6931,2485,,,RGB,RGB,2340,VALI,2026-06-03 01:02:24.067,2026-06-03 01:02:24.067,system,system,false,,
6932,2486,,,Съвместимост видео карта,Video card compatibility,2341,VALI,2026-06-03 01:02:24.068,2026-06-03 01:02:24.068,system,system,true,,
6933,2487,,,Резба,Screw Threads,2342,VALI,2026-06-03 01:02:24.073,2026-06-03 01:02:24.073,system,system,false,,
6934,2488,,,Цвят,Color,2343,VALI,2026-06-03 01:02:24.074,2026-06-03 01:02:24.074,system,system,false,,
6935,2489,,,RGB,RGB,2344,VALI,2026-06-03 01:02:24.075,2026-06-03 01:02:24.075,system,system,false,,
6936,2490,,,Размери,Dimensions,2401,VALI,2026-06-03 01:02:24.076,2026-06-03 01:02:24.076,system,system,true,,
6937,2492,,,Цвят,Color,2405,VALI,2026-06-03 01:02:24.079,2026-06-03 01:02:24.079,system,system,true,,
6938,2493,,,Размери Вентилатор,Fan Size,1633,VALI,2026-06-03 01:02:24.080,2026-06-03 01:02:24.080,system,system,true,,
6939,2494,,,Максимален дебит (помпа),Maximum flow,2349,VALI,2026-06-03 01:02:24.087,2026-06-03 01:02:24.087,system,system,true,,
6940,2495,,,Капацитет (резервоар),Capacity,2406,VALI,2026-06-03 01:02:24.090,2026-06-03 01:02:24.090,system,system,true,,
415,568,,,Модулен захранващ блок,Modular,13,VALI,2026-04-02 10:04:08.383,2026-04-02 10:04:08.383,system,system,true,,7
6941,2496,,,RGB,RGB,2410,VALI,2026-06-03 01:02:24.092,2026-06-03 01:02:24.092,system,system,false,,
6942,2497,,,Цвят,Color,2411,VALI,2026-06-03 01:02:24.093,2026-06-03 01:02:24.093,system,system,true,,
434,590,,,Насоченост,Directivity,260,VALI,2026-04-02 10:04:08.526,2026-04-02 10:04:08.526,system,system,true,,5
440,596,,,Скорост на сканиране (сек/стр),Scanning speed (page/sec),286,VALI,2026-04-02 10:04:08.588,2026-04-02 10:04:08.588,system,system,true,,1
445,603,,,Файл формат,File format,293,VALI,2026-04-02 10:04:08.645,2026-04-02 10:04:08.645,system,system,true,,5
6943,2498,,,Смарт Функции,Smart functions,704,VALI,2026-06-03 01:02:24.095,2026-06-03 01:02:24.095,system,system,true,,
6944,2499,,,Място за съхранение,Storage,692,VALI,2026-06-03 01:02:24.097,2026-06-03 01:02:24.097,system,system,false,,
6916,2465,,тип_батерия,Тип батерия,Battery type,1975,VALI,2026-06-03 01:02:24.012,2026-06-03 02:13:38.720,system,system,true,,
5848,,,,Вход AC,AC Input ,50,MOST,2026-05-25 14:57:57.103,2026-05-25 14:57:57.103,system,system,true,ac_input,
5850,,,,Физически характеристики,Physical characteristics,50,MOST,2026-05-25 14:57:57.237,2026-05-25 14:57:57.237,system,system,true,physical_characteristics,
5851,,,,Тип касета,Cartridge type,50,MOST,2026-05-25 14:57:57.262,2026-05-25 14:57:57.262,system,system,true,cartridge_type,
5852,,,,Мрежови кабели,Network cables,50,MOST,2026-05-25 14:57:57.278,2026-05-25 14:57:57.278,system,system,true,network_cables,
6946,2501,,,Екстри,Extras,2357,VALI,2026-06-03 01:02:24.099,2026-06-03 01:02:24.099,system,system,true,,
464,623,,,Тип микрофон,Type,255,VALI,2026-04-02 10:04:08.755,2026-04-02 10:04:08.755,system,system,true,,7
6947,2502,,,Трансфер на данни,Data exchange,1903,VALI,2026-06-03 01:02:24.109,2026-06-03 01:02:24.109,system,system,false,,
6948,2508,,,Материал,Material,1965,VALI,2026-06-03 01:02:24.110,2026-06-03 01:02:24.110,system,system,true,,
6949,2509,,,Размери (mm),Size (mm),1435,VALI,2026-06-03 01:02:24.113,2026-06-03 01:02:24.113,system,system,false,,
6950,2510,,,Екстри,Extras,2373,VALI,2026-06-03 01:02:24.186,2026-06-03 01:02:24.186,system,system,true,,
6951,2511,,,Размери,Dimensions,1438,VALI,2026-06-03 01:02:24.195,2026-06-03 01:02:24.195,system,system,false,,
6952,2519,,,Конектор,Connector,198,VALI,2026-06-03 01:02:24.224,2026-06-03 01:02:24.224,system,system,true,,
6956,2525,,,Захранване,Power supply,2374,VALI,2026-06-03 01:02:24.244,2026-06-03 01:02:24.244,system,system,true,,
6957,2535,,,Тип стойка,Type,2389,VALI,2026-06-03 01:02:24.249,2026-06-03 01:02:24.249,system,system,true,,
6958,2536,,,Максимално поддържано тегло,Weight Capacity,2390,VALI,2026-06-03 01:02:24.251,2026-06-03 01:02:24.251,system,system,true,,
6959,2537,,,VESA,VESA,530,VALI,2026-06-03 01:02:24.260,2026-06-03 01:02:24.260,system,system,true,,
6960,2540,,,Мощност субуфер,Subwoofer,225,VALI,2026-06-03 01:02:24.265,2026-06-03 01:02:24.265,system,system,true,,
6961,2541,,,Усилвател,Amplifier,2387,VALI,2026-06-03 01:02:24.271,2026-06-03 01:02:24.271,system,system,true,,
6962,2542,,,Сателити,Satellites,2391,VALI,2026-06-03 01:02:24.273,2026-06-03 01:02:24.273,system,system,true,,
6963,2543,,,Мощност сателит,Satellite power,1836,VALI,2026-06-03 01:02:24.274,2026-06-03 01:02:24.274,system,system,true,,
6964,2545,,,Размери,Size,1726,VALI,2026-06-03 01:02:24.284,2026-06-03 01:02:24.284,system,system,false,,
6965,2546,,,Допълнителни портове,Aditional ports,174,VALI,2026-06-03 01:02:24.323,2026-06-03 01:02:24.323,system,system,true,,
6966,2547,,,Захранване,Power supply,2394,VALI,2026-06-03 01:02:24.328,2026-06-03 01:02:24.328,system,system,true,,
6967,2548,,,Материал,Material,2403,VALI,2026-06-03 01:02:24.329,2026-06-03 01:02:24.329,system,system,false,,
6968,2549,,,Дебелина,width,2347,VALI,2026-06-03 01:02:24.330,2026-06-03 01:02:24.330,system,system,true,,
6969,2550,,,Радиатор,radiator,2345,VALI,2026-06-03 01:02:24.332,2026-06-03 01:02:24.332,system,system,true,,
6970,2552,,,Резба,Screw Threads,2402,VALI,2026-06-03 01:02:24.336,2026-06-03 01:02:24.336,system,system,false,,
5855,,,,ODD,ODD,50,MOST,2026-05-25 14:57:57.709,2026-05-25 14:57:57.709,system,system,true,odd,
6971,2553,,,Размер вентилатор,Fan size,2404,VALI,2026-06-03 01:02:24.337,2026-06-03 01:02:24.337,system,system,true,,
6972,2554,,,Волтаж (помпа),Voltage,2350,VALI,2026-06-03 01:02:24.338,2026-06-03 01:02:24.338,system,system,true,,
6973,2555,,,Мощнист (помпа),Max power consumption,2351,VALI,2026-06-03 01:02:24.340,2026-06-03 01:02:24.340,system,system,true,,
6974,2556,,,Конектор (помпа),Power connector,2352,VALI,2026-06-03 01:02:24.342,2026-06-03 01:02:24.342,system,system,true,,
6975,2557,,,Височина (резервоар),Height,2407,VALI,2026-06-03 01:02:24.344,2026-06-03 01:02:24.344,system,system,true,,
6976,2558,,,Резба,Screw Threads,2409,VALI,2026-06-03 01:02:24.345,2026-06-03 01:02:24.345,system,system,true,,
6977,2559,,,Размери,Dimensions,2408,VALI,2026-06-03 01:02:24.347,2026-06-03 01:02:24.347,system,system,true,,
6978,2569,,,Тип фитинг,Fitting type,2421,VALI,2026-06-03 01:02:24.351,2026-06-03 01:02:24.351,system,system,true,,
6979,2570,,,Резба,Screw Threads,2422,VALI,2026-06-03 01:02:24.355,2026-06-03 01:02:24.355,system,system,false,,
6980,2571,,,Цвят,Color,2424,VALI,2026-06-03 01:02:24.356,2026-06-03 01:02:24.356,system,system,true,,
596,833,,,Видео резолюция (пиксели),Video resolution (pixels),228,VALI,2026-04-02 10:04:09.803,2026-04-02 10:04:09.803,system,system,true,,3
597,834,,,Интерфейс.,Interface,2413,VALI,2026-04-02 10:04:09.819,2026-04-02 10:04:09.819,system,system,true,,2
600,837,,,Фото резолюция (пиксели),Photo resolution (pixels),229,VALI,2026-04-02 10:04:09.855,2026-04-02 10:04:09.855,system,system,true,,5
6982,2573,,,Тип на суичовете,type of switches,859,VALI,2026-06-03 01:02:24.359,2026-06-03 01:02:24.359,system,system,true,,
6983,2574,,,Съвместимост,Compatibility,2426,VALI,2026-06-03 01:02:24.368,2026-06-03 01:02:24.368,system,system,true,,
6984,2575,,,Подсветка,Backlight,857,VALI,2026-06-03 01:02:24.372,2026-06-03 01:02:24.372,system,system,true,,
6985,2577,,,Други,Other,2429,VALI,2026-06-03 01:02:24.373,2026-06-03 01:02:24.373,system,system,false,,
6986,2578,,,Обем,Volume,1807,VALI,2026-06-03 01:02:24.374,2026-06-03 01:02:24.374,system,system,true,,
619,897,,,Капацитет батерия,Capacity,1026,VALI,2026-04-02 10:04:10.050,2026-04-02 10:04:10.050,system,system,true,,5
620,898,,,Канали за зареждане,Channels charge,2068,VALI,2026-04-02 10:04:10.059,2026-04-02 10:04:10.059,system,system,true,,4
627,905,,,Количество,Quantity,1030,VALI,2026-04-02 10:04:10.093,2026-04-02 10:04:10.093,system,system,true,,2
6987,2579,,,Други,Other,2431,VALI,2026-06-03 01:02:24.377,2026-06-03 01:02:24.377,system,system,true,,
6988,2580,,,Други,Other,2433,VALI,2026-06-03 01:02:24.381,2026-06-03 01:02:24.381,system,system,true,,
6989,2583,,,Други,Other,2436,VALI,2026-06-03 01:02:24.386,2026-06-03 01:02:24.386,system,system,true,,
6990,2584,,,Размер,Dimension,2434,VALI,2026-06-03 01:02:24.389,2026-06-03 01:02:24.389,system,system,true,,
5414,,,number_of_modes,Брой режими,Number of modes,50,ASBIS,2026-05-19 15:49:19.636,2026-05-19 15:49:19.636,system,system,true,,
6991,2585,,,Количество,Content,2437,VALI,2026-06-03 01:02:24.393,2026-06-03 01:02:24.393,system,system,true,,
6992,2586,,,Цвят,Color,2438,VALI,2026-06-03 01:02:24.394,2026-06-03 01:02:24.394,system,system,true,,
6994,2589,,,Технология,Technology,2441,VALI,2026-06-03 01:02:24.406,2026-06-03 01:02:24.406,system,system,false,,
6995,2590,,,Резолюция,Resolution,2442,VALI,2026-06-03 01:02:24.406,2026-06-03 01:02:24.406,system,system,true,,
645,933,,,Прогноза,Forecast,1035,VALI,2026-04-02 10:04:10.275,2026-04-02 10:04:10.275,system,system,true,,7
647,935,,,Обхват,Range to Radio Outdoor Sensor,1037,VALI,2026-04-02 10:04:10.278,2026-04-02 10:04:10.278,system,system,true,,2
648,936,,,Тип батерия на главното устройство,Type of Battery (Station),1038,VALI,2026-04-02 10:04:10.281,2026-04-02 10:04:10.281,system,system,true,,5
652,941,,,Температурен диапазон,Measurement range,1043,VALI,2026-04-02 10:04:10.302,2026-04-02 10:04:10.302,system,system,true,,2
653,943,,,Радиочасовник,Radio Clock,1044,VALI,2026-04-02 10:04:10.307,2026-04-02 10:04:10.307,system,system,true,,8
655,945,,,Влажност,Hygrometer,1046,VALI,2026-04-02 10:04:10.311,2026-04-02 10:04:10.311,system,system,true,,6
656,946,,,Температура,Thermometer,1047,VALI,2026-04-02 10:04:10.313,2026-04-02 10:04:10.313,system,system,true,,4
6996,2592,,,Размер на печата,Printable Area,2444,VALI,2026-06-03 01:02:24.409,2026-06-03 01:02:24.409,system,system,false,,
6997,2593,,,Дебелина на плата,Fabric Thickness,2445,VALI,2026-06-03 01:02:24.410,2026-06-03 01:02:24.410,system,system,false,,
668,964,,,Брой клетки,Number of Cells,1056,VALI,2026-04-02 10:04:10.535,2026-04-02 10:04:10.535,system,system,true,,4
669,965,,,Капацитет (mAh),Capacity (mAh),1054,VALI,2026-04-02 10:04:10.545,2026-04-02 10:04:10.545,system,system,true,,1
6998,2594,,,Размери (принтер),Dimensions,2446,VALI,2026-06-03 01:02:24.411,2026-06-03 01:02:24.411,system,system,false,,
6999,2599,,,Входно напрежение,Nominal input voltage,2450,VALI,2026-06-03 01:02:24.414,2026-06-03 01:02:24.414,system,system,true,,
7000,2600,,,Изходно напрежение,Output Voltage,2451,VALI,2026-06-03 01:02:24.420,2026-06-03 01:02:24.420,system,system,true,,
681,996,,,Формат батерия,Format,1024,VALI,2026-04-02 10:04:10.714,2026-04-02 10:04:10.714,system,system,true,,1
7002,2602,,,Пикова мощност,Peak power,2453,VALI,2026-06-03 01:02:24.430,2026-06-03 01:02:24.430,system,system,false,,
7003,2603,,,Защита,Protection,2455,VALI,2026-06-03 01:02:24.431,2026-06-03 01:02:24.431,system,system,false,,
7004,2604,,,Размери,Dimension,2456,VALI,2026-06-03 01:02:24.432,2026-06-03 01:02:24.432,system,system,true,,
704,1034,,,Функции.,Functions,1049,VALI,2026-04-02 10:04:10.833,2026-04-02 10:04:10.833,system,system,true,,1
7005,2605,,,Форма на изходното напрежение,Waveform,2454,VALI,2026-06-03 01:02:24.438,2026-06-03 01:02:24.438,system,system,true,,
7006,2626,,,Допълнителни портове,Аdditional ports,2328,VALI,2026-06-03 01:02:24.440,2026-06-03 01:02:24.440,system,system,true,,
721,1058,,,Цвят рамка,Colour,1127,VALI,2026-04-02 10:04:10.899,2026-04-02 10:04:10.899,system,system,true,,1
7007,2630,,,За,For,618,VALI,2026-06-03 01:02:24.442,2026-06-03 01:02:24.442,system,system,true,,
738,1082,,,Честота CPU,Frequency,1141,VALI,2026-04-02 10:04:11.054,2026-04-02 10:04:11.054,system,system,true,,3
742,1087,,,Честота памет,Frequency Memory,1151,VALI,2026-04-02 10:04:11.140,2026-04-02 10:04:11.140,system,system,true,,8
7008,2631,,,True Wireless,True Wireless,1702,VALI,2026-06-03 01:02:24.444,2026-06-03 01:02:24.444,system,system,false,,
7009,2634,,,Макс. работно налягане,Max. operating pressure,2481,VALI,2026-06-03 01:02:24.445,2026-06-03 01:02:24.445,system,system,true,,
758,1114,,,Модел процесор,CPU model,1138,VALI,2026-04-02 10:04:11.393,2026-04-02 10:04:11.393,system,system,true,,1
7010,2635,,,Вътрешен диаметър,Inner diameter,2482,VALI,2026-06-03 01:02:24.447,2026-06-03 01:02:24.447,system,system,false,,
7011,2636,,,Външен диаметър,Outer diameter,2483,VALI,2026-06-03 01:02:24.447,2026-06-03 01:02:24.447,system,system,true,,
7012,2637,,,Дължина,Length,2484,VALI,2026-06-03 01:02:24.453,2026-06-03 01:02:24.453,system,system,true,,
7013,2638,,,Цвят,Color,2485,VALI,2026-06-03 01:02:24.455,2026-06-03 01:02:24.455,system,system,true,,
7014,2639,,,Цвят,Color,2486,VALI,2026-06-03 01:02:24.457,2026-06-03 01:02:24.457,system,system,true,,
7015,2641,,,Поколение,Generation,38,VALI,2026-06-03 01:02:24.460,2026-06-03 01:02:24.460,system,system,true,,
7016,2642,,,Вид осветление,Type of Light,2084,VALI,2026-06-03 01:02:24.463,2026-06-03 01:02:24.463,system,system,true,,
7017,2643,,,Конектори,Connectors,2086,VALI,2026-06-03 01:02:24.467,2026-06-03 01:02:24.467,system,system,false,,
7018,2644,,,За,For,865,VALI,2026-06-03 01:02:24.468,2026-06-03 01:02:24.468,system,system,true,,
7019,2645,,,Брой,Pieces,2490,VALI,2026-06-03 01:02:24.469,2026-06-03 01:02:24.469,system,system,true,,
809,1210,,,Портове (изход),Connectors (output),140,VALI,2026-04-02 10:04:11.977,2026-04-02 10:04:11.977,system,system,true,,3
810,1211,,,Портове (вход),Connectors (input),141,VALI,2026-04-02 10:04:11.986,2026-04-02 10:04:11.986,system,system,true,,5
811,1212,,,Резолюция (битове),Resolution (bits),142,VALI,2026-04-02 10:04:11.992,2026-04-02 10:04:11.992,system,system,true,,7
7020,2646,,,Категория,Category,383,VALI,2026-06-03 01:02:24.472,2026-06-03 01:02:24.472,system,system,true,,
7021,2647,,,Форм фактор,Form factor,1960,VALI,2026-06-03 01:02:24.475,2026-06-03 01:02:24.475,system,system,true,,
7022,2650,,,Памет,Memory,935,VALI,2026-06-03 01:02:24.479,2026-06-03 01:02:24.479,system,system,true,,
5857,,,,Контраст,Contrast,50,MOST,2026-05-25 14:57:57.739,2026-05-25 14:57:57.739,system,system,true,contrast,
833,1249,,,Диаметър на дюзата,Nozzle Diameter,1218,VALI,2026-04-02 10:04:12.141,2026-04-02 10:04:12.141,system,system,true,,8
836,1253,,,Поддържани файлови формати.,Supported file formats,1211,VALI,2026-04-02 10:04:12.164,2026-04-02 10:04:12.164,system,system,true,,2
845,1264,,,Размер детайл,Maximum Build Volume,1208,VALI,2026-04-02 10:04:12.247,2026-04-02 10:04:12.247,system,system,true,,4
848,1268,,,Видео чипсет,Video chipset,1161,VALI,2026-04-02 10:04:12.268,2026-04-02 10:04:12.268,system,system,true,,4
851,1271,,,Честота процесор.,Frequency CPU,1229,VALI,2026-04-02 10:04:12.379,2026-04-02 10:04:12.379,system,system,true,,2
853,1273,,,Кеш на процесор (MB),Cache CPU (MB),1230,VALI,2026-04-02 10:04:12.412,2026-04-02 10:04:12.412,system,system,true,,8
855,1277,,,Интерфейси и портове,Interfaces,1245,VALI,2026-04-02 10:04:12.456,2026-04-02 10:04:12.456,system,system,true,,1
872,1294,,,Модел видео карта,"",1242,VALI,2026-04-02 10:04:12.628,2026-04-02 10:04:12.628,system,system,true,,2
5415,,,voice_command_and_reply_words_in_28_languages,Voice Command and Reply words in 28 languages,Voice Command and Reply words in 28 languages,50,ASBIS,2026-05-19 15:49:19.639,2026-05-19 15:49:19.639,system,system,true,,
5858,,,,Охлаждане,Cooling,50,MOST,2026-05-25 14:57:57.742,2026-05-25 14:57:57.742,system,system,true,cooling,
5859,,,,Подсветка,Backlighting,50,MOST,2026-05-25 14:57:57.760,2026-05-25 14:57:57.760,system,system,true,backlighting,
880,1303,,,Мощност на захранващ блок (W),Power Supply (W),1771,VALI,2026-04-02 10:04:12.730,2026-04-02 10:04:12.730,system,system,true,,4
7023,2651,,,MAC адреси,MAC Address,936,VALI,2026-06-03 01:02:24.480,2026-06-03 01:02:24.480,system,system,true,,
7024,2659,,,IEC 62040-3 класификация,IEC 62040-3 Classification,2504,VALI,2026-06-03 01:02:24.483,2026-06-03 01:02:24.483,system,system,false,,
7025,2660,,,DC волтаж,DC Voltage,2505,VALI,2026-06-03 01:02:24.484,2026-06-03 01:02:24.484,system,system,true,,
7026,2661,,,Съвместим тип батерия,Compatible Battery Type,2506,VALI,2026-06-03 01:02:24.486,2026-06-03 01:02:24.486,system,system,false,,
7028,2663,,,Софтуер,Software,2508,VALI,2026-06-03 01:02:24.489,2026-06-03 01:02:24.489,system,system,false,,
7029,2666,,,Тип UPS,Type UPS,2511,VALI,2026-06-03 01:02:24.490,2026-06-03 01:02:24.490,system,system,true,,
7030,2669,,,Кпацитет UPS,UPS capacity,2512,VALI,2026-06-03 01:02:24.491,2026-06-03 01:02:24.491,system,system,true,,
930,1395,,,Тип монтаж,Montage,1315,VALI,2026-04-02 10:04:13.199,2026-04-02 10:04:13.199,system,system,true,,5
7031,2670,,,Диагонал дисплей (inch),Screen Size,978,VALI,2026-06-03 01:02:24.495,2026-06-03 01:02:24.495,system,system,true,,
7032,2672,,,Тип аксесоар за волан,Type of accessory,2514,VALI,2026-06-03 01:02:24.501,2026-06-03 01:02:24.501,system,system,false,,
948,1417,,,Слотове за дискове,Number of hard drives,1332,VALI,2026-04-02 10:04:13.261,2026-04-02 10:04:13.261,system,system,true,,4
955,1425,,,Мрежови протоколи,Networking protocols,1342,VALI,2026-04-02 10:04:13.311,2026-04-02 10:04:13.311,system,system,true,,1
959,1429,,,Платформа,Compatibility,1345,VALI,2026-04-02 10:04:13.379,2026-04-02 10:04:13.379,system,system,true,,1
7033,2673,,,Ниво на сигурност,Security Level,2515,VALI,2026-06-03 01:02:24.502,2026-06-03 01:02:24.502,system,system,true,,
7034,2674,,,AI Производителност,AI Performance,2516,VALI,2026-06-03 01:02:24.509,2026-06-03 01:02:24.509,system,system,true,,
7035,2675,,,HDR,HDR,2517,VALI,2026-06-03 01:02:24.511,2026-06-03 01:02:24.511,system,system,true,,
7036,2679,,,Гаранция батерия,Battery warranty,2521,VALI,2026-06-03 01:02:24.514,2026-06-03 01:02:24.514,system,system,false,,
7037,2680,,,Технология Екран,Screen Technology,2522,VALI,2026-06-03 01:02:24.516,2026-06-03 01:02:24.516,system,system,true,,
7038,2684,,,Включено зарядно устройство,Included charger,2525,VALI,2026-06-03 01:02:24.519,2026-06-03 01:02:24.519,system,system,true,,
7039,2685,,,Мощност захранване min-max (W),Power min-max (W),2526,VALI,2026-06-03 01:02:24.521,2026-06-03 01:02:24.521,system,system,true,,
984,1469,,,Вид аксесоар.,Accessory type,575,VALI,2026-04-02 10:04:13.615,2026-04-02 10:04:13.615,system,system,true,,1
7040,2686,,,USB PD,USB PD,2527,VALI,2026-06-03 01:02:24.531,2026-06-03 01:02:24.531,system,system,true,,
7041,2688,,,Размери на бюро,Dimensions,2528,VALI,2026-06-03 01:02:24.533,2026-06-03 01:02:24.533,system,system,false,,
7042,2689,,,Механизъм,Mechanism,2529,VALI,2026-06-03 01:02:24.534,2026-06-03 01:02:24.534,system,system,true,,
7043,2691,,,Дисплей,Display,2531,VALI,2026-06-03 01:02:24.536,2026-06-03 01:02:24.536,system,system,true,,
7044,2692,,,Тип аксесоар за лаптоп/таблет,Type of laptop/tablet accessory,2532,VALI,2026-06-03 01:02:24.538,2026-06-03 01:02:24.538,system,system,false,,
7045,2694,,,Тип машина за гравиране,Type of engraving machine,2533,VALI,2026-06-03 01:02:24.539,2026-06-03 01:02:24.539,system,system,false,,
7046,2695,,,Оптична мощност,Optical power,2534,VALI,2026-06-03 01:02:24.540,2026-06-03 01:02:24.540,system,system,true,,
1010,1503,,,Ефективност,Efficiency,15,VALI,2026-04-02 10:04:13.826,2026-04-02 10:04:13.826,system,system,true,,2
7047,2696,,,Работна площ,Working area,2535,VALI,2026-06-03 01:02:24.541,2026-06-03 01:02:24.541,system,system,true,,
7048,2698,,,Лазерен източник,Laser source,2537,VALI,2026-06-03 01:02:24.543,2026-06-03 01:02:24.543,system,system,false,,
7049,2699,,,Дължина на вълната,Wave length,2538,VALI,2026-06-03 01:02:24.544,2026-06-03 01:02:24.544,system,system,true,,
7050,2700,,,Фокусно лазерно петно,Focus laser spot,2539,VALI,2026-06-03 01:02:24.545,2026-06-03 01:02:24.545,system,system,false,,
7051,2701,,,Скорост,Speed,2540,VALI,2026-06-03 01:02:24.546,2026-06-03 01:02:24.546,system,system,true,,
7052,2702,,,Безопасност,Safety,2541,VALI,2026-06-03 01:02:24.548,2026-06-03 01:02:24.548,system,system,false,,
1045,1584,,,Интерфейс 1,Interface 1,148,VALI,2026-04-02 10:04:14.602,2026-04-02 10:04:14.602,system,system,true,,2
7053,2703,,,Захранване,Power supply,2542,VALI,2026-06-03 01:02:24.549,2026-06-03 01:02:24.549,system,system,false,,
1089,1700,,,Температура на отпечатване,Temperature Printing,1580,VALI,2026-04-02 10:04:14.975,2026-04-02 10:04:14.975,system,system,true,,5
7054,2704,,,Софтуер,Software,2543,VALI,2026-06-03 01:02:24.550,2026-06-03 01:02:24.550,system,system,false,,
5862,,,,Описание на захранването,Power description,50,MOST,2026-05-25 14:57:58.249,2026-05-25 14:57:58.249,system,system,true,power_description,
7055,2705,,,Поддържани файлови формати,Supported file formats,2544,VALI,2026-06-03 01:02:24.551,2026-06-03 01:02:24.551,system,system,true,,
1110,1753,,,Режими на светене,light modes,1628,VALI,2026-04-02 10:04:15.096,2026-04-02 10:04:15.096,system,system,true,,3
7056,2706,,,Поддържани материали,Supported materials,2545,VALI,2026-06-03 01:02:24.554,2026-06-03 01:02:24.554,system,system,true,,
1115,1758,,,Включени вентилатори,Included fans,74,VALI,2026-04-02 10:04:15.111,2026-04-02 10:04:15.111,system,system,true,,3
7057,2707,,,Цвят,Color,2547,VALI,2026-06-03 01:02:24.558,2026-06-03 01:02:24.558,system,system,false,,
1117,1760,,,Активна площ,Active Area,1637,VALI,2026-04-02 10:04:15.140,2026-04-02 10:04:15.140,system,system,true,,1
1119,1762,,,Ниво на натиск(писалка),Pressure Levels,1640,VALI,2026-04-02 10:04:15.169,2026-04-02 10:04:15.169,system,system,true,,5
1121,1765,,,Резолюция писалка (lpi),Pen resolution(lpi),1638,VALI,2026-04-02 10:04:15.205,2026-04-02 10:04:15.205,system,system,true,,3
1122,1766,,,Системни изисквания,System Requirements,1643,VALI,2026-04-02 10:04:15.211,2026-04-02 10:04:15.211,system,system,true,,2
1131,1781,,,Тип глава,"",1654,VALI,2026-04-02 10:04:15.247,2026-04-02 10:04:15.247,system,system,true,,2
1132,1782,,,Брой комплект,Set Contents in Pieces,1655,VALI,2026-04-02 10:04:15.251,2026-04-02 10:04:15.251,system,system,true,,1
7058,2708,,,Размер,Size,2548,VALI,2026-06-03 01:02:24.559,2026-06-03 01:02:24.559,system,system,false,,
7027,2662,,форм_фактор,Форм фактор,Form Factor,2507,VALI,2026-06-03 01:02:24.487,2026-06-03 02:13:38.720,system,system,false,,
7212,,,compliance,Compliance,Compliance,50,ASBIS,2026-07-16 02:22:09.322,2026-07-16 02:22:09.322,system,system,true,,
7059,2710,,,Работно време,Operating Hours,2550,VALI,2026-06-03 01:02:24.559,2026-06-03 01:02:24.559,system,system,true,,
7060,2729,,,Скорост на прехвърляне Ethernet (Mbps),Ethernet transfer rate (Mbps),2569,VALI,2026-06-03 01:02:24.562,2026-06-03 01:02:24.562,system,system,true,,
7061,2730,,,"3G/4G","3G/4G",2570,VALI,2026-06-03 01:02:24.563,2026-06-03 01:02:24.563,system,system,true,,
7062,2731,,,Захранване,Power,2571,VALI,2026-06-03 01:02:24.565,2026-06-03 01:02:24.565,system,system,true,,
7063,2732,,,Дисплей,Display,2572,VALI,2026-06-03 01:02:24.568,2026-06-03 01:02:24.568,system,system,true,,
1185,1890,,,Марка лаптоп,Brand laptop,1052,VALI,2026-04-02 10:04:15.473,2026-04-02 10:04:15.473,system,system,true,,2
7064,2733,,,Свързаност,Connectivity,2573,VALI,2026-06-03 01:02:24.570,2026-06-03 01:02:24.570,system,system,true,,
1198,1905,,,Тип процесор,CPU type,1227,VALI,2026-04-02 10:04:15.530,2026-04-02 10:04:15.530,system,system,true,,5
7065,2734,,,Сигурност,Security,2574,VALI,2026-06-03 01:02:24.575,2026-06-03 01:02:24.575,system,system,false,,
1226,1967,,,Лиценз,Type of license,1835,VALI,2026-04-02 10:04:15.748,2026-04-02 10:04:15.748,system,system,true,,6
7067,2736,,,Други,Other functions,2576,VALI,2026-06-03 01:02:24.576,2026-06-03 01:02:24.576,system,system,true,,
7068,2737,,,Размери,Dimensions,2577,VALI,2026-06-03 01:02:24.580,2026-06-03 01:02:24.580,system,system,false,,
7069,2738,,,Безжично свързване,Wireless,2578,VALI,2026-06-03 01:02:24.580,2026-06-03 01:02:24.580,system,system,true,,
1283,2043,,,Препоръчително сканиране (страници/ден),Recommended daily duty cycle,290,VALI,2026-04-02 10:04:16.013,2026-04-02 10:04:16.013,system,system,true,,3
1287,2049,,,Размер на слота,Slot Dimension,1916,VALI,2026-04-02 10:04:16.030,2026-04-02 10:04:16.030,system,system,true,,2
7071,2740,,,Функции на телефона,Functions,2580,VALI,2026-06-03 01:02:24.584,2026-06-03 01:02:24.584,system,system,true,,
7072,2741,,,Указател,Phonebook capacity,2581,VALI,2026-06-03 01:02:24.589,2026-06-03 01:02:24.589,system,system,true,,
1305,2068,,,Захранващо напрежение,Voltage,1935,VALI,2026-04-02 10:04:16.140,2026-04-02 10:04:16.140,system,system,true,,3
7073,2743,,,Размери,Size,2583,VALI,2026-06-03 01:02:24.591,2026-06-03 01:02:24.591,system,system,false,,
1330,2100,,,Интерфейс 2,Interface 2,1467,VALI,2026-04-02 10:04:16.292,2026-04-02 10:04:16.292,system,system,true,,6
1340,2111,,,Възраст.,Age,1978,VALI,2026-04-02 10:04:16.332,2026-04-02 10:04:16.332,system,system,true,,2
1359,2175,,,Макс. скорост на принтиране (mm³/s).,Print speed,1209,VALI,2026-04-02 10:04:16.423,2026-04-02 10:04:16.423,system,system,true,,7
1380,2200,,,Механизъм,Mechanism,1114,VALI,2026-04-02 10:04:16.505,2026-04-02 10:04:16.505,system,system,true,,5
1381,2201,,,Тип часовник,Type,1113,VALI,2026-04-02 10:04:16.507,2026-04-02 10:04:16.507,system,system,true,,4
1386,2207,,,Вид батерия,Battery type,1025,VALI,2026-04-02 10:04:16.520,2026-04-02 10:04:16.520,system,system,true,,2
1387,2208,,,Напрежение акумулатор,Voltage,1027,VALI,2026-04-02 10:04:16.524,2026-04-02 10:04:16.524,system,system,true,,3
1408,2233,,,Стил рамка,Frame style,2097,VALI,2026-04-02 10:04:16.598,2026-04-02 10:04:16.598,system,system,true,,4
1411,2236,,,Материал рамка,Frame material,2156,VALI,2026-04-02 10:04:16.634,2026-04-02 10:04:16.634,system,system,true,,2
4019,150,tehnologiya,,Технология,Technology,50,TEKRA,2026-05-19 01:06:57.083,2026-06-03 01:02:24.746,system,system,true,,
1455,2298,,,Защита,Protection,1125,VALI,2026-04-02 10:04:16.812,2026-04-02 10:04:16.812,system,system,true,,2
1457,2300,,,Цвят лещи,Lens color ,1128,VALI,2026-04-02 10:04:16.816,2026-04-02 10:04:16.816,system,system,true,,6
4370,83,,sensor,Сензор,Sensor,50,ASBIS,2026-05-19 15:49:11.545,2026-06-03 01:02:24.749,system,system,true,,
4409,2598,,protection,Защита,Protection,50,ASBIS,2026-05-19 15:49:11.819,2026-06-03 01:02:24.750,system,system,true,,
1517,2382,,,Размер охладител (W x D x H),Cooler dimension (W x D x H),2239,VALI,2026-04-02 10:04:17.170,2026-04-02 10:04:17.170,system,system,true,,1
4724,2190,,platform,Платформа,Platform,50,ASBIS,2026-05-19 15:49:14.640,2026-06-03 01:02:24.753,system,system,true,,
1601,2478,,,Съвместимост на Радиатори,Radiator Compatibility,75,VALI,2026-04-02 10:04:17.472,2026-04-02 10:04:17.472,system,system,true,,8
1602,2479,,,Височина CPU Охладител,Maximum CPU Cooler Height,76,VALI,2026-04-02 10:04:17.495,2026-04-02 10:04:17.495,system,system,true,,4
1603,2480,,,Дължина PSU,Maximum PSU Length,78,VALI,2026-04-02 10:04:17.510,2026-04-02 10:04:17.510,system,system,true,,7
1818,534,poe,,PoE,PoE,50,TEKRA,2026-04-02 10:15:49.621,2026-06-04 01:02:43.201,system,system,false,,
1834,92,portove,,Портове,Ports,50,TEKRA,2026-04-02 10:15:50.132,2026-06-04 01:02:43.207,system,system,false,,
4020,142,razmer,,Размери,Dimension,6,TEKRA,2026-05-19 01:06:57.118,2026-06-04 01:02:43.208,system,system,true,,
4021,364,led_podsvetka,,LED подсветка,LED backlight,93,TEKRA,2026-05-19 01:06:57.187,2026-08-20 09:55:41.359,system,d.eshanovski@gmail.com,true,,
1604,2481,,,Дължина GPU,Maximum GPU Length,77,VALI,2026-04-02 10:04:17.520,2026-04-02 10:04:17.520,system,system,true,,6
5109,101,,backlight,Подсветка,Backlight,50,ASBIS,2026-05-19 15:49:17.717,2026-06-03 01:02:24.757,system,system,true,,
5864,,,,Card bus,Card bus,50,MOST,2026-05-25 14:57:58.568,2026-05-25 14:57:58.568,system,system,true,card_bus,
1643,2526,,,Размери на вентилатора,Fan Size,1392,VALI,2026-04-02 10:04:17.804,2026-04-02 10:04:17.804,system,system,true,,6
1645,2532,,,SNR,SNR,2385,VALI,2026-04-02 10:04:17.808,2026-04-02 10:04:17.808,system,system,true,,6
1669,2561,,,Закрепване,Fastening,2416,VALI,2026-04-02 10:04:17.918,2026-04-02 10:04:17.918,system,system,true,,8
1673,2567,,,Зрително поле,Field of vision,231,VALI,2026-04-02 10:04:17.940,2026-04-02 10:04:17.940,system,system,true,,1
1692,2588,,,Форм-фактор,Compatible Drive Type,1331,VALI,2026-04-02 10:04:18.000,2026-04-02 10:04:18.000,system,system,true,,7
5821,69,,response_time,Време за реакция,Response Time,50,ASBIS,2026-05-24 01:08:29.789,2026-06-03 01:02:24.756,system,system,true,,
1741,2652,,,Източник на светлина,Light Source,388,VALI,2026-04-02 10:04:18.126,2026-04-02 10:04:18.126,system,system,true,,2
5928,680,,,Управление,Management,50,MOST,2026-05-25 14:58:04.096,2026-06-03 01:02:24.763,system,system,true,management,
5962,1980,,ssd,SSD,SSD,50,MOST,2026-06-02 09:59:35.563,2026-06-03 02:13:38.720,system,system,true,ssd,
5071,1981,,pump_speed,Скорост на помпата,Pump speed,50,ASBIS,2026-05-19 15:49:17.360,2026-06-04 01:02:43.210,system,system,true,,
1770,2697,,,Камера,Camera,2536,VALI,2026-04-02 10:04:18.194,2026-04-02 10:04:18.194,system,system,true,,1
5199,42,,supports_central_processor_unit,Поддържани процесори,CPU supports,50,ASBIS,2026-05-19 15:49:18.181,2026-06-04 01:02:43.211,system,system,true,,
1790,2719,,,Работно разстояние,Working distance,2559,VALI,2026-04-02 10:04:18.233,2026-04-02 10:04:18.233,system,system,true,,3
1791,2720,,,Точност,Pricizion,2560,VALI,2026-04-02 10:04:18.237,2026-04-02 10:04:18.237,system,system,true,,8
1793,2722,,,Скорост на сканиране,Scanning speed,2562,VALI,2026-04-02 10:04:18.243,2026-04-02 10:04:18.243,system,system,true,,6
1794,2723,,,Обхват на обекта,Scope of the object,2563,VALI,2026-04-02 10:04:18.247,2026-04-02 10:04:18.247,system,system,true,,5
5250,54,,memory_capacity,Капацитет на паметта,Memory Size,50,ASBIS,2026-05-19 15:49:18.449,2026-06-04 01:02:43.211,system,system,true,,
5306,329,,seat_depth,Дълбочина на седалката,Seat depth,50,ASBIS,2026-05-19 15:49:19.237,2026-06-04 01:02:43.211,system,system,true,,
5313,328,,seat_width,Ширина на седалката,Seat width,50,ASBIS,2026-05-19 15:49:19.269,2026-06-04 01:02:43.211,system,system,true,,
5315,330,,backrest_height,Височина на облегалката,Backrest height,50,ASBIS,2026-05-19 15:49:19.283,2026-06-04 01:02:43.211,system,system,true,,
5446,2053,,dimension,Размер,Size,50,ASBIS,2026-05-19 15:49:19.714,2026-06-04 01:02:43.212,system,system,true,,
7082,,,output_power_connectors_type,Output Power Connectors Type,Output Power Connectors Type,50,ASBIS,2026-06-12 01:41:09.865,2026-06-12 01:41:09.865,system,system,true,,
7083,,,rated_input_current,Rated Input Current,Rated Input Current,50,ASBIS,2026-06-12 01:41:13.816,2026-06-12 01:41:13.816,system,system,true,,
7084,,,output_power_connectors_quantity,Output Power Connectors Quantity,Output Power Connectors Quantity,50,ASBIS,2026-06-12 01:41:13.831,2026-06-12 01:41:13.831,system,system,true,,
5865,,,,Системни изисквания,System requirements,50,MOST,2026-05-25 14:57:58.857,2026-05-25 14:57:58.857,system,system,true,system_requirements,
5866,,,,Температура,Temperature,50,MOST,2026-05-25 14:57:58.902,2026-05-25 14:57:58.902,system,system,true,temperature,
5418,,,min_noise_db_measured_at_distance_100_cm,"Мин. шум, dB (на 100 см)","Min. Noise, dB (Measured at distance 100 cm)",50,ASBIS,2026-05-19 15:49:19.644,2026-05-19 15:49:19.644,system,system,true,,
5419,,,max_noise_db_measured_at_distance_100_cm,"Макс. шум, dB (на 100 см)","Max. Noise, dB (Measured at distance 100 cm)",50,ASBIS,2026-05-19 15:49:19.646,2026-05-19 15:49:19.646,system,system,true,,
7085,,,input_power_connectors_type,Input Power Connectors Type,Input Power Connectors Type,50,ASBIS,2026-06-12 01:41:13.898,2026-06-12 01:41:13.898,system,system,true,,
7086,,,rated_current,Rated Current,Rated Current,50,ASBIS,2026-06-12 01:41:13.925,2026-06-12 01:41:13.925,system,system,true,,
7087,,,input_power_connectors_quantity,Input Power Connectors Quantity,Input Power Connectors Quantity,50,ASBIS,2026-06-12 01:41:13.937,2026-06-12 01:41:13.937,system,system,true,,
7088,,,output_voltage,Output Voltage,Output Voltage,50,ASBIS,2026-06-12 01:41:13.949,2026-06-12 01:41:13.949,system,system,true,,
7089,,,mozart_support,Mozart support,Mozart support,50,ASBIS,2026-06-13 01:39:57.525,2026-06-13 01:39:57.525,system,system,true,,
7090,,,wireless_powerlink,Wireless powerlink,Wireless powerlink,50,ASBIS,2026-06-13 01:39:59.615,2026-06-13 01:39:59.615,system,system,true,,
7093,,,installed_operating_system,Installed Operating System,Installed Operating System,50,ASBIS,2026-06-14 01:40:02.782,2026-06-14 01:40:02.782,system,system,true,,
7094,,,speaker_form_factor,Speaker Form Factor,Speaker Form Factor,50,ASBIS,2026-06-14 01:40:02.862,2026-06-14 01:40:02.862,system,system,true,,
7095,,,output_power_per_channel,Output Power per Channel,Output Power per Channel,50,ASBIS,2026-06-14 01:40:02.982,2026-06-14 01:40:02.982,system,system,true,,
7139,,,caster_diameter,Caster Diameter,Caster Diameter,50,ASBIS,2026-07-01 02:33:24.559,2026-07-01 02:33:24.559,system,system,true,,
7140,,,maximum_seat_height_from_floor,Maximum Seat Height From Floor,Maximum Seat Height From Floor,50,ASBIS,2026-07-01 02:33:24.640,2026-07-01 02:33:24.640,system,system,true,,
7153,,,max_range_open_space,Max. Range Open Space,Max. Range Open Space,50,ASBIS,2026-07-02 02:27:13.104,2026-07-02 02:27:13.104,system,system,true,,
7156,,,minimum_power_consumption,Minimum Power Consumption,Minimum Power Consumption,50,ASBIS,2026-07-09 02:22:52.329,2026-07-09 02:22:52.329,system,system,true,,
7157,,,name,Name,Name,50,ASBIS,2026-07-09 02:22:52.869,2026-07-09 02:22:52.869,system,system,true,,
7158,,,device_type,Device Type,Device Type,50,ASBIS,2026-07-09 02:22:53.047,2026-07-09 02:22:53.047,system,system,true,,
1816,,wdr,,WDR,WDR,9,TEKRA,2026-04-02 10:15:49.553,2026-08-20 09:55:41.360,system,d.eshanovski@gmail.com,true,,4
1828,,obektiv,,Обектив,Lens,4,TEKRA,2026-04-02 10:15:49.758,2026-08-20 09:55:41.360,system,d.eshanovski@gmail.com,true,,1
5482,,,bottom_handle_cover_pc_abs,Bottom handle cover(PC+ABS),Bottom handle cover(PC+ABS),50,ASBIS,2026-05-19 15:49:19.857,2026-05-19 15:49:19.857,system,system,true,,
5483,,,water_tank_pc,Water tank(PC),Water tank(PC),50,ASBIS,2026-05-19 15:49:19.862,2026-05-19 15:49:19.862,system,system,true,,
5484,,,upper_cover_pc_abs,Upper cover(PC+ABS),Upper cover(PC+ABS),50,ASBIS,2026-05-19 15:49:19.869,2026-05-19 15:49:19.869,system,system,true,,
5485,,,power_cord_ptortector_tpee,Power cord ptortector(TPEE),Power cord ptortector(TPEE),50,ASBIS,2026-05-19 15:49:19.871,2026-05-19 15:49:19.871,system,system,true,,
7074,,,диаметър_на_говорителя,Диаметър на говорителя,Диаметър на говорителя,50,ASBIS,2026-06-03 02:13:38.065,2026-06-03 02:13:38.065,system,system,true,,
5488,,,lower_cover_pc_abs,Lower cover(PC+ABS),Lower cover(PC+ABS),50,ASBIS,2026-05-19 15:49:19.882,2026-05-19 15:49:19.882,system,system,true,,
5489,,,decorative_strap_pc_abs,Decorative strap(PC+ABS),Decorative strap(PC+ABS),50,ASBIS,2026-05-19 15:49:19.882,2026-05-19 15:49:19.882,system,system,true,,
5491,,,tpee,TPEE,TPEE,50,ASBIS,2026-05-19 15:49:19.898,2026-05-19 15:49:19.898,system,system,true,,
5492,,,abs_pc,ABS+PC,ABS+PC,50,ASBIS,2026-05-19 15:49:19.899,2026-05-19 15:49:19.899,system,system,true,,
5493,,,silicon,Silicon,Silicon,50,ASBIS,2026-05-19 15:49:19.906,2026-05-19 15:49:19.906,system,system,true,,
5494,,,hips,HIPS,HIPS,50,ASBIS,2026-05-19 15:49:19.912,2026-05-19 15:49:19.912,system,system,true,,
5495,,,power_consumption_in_different_modes_w_240_v,Power consumption in different modes (<W) 240 V,Power consumption in different modes (<W) 240 V,50,ASBIS,2026-05-19 15:49:19.924,2026-05-19 15:49:19.924,system,system,true,,
5496,,,power_consumption_in_different_modes_w_220_v,Power consumption in different modes (<W) 220 V,Power consumption in different modes (<W) 220 V,50,ASBIS,2026-05-19 15:49:19.931,2026-05-19 15:49:19.931,system,system,true,,
5497,,,време_за_бързо_зареждане,Време за бързо зареждане,Време за бързо зареждане,50,ASBIS,2026-05-19 15:49:19.937,2026-05-19 15:49:19.937,system,system,true,,
5498,,,макс_входна_мощност_w,Макс. входна мощност (W),Макс. входна мощност (W),50,ASBIS,2026-05-19 15:49:19.948,2026-05-19 15:49:19.948,system,system,true,,
5499,,,pc_abs_pc_345,PC/ABS PC-345,PC/ABS PC-345,50,ASBIS,2026-05-19 15:49:19.954,2026-05-19 15:49:19.954,system,system,true,,
5500,,,abs_15a1,ABS 15A1,ABS 15A1,50,ASBIS,2026-05-19 15:49:19.956,2026-05-19 15:49:19.956,system,system,true,,
5501,,,pom_mc90,POM MC90,POM MC90,50,ASBIS,2026-05-19 15:49:19.964,2026-05-19 15:49:19.964,system,system,true,,
5502,,,abs_758,ABS 758,ABS 758,50,ASBIS,2026-05-19 15:49:19.976,2026-05-19 15:49:19.976,system,system,true,,
5504,,,nylon_brush,Nylon Brush,Nylon Brush,50,ASBIS,2026-05-19 15:49:19.981,2026-05-19 15:49:19.981,system,system,true,,
5506,,,coffee_container,Coffee container,Coffee container,50,ASBIS,2026-05-19 15:49:19.985,2026-05-19 15:49:19.985,system,system,true,,
5512,,,abs121,ABS121,ABS121,50,ASBIS,2026-05-19 15:49:20.037,2026-05-19 15:49:20.037,system,system,true,,
5513,,,transparent_abs,Transparent ABS,Transparent ABS,50,ASBIS,2026-05-19 15:49:20.039,2026-05-19 15:49:20.039,system,system,true,,
5515,,,pa6_30_gf,PA6+30%GF,PA6+30%GF,50,ASBIS,2026-05-19 15:49:20.045,2026-05-19 15:49:20.045,system,system,true,,
5516,,,pa66,PA66,PA66,50,ASBIS,2026-05-19 15:49:20.049,2026-05-19 15:49:20.049,system,system,true,,
5518,,,pp_30_gf,PP+30%GF,PP+30%GF,50,ASBIS,2026-05-19 15:49:20.060,2026-05-19 15:49:20.060,system,system,true,,
5519,,,pa6,PA6,PA6,50,ASBIS,2026-05-19 15:49:20.064,2026-05-19 15:49:20.064,system,system,true,,
5520,,,pf,PF,PF,50,ASBIS,2026-05-19 15:49:20.067,2026-05-19 15:49:20.067,system,system,true,,
5521,,,pet,PET,PET,50,ASBIS,2026-05-19 15:49:20.069,2026-05-19 15:49:20.069,system,system,true,,
5522,,,cooking_protection_system,Cooking Protection System,Cooking Protection System,50,ASBIS,2026-05-19 15:49:20.072,2026-05-19 15:49:20.072,system,system,true,,
5523,,,cavity_interior,Cavity Interior,Cavity Interior,50,ASBIS,2026-05-19 15:49:20.077,2026-05-19 15:49:20.077,system,system,true,,
5525,,,ppo,PPO,PPO,50,ASBIS,2026-05-19 15:49:20.084,2026-05-19 15:49:20.084,system,system,true,,
5526,,,intelligent_temperature_control_systemintelligent_temperature_control_system,Intelligent temperature control systemIntelligent temperature control system,Intelligent temperature control systemIntelligent temperature control system,50,ASBIS,2026-05-19 15:49:20.093,2026-05-19 15:49:20.093,system,system,true,,
5527,,,type_of_the_accessoriestype_of_the_accessories,Type of the accessoriesType of the accessories,Type of the accessoriesType of the accessories,50,ASBIS,2026-05-19 15:49:20.097,2026-05-19 15:49:20.097,system,system,true,,
5528,,,dimensions_of_the_speed_dry_nozzle_lxwxh_mmdimensions_of_the_speed_dry_nozzle_lxwxh_mm,"Dimensions of the Speed Dry Nozzle LxWxH, mmDimensions of the Speed Dry Nozzle LxWxH, mm","Dimensions of the Speed Dry Nozzle LxWxH, mmDimensions of the Speed Dry Nozzle LxWxH, mm",50,ASBIS,2026-05-19 15:49:20.100,2026-05-19 15:49:20.100,system,system,true,,
5529,,,min_noise_db_measured_at_distance_100_cm_min_noise_db_measured_at_distance_100_cm,"Min. Noise, dB (Measured at distance 100 cm)Min. Noise, dB (Measured at distance 100 cm)","Min. Noise, dB (Measured at distance 100 cm)Min. Noise, dB (Measured at distance 100 cm)",50,ASBIS,2026-05-19 15:49:20.103,2026-05-19 15:49:20.103,system,system,true,,
5530,,,thermostat_modelthermostat_model,Thermostat ModelThermostat Model,Thermostat ModelThermostat Model,50,ASBIS,2026-05-19 15:49:20.106,2026-05-19 15:49:20.106,system,system,true,,
5531,,,infrared_hair_nursinginfrared_hair_nursing,Infrared Hair NursingInfrared Hair Nursing,Infrared Hair NursingInfrared Hair Nursing,50,ASBIS,2026-05-19 15:49:20.108,2026-05-19 15:49:20.108,system,system,true,,
5532,,,quantity_of_fan_bladesquantity_of_fan_blades,Quantity of fan bladesQuantity of fan blades,Quantity of fan bladesQuantity of fan blades,50,ASBIS,2026-05-19 15:49:20.108,2026-05-19 15:49:20.108,system,system,true,,
5487,,,steam_pressure,Парно налягане,Steam Pressure,50,ASBIS,2026-05-19 15:49:19.880,2026-05-19 15:49:19.880,system,system,true,,
5503,,,brass_brush,Месингова четка,Brass Brush,50,ASBIS,2026-05-19 15:49:19.978,2026-05-19 15:49:19.978,system,system,true,,
5505,,,power_interface_quantity,Брой интерфейси за захранване,Power Interface Quantity,50,ASBIS,2026-05-19 15:49:19.983,2026-05-19 15:49:19.983,system,system,true,,
5507,,,squeegee,Стъргалка,Squeegee,50,ASBIS,2026-05-19 15:49:19.986,2026-05-19 15:49:19.986,system,system,true,,
5508,,,heater_coverage_area,Площ на отопление,Heater Coverage Area,50,ASBIS,2026-05-19 15:49:19.988,2026-05-19 15:49:19.988,system,system,true,,
5509,,,bowl_pan_coating,Покритие на купата/тигана,Bowl / Pan Coating,50,ASBIS,2026-05-19 15:49:19.989,2026-05-19 15:49:19.989,system,system,true,,
5510,,,steam_hose_length,Дължина на парния маркуч,Steam Hose Length,50,ASBIS,2026-05-19 15:49:20.005,2026-05-19 15:49:20.005,system,system,true,,
5517,,,built_in_water_filter,Вграден воден филтър,Built-in Water Filter,50,ASBIS,2026-05-19 15:49:20.057,2026-05-19 15:49:20.057,system,system,true,,
5524,,,number_of_temperatures,Брой температурни режими,Number of temperatures,50,ASBIS,2026-05-19 15:49:20.080,2026-05-19 15:49:20.080,system,system,true,,
5533,,,operating_modeoperating_mode,Operating modeOperating mode,Operating modeOperating mode,50,ASBIS,2026-05-19 15:49:20.109,2026-05-19 15:49:20.109,system,system,true,,
5534,,,fan_motor_rated_power_wfan_motor_rated_power_w,"Fan motor Rated power, WFan motor Rated power, W","Fan motor Rated power, WFan motor Rated power, W",50,ASBIS,2026-05-19 15:49:20.111,2026-05-19 15:49:20.111,system,system,true,,
5535,,,ion_power_wion_power_w,"ION Power, WION Power, W","ION Power, WION Power, W",50,ASBIS,2026-05-19 15:49:20.112,2026-05-19 15:49:20.112,system,system,true,,
5536,,,gravity_detectgravity_detect,Gravity DetectGravity Detect,Gravity DetectGravity Detect,50,ASBIS,2026-05-19 15:49:20.116,2026-05-19 15:49:20.116,system,system,true,,
5537,,,ntc_modelntc_model,NTC ModelNTC Model,NTC ModelNTC Model,50,ASBIS,2026-05-19 15:49:20.118,2026-05-19 15:49:20.118,system,system,true,,
5538,,,indicationsindications,IndicationsIndications,IndicationsIndications,50,ASBIS,2026-05-19 15:49:20.119,2026-05-19 15:49:20.119,system,system,true,,
5539,,,thermostat_temperature_cthermostat_temperature_c,"Thermostat Temperature, °CThermostat Temperature, °C","Thermostat Temperature, °CThermostat Temperature, °C",50,ASBIS,2026-05-19 15:49:20.120,2026-05-19 15:49:20.120,system,system,true,,
5540,,,fusefuse,FuseFuse,FuseFuse,50,ASBIS,2026-05-19 15:49:20.121,2026-05-19 15:49:20.121,system,system,true,,
5541,,,dimensions_of_the_smooth_comb_lxwxh_mmdimensions_of_the_smooth_comb_lxwxh_mm,"Dimensions of the Smooth Comb LxWxH, mmDimensions of the Smooth Comb LxWxH, mm","Dimensions of the Smooth Comb LxWxH, mmDimensions of the Smooth Comb LxWxH, mm",50,ASBIS,2026-05-19 15:49:20.122,2026-05-19 15:49:20.122,system,system,true,,
5542,,,fan_motor_modelfan_motor_model,Fan motor ModelFan motor Model,Fan motor ModelFan motor Model,50,ASBIS,2026-05-19 15:49:20.123,2026-05-19 15:49:20.123,system,system,true,,
5543,,,number_of_modesnumber_of_modes,Number of modesNumber of modes,Number of modesNumber of modes,50,ASBIS,2026-05-19 15:49:20.126,2026-05-19 15:49:20.126,system,system,true,,
5544,,,lcd_modellcd_model,LCD ModelLCD Model,LCD ModelLCD Model,50,ASBIS,2026-05-19 15:49:20.129,2026-05-19 15:49:20.129,system,system,true,,
5545,,,accessories_pull_force_naccessories_pull_force_n,"Accessories pull force, NAccessories pull force, N","Accessories pull force, NAccessories pull force, N",50,ASBIS,2026-05-19 15:49:20.131,2026-05-19 15:49:20.131,system,system,true,,
5546,,,dimensions_of_the_styling_nozzle_lxwxh_mmdimensions_of_the_styling_nozzle_lxwxh_mm,"Dimensions of the Styling Nozzle LxWxH, mmDimensions of the Styling Nozzle LxWxH, mm","Dimensions of the Styling Nozzle LxWxH, mmDimensions of the Styling Nozzle LxWxH, mm",50,ASBIS,2026-05-19 15:49:20.138,2026-05-19 15:49:20.138,system,system,true,,
5547,,,max_outlet_temperature_cmax_outlet_temperature_c,"Max. outlet temperature, °CMax. outlet temperature, °C","Max. outlet temperature, °CMax. outlet temperature, °C",50,ASBIS,2026-05-19 15:49:20.142,2026-05-19 15:49:20.142,system,system,true,,
5548,,,wind_speed_in_different_modes_m_swind_speed_in_different_modes_m_s,"Wind speed in different modes, m/sWind speed in different modes, m/s","Wind speed in different modes, m/sWind speed in different modes, m/s",50,ASBIS,2026-05-19 15:49:20.145,2026-05-19 15:49:20.145,system,system,true,,
5549,,,type_of_mounting_accessories_mechanical_magnet_type_of_mounting_accessories_mechanical_magnet,"Type of mounting accessories (mechanical,magnet)Type of mounting accessories (mechanical,magnet)","Type of mounting accessories (mechanical,magnet)Type of mounting accessories (mechanical,magnet)",50,ASBIS,2026-05-19 15:49:20.147,2026-05-19 15:49:20.147,system,system,true,,
5550,,,thermo_fuse_temperature_cthermo_fuse_temperature_c,"Thermo fuse Temperature, °CThermo fuse Temperature, °C","Thermo fuse Temperature, °CThermo fuse Temperature, °C",50,ASBIS,2026-05-19 15:49:20.153,2026-05-19 15:49:20.153,system,system,true,,
5551,,,max_noise_db_measured_at_distance_30_cm_max_noise_db_measured_at_distance_30_cm,"Max. Noise, dB (Measured at distance 30 cm)Max. Noise, dB (Measured at distance 30 cm)","Max. Noise, dB (Measured at distance 30 cm)Max. Noise, dB (Measured at distance 30 cm)",50,ASBIS,2026-05-19 15:49:20.158,2026-05-19 15:49:20.158,system,system,true,,
5552,,,buttonsbuttons,ButtonsButtons,ButtonsButtons,50,ASBIS,2026-05-19 15:49:20.162,2026-05-19 15:49:20.162,system,system,true,,
5553,,,max_wind_speed_distance_200mm_m_s_test_without_nozzles_max_wind_speed_distance_200mm_m_s_test_without_nozzles,"Max wind speed, distance 200mm, m/s (test without Nozzles)Max wind speed, distance 200mm, m/s (test without Nozzles)","Max wind speed, distance 200mm, m/s (test without Nozzles)Max wind speed, distance 200mm, m/s (test without Nozzles)",50,ASBIS,2026-05-19 15:49:20.164,2026-05-19 15:49:20.164,system,system,true,,
5554,,,distance_detect_maximun_distance_30cm_distance_detect_maximun_distance_30cm,Distance Detect (Maximun distance 30CM)Distance Detect (Maximun distance 30CM),Distance Detect (Maximun distance 30CM)Distance Detect (Maximun distance 30CM),50,ASBIS,2026-05-19 15:49:20.165,2026-05-19 15:49:20.165,system,system,true,,
5555,,,dimensions_of_the_anti_wrap_nozzle_lxwxh_mmdimensions_of_the_anti_wrap_nozzle_lxwxh_mm,"Dimensions of the Anti-wrap Nozzle LxWxH, mmDimensions of the Anti-wrap Nozzle LxWxH, mm","Dimensions of the Anti-wrap Nozzle LxWxH, mmDimensions of the Anti-wrap Nozzle LxWxH, mm",50,ASBIS,2026-05-19 15:49:20.168,2026-05-19 15:49:20.168,system,system,true,,
5556,,,power_of_the_heater_w_power_of_the_heater_w,Power of the heater (<W)Power of the heater (<W),Power of the heater (<W)Power of the heater (<W),50,ASBIS,2026-05-19 15:49:20.169,2026-05-19 15:49:20.169,system,system,true,,
5557,,,min_noise_db_measured_at_distance_30_cm_min_noise_db_measured_at_distance_30_cm,"Min. Noise, dB (Measured at distance 30 cm)Min. Noise, dB (Measured at distance 30 cm)","Min. Noise, dB (Measured at distance 30 cm)Min. Noise, dB (Measured at distance 30 cm)",50,ASBIS,2026-05-19 15:49:20.171,2026-05-19 15:49:20.171,system,system,true,,
5558,,,fan_motor_rotation_speed_rpmfan_motor_rotation_speed_rpm,"Fan motor rotation speed, RPMFan motor rotation speed, RPM","Fan motor rotation speed, RPMFan motor rotation speed, RPM",50,ASBIS,2026-05-19 15:49:20.176,2026-05-19 15:49:20.176,system,system,true,,
5559,,,heating_element_typeheating_element_type,Heating element typeHeating element type,Heating element typeHeating element type,50,ASBIS,2026-05-19 15:49:20.178,2026-05-19 15:49:20.178,system,system,true,,
5560,,,ionisator_modelionisator_model,Ionisator modelIonisator model,Ionisator modelIonisator model,50,ASBIS,2026-05-19 15:49:20.184,2026-05-19 15:49:20.184,system,system,true,,
5561,,,power_cord_plug_typepower_cord_plug_type,"Power cord, Plug TypePower cord, Plug Type","Power cord, Plug TypePower cord, Plug Type",50,ASBIS,2026-05-19 15:49:20.192,2026-05-19 15:49:20.192,system,system,true,,
5562,,,max_noise_db_measured_at_distance_100_cm_max_noise_db_measured_at_distance_100_cm,"Max. Noise, dB (Measured at distance 100 cm)Max. Noise, dB (Measured at distance 100 cm)","Max. Noise, dB (Measured at distance 100 cm)Max. Noise, dB (Measured at distance 100 cm)",50,ASBIS,2026-05-19 15:49:20.196,2026-05-19 15:49:20.196,system,system,true,,
5563,,,time_to_convert_hot_air_to_cold_airtime_to_convert_hot_air_to_cold_air,Time to convert hot air to cold airTime to convert hot air to cold air,Time to convert hot air to cold airTime to convert hot air to cold air,50,ASBIS,2026-05-19 15:49:20.199,2026-05-19 15:49:20.199,system,system,true,,
5564,,,dimensions_of_the_diffuser_lxwxh_mmdimensions_of_the_diffuser_lxwxh_mm,"Dimensions of the Diffuser LxWxH, mmDimensions of the Diffuser LxWxH, mm","Dimensions of the Diffuser LxWxH, mmDimensions of the Diffuser LxWxH, mm",50,ASBIS,2026-05-19 15:49:20.201,2026-05-19 15:49:20.201,system,system,true,,
5567,,,unit_of_measure,Unit of Measure,Unit of Measure,50,ASBIS,2026-05-19 15:49:20.215,2026-05-19 15:49:20.215,system,system,true,,
5568,,,четка,Четка,Четка,50,ASBIS,2026-05-19 15:49:20.216,2026-05-19 15:49:20.216,system,system,true,,
7075,,,максимална_резолюция,Максимална резолюция,Максимална резолюция,94,ASBIS,2026-06-03 02:13:38.172,2026-08-20 09:55:41.360,system,d.eshanovski@gmail.com,true,,
5572,,,pa66_30,PA66+30%,PA66+30%,50,ASBIS,2026-05-19 15:49:20.231,2026-05-19 15:49:20.231,system,system,true,,
5573,,,pps,PPS,PPS,50,ASBIS,2026-05-19 15:49:20.232,2026-05-19 15:49:20.232,system,system,true,,
5574,,,measuring_jar,Measuring Jar,Measuring Jar,50,ASBIS,2026-05-19 15:49:20.234,2026-05-19 15:49:20.234,system,system,true,,
5575,,,производителност,Производителност,Производителност,50,ASBIS,2026-05-19 15:49:20.235,2026-05-19 15:49:20.235,system,system,true,,
5576,,,chopper_bowl,Chopper Bowl,Chopper Bowl,50,ASBIS,2026-05-19 15:49:20.236,2026-05-19 15:49:20.236,system,system,true,,
5577,,,pe,PE,PE,50,ASBIS,2026-05-19 15:49:20.238,2026-05-19 15:49:20.238,system,system,true,,
5578,,,pa66_15_gf,PA66+15%GF,PA66+15%GF,50,ASBIS,2026-05-19 15:49:20.239,2026-05-19 15:49:20.239,system,system,true,,
5579,,,pa,PA,PA,50,ASBIS,2026-05-19 15:49:20.241,2026-05-19 15:49:20.241,system,system,true,,
5581,,,heater_elements,Heater Elements,Heater Elements,50,ASBIS,2026-05-19 15:49:20.243,2026-05-19 15:49:20.243,system,system,true,,
5582,,,pbt_10_gf,PBT+10%GF,PBT+10%GF,50,ASBIS,2026-05-19 15:49:20.246,2026-05-19 15:49:20.246,system,system,true,,
5584,,,pbt_30_gf,PBT+30%GF,PBT+30%GF,50,ASBIS,2026-05-19 15:49:20.251,2026-05-19 15:49:20.251,system,system,true,,
5586,,,функция_за_повикване,Функция за повикване,Функция за повикване,50,ASBIS,2026-05-19 15:49:20.256,2026-05-19 15:49:20.256,system,system,true,,
5589,,,интерфейс_wi_fi,Интерфейс Wi-Fi,Интерфейс Wi-Fi,50,ASBIS,2026-05-19 15:49:20.300,2026-05-19 15:49:20.300,system,system,true,,
5590,,,мобилни_мрежови_протоколи,Мобилни мрежови протоколи,Мобилни мрежови протоколи,50,ASBIS,2026-05-19 15:49:20.314,2026-05-19 15:49:20.314,system,system,true,,
5591,,,дигитална_камера,Дигитална камера,Дигитална камера,50,ASBIS,2026-05-19 15:49:20.321,2026-05-19 15:49:20.321,system,system,true,,
5592,,,флаш_карта,Флаш карта,Флаш карта,50,ASBIS,2026-05-19 15:49:20.331,2026-05-19 15:49:20.331,system,system,true,,
5593,,,мобилни_мрежи,Мобилни мрежи,Мобилни мрежи,50,ASBIS,2026-05-19 15:49:20.345,2026-05-19 15:49:20.345,system,system,true,,
5596,,,dimensions_of_pallet_by_air,Dimensions of pallet (by air),Dimensions of pallet (by air),50,ASBIS,2026-05-19 15:49:20.352,2026-05-19 15:49:20.352,system,system,true,,
5599,,,display_features,Display Features,Display Features,50,ASBIS,2026-05-19 15:49:20.356,2026-05-19 15:49:20.356,system,system,true,,
5612,,,sim_card_type,SIM Card Type,SIM Card Type,50,ASBIS,2026-05-19 15:49:20.382,2026-05-19 15:49:20.382,system,system,true,,
5616,,,dimensions_of_pallet_by_sea,Dimensions of pallet (by sea),Dimensions of pallet (by sea),50,ASBIS,2026-05-19 15:49:20.394,2026-05-19 15:49:20.394,system,system,true,,
5620,,,звукови_функции,Звукови функции,Звукови функции,50,ASBIS,2026-05-19 15:49:20.406,2026-05-19 15:49:20.406,system,system,true,,
5566,,,quantity_of_removable_trays,Брой сменяеми тави,Quantity of Removable Trays,50,ASBIS,2026-05-19 15:49:20.211,2026-05-19 15:49:20.211,system,system,true,,
5569,,,nozzles,Дюзи,Nozzles,50,ASBIS,2026-05-19 15:49:20.222,2026-05-19 15:49:20.222,system,system,true,,
5570,,,suction_speed,Скорост на засмукване,Suction Speed,50,ASBIS,2026-05-19 15:49:20.226,2026-05-19 15:49:20.226,system,system,true,,
5571,,,working_surface_material,Материал на работната повърхност,Working Surface Material,50,ASBIS,2026-05-19 15:49:20.230,2026-05-19 15:49:20.230,system,system,true,,
5580,,,quantity_of_operating_modes,Брой работни режими,Quantity of Operating Modes,50,ASBIS,2026-05-19 15:49:20.242,2026-05-19 15:49:20.242,system,system,true,,
5583,,,oven_type,Тип фурна,Oven Type,50,ASBIS,2026-05-19 15:49:20.247,2026-05-19 15:49:20.247,system,system,true,,
5585,,,oven_capacity,Капацитет на фурната,Oven Capacity,50,ASBIS,2026-05-19 15:49:20.254,2026-05-19 15:49:20.254,system,system,true,,
5587,,,network_type,Тип мрежа,Network Type,50,ASBIS,2026-05-19 15:49:20.258,2026-05-19 15:49:20.258,system,system,true,,
5588,,,series_and_family,Серия и фамилия,Series and Family,50,ASBIS,2026-05-19 15:49:20.261,2026-05-19 15:49:20.261,system,system,true,,
5594,,,manufacturer_article,Артикул на производителя,Manufacturer Article,50,ASBIS,2026-05-19 15:49:20.348,2026-05-19 15:49:20.348,system,system,true,,
5595,,,display_technology,Технология на дисплея,Display Technology,50,ASBIS,2026-05-19 15:49:20.349,2026-05-19 15:49:20.349,system,system,true,,
5597,,,battery_current_capacity,Текущ капацитет на батерията,Battery Current Capacity,50,ASBIS,2026-05-19 15:49:20.353,2026-05-19 15:49:20.353,system,system,true,,
5598,,,mobile_network_bands,Честотни ленти на мобилната мрежа,Mobile Network Bands,50,ASBIS,2026-05-19 15:49:20.355,2026-05-19 15:49:20.355,system,system,true,,
5600,,,interface_wi_fi,Wi-Fi интерфейс,Interface Wi-Fi,50,ASBIS,2026-05-19 15:49:20.358,2026-05-19 15:49:20.358,system,system,true,,
5601,,,flash_card,Flash карта,Flash Card,50,ASBIS,2026-05-19 15:49:20.359,2026-05-19 15:49:20.359,system,system,true,,
5602,,,call_function,Функция за обаждане,Call Function,50,ASBIS,2026-05-19 15:49:20.360,2026-05-19 15:49:20.360,system,system,true,,
5603,,,interface_usb,USB интерфейс,Interface USB,50,ASBIS,2026-05-19 15:49:20.361,2026-05-19 15:49:20.361,system,system,true,,
5606,,,battery_technology,Технология на батерията,Battery Technology,50,ASBIS,2026-05-19 15:49:20.369,2026-05-19 15:49:20.369,system,system,true,,
5608,,,interface_bluetooth,Bluetooth интерфейс,Interface Bluetooth,50,ASBIS,2026-05-19 15:49:20.371,2026-05-19 15:49:20.371,system,system,true,,
5609,,,nominal_weight,Номинално тегло,Nominal Weight,50,ASBIS,2026-05-19 15:49:20.373,2026-05-19 15:49:20.373,system,system,true,,
5611,,,internal_memory_size,Размер на вътрешната памет,Internal Memory Size,50,ASBIS,2026-05-19 15:49:20.380,2026-05-19 15:49:20.380,system,system,true,,
5614,,,camera_resolution,Резолюция на камерата,Camera Resolution,50,ASBIS,2026-05-19 15:49:20.390,2026-05-19 15:49:20.390,system,system,true,,
5617,,,cpu_internal_clock_rate,Вътрешна тактова честота на CPU,CPU Internal Clock Rate,50,ASBIS,2026-05-19 15:49:20.395,2026-05-19 15:49:20.395,system,system,true,,
5618,,,installed_ram_storage_capacity,Инсталиран обем RAM,Installed RAM Storage Capacity,50,ASBIS,2026-05-19 15:49:20.398,2026-05-19 15:49:20.398,system,system,true,,
5621,,,час_на_възпроизвеждане_на_батерията,Час на възпроизвеждане на батерията,Час на възпроизвеждане на батерията,50,ASBIS,2026-05-19 15:49:20.415,2026-05-19 15:49:20.415,system,system,true,,
7076,,,материал_на_рамката,Материал на рамката,Материал на рамката,50,ASBIS,2026-06-03 02:13:38.356,2026-06-03 02:13:38.356,system,system,true,,
7077,,,as_2200,AS 2200,AS 2200,50,ASBIS,2026-06-03 02:13:38.418,2026-06-03 02:13:38.418,system,system,true,,
5625,,,време_за_разговор,Време за разговор,Време за разговор,50,ASBIS,2026-05-19 15:49:20.431,2026-05-19 15:49:20.431,system,system,true,,
5626,,,инсталирани_приложения,Инсталирани приложения,Инсталирани приложения,50,ASBIS,2026-05-19 15:49:20.437,2026-05-19 15:49:20.437,system,system,true,,
5627,,,предна_светкавица,Предна светкавица,Предна светкавица,50,ASBIS,2026-05-19 15:49:20.444,2026-05-19 15:49:20.444,system,system,true,,
5634,,,tws_mode,TWS Mode,TWS Mode,50,ASBIS,2026-05-19 15:49:20.453,2026-05-19 15:49:20.453,system,system,true,,
5644,,,playtime_earbuds,Playtime (Earbuds),Playtime (Earbuds),50,ASBIS,2026-05-19 15:49:20.480,2026-05-19 15:49:20.480,system,system,true,,
5651,,,usb_портове_брой,USB портове брой,USB портове брой,50,ASBIS,2026-05-19 15:49:20.490,2026-05-19 15:49:20.490,system,system,true,,
5652,,,брой_bluetooth_интерфейси,Брой Bluetooth интерфейси,Брой Bluetooth интерфейси,50,ASBIS,2026-05-19 15:49:20.491,2026-05-19 15:49:20.491,system,system,true,,
5653,,,брой_интерфейси_за_микрофон,Брой интерфейси за микрофон,Брой интерфейси за микрофон,50,ASBIS,2026-05-19 15:49:20.493,2026-05-19 15:49:20.493,system,system,true,,
5654,,,chargering_case_charger_time,Chargering Case Charger Time,Chargering Case Charger Time,50,ASBIS,2026-05-19 15:49:20.494,2026-05-19 15:49:20.494,system,system,true,,
5655,,,chargering_case_battery_current_capacity,Chargering Case Battery Current Capacity,Chargering Case Battery Current Capacity,50,ASBIS,2026-05-19 15:49:20.496,2026-05-19 15:49:20.496,system,system,true,,
5656,,,максимално_време_за_отговор,Максимално време за отговор,Максимално време за отговор,50,ASBIS,2026-05-19 15:49:20.498,2026-05-19 15:49:20.498,system,system,true,,
5658,,,разположение_на_екрана,Разположение на екрана,Разположение на екрана,50,ASBIS,2026-05-19 15:49:20.506,2026-05-19 15:49:20.506,system,system,true,,
5661,,,a_v_out,A/V-Out,A/V-Out,50,ASBIS,2026-05-19 15:49:20.517,2026-05-19 15:49:20.517,system,system,true,,
5664,,,hdmi_in_2_0,HDMI In 2.0,HDMI In 2.0,50,ASBIS,2026-05-19 15:49:20.525,2026-05-19 15:49:20.525,system,system,true,,
5666,,,монтажен_комплект,Монтажен комплект,Монтажен комплект,50,ASBIS,2026-05-19 15:49:20.529,2026-05-19 15:49:20.529,system,system,true,,
5623,,,screen_rotation,Въртене на екрана,Screen rotation,50,ASBIS,2026-05-19 15:49:20.425,2026-05-19 15:49:20.425,system,system,true,,
5624,,,gpu_speed,Честота на GPU,GPU Speed,50,ASBIS,2026-05-19 15:49:20.427,2026-05-19 15:49:20.427,system,system,true,,
5628,,,base_charge,Базово зареждане,Base Charge,50,ASBIS,2026-05-19 15:49:20.446,2026-05-19 15:49:20.446,system,system,true,,
5630,,,interface_hdmi,HDMI интерфейс,Interface HDMI,50,ASBIS,2026-05-19 15:49:20.449,2026-05-19 15:49:20.449,system,system,true,,
5631,,,removable_battery_current_capacity,Текущ капацитет на сменяемата батерия,Removable Battery Current Capacity,50,ASBIS,2026-05-19 15:49:20.450,2026-05-19 15:49:20.450,system,system,true,,
5632,,,drop_height,Височина на падане,Drop Height,50,ASBIS,2026-05-19 15:49:20.450,2026-05-19 15:49:20.450,system,system,true,,
5633,,,adjustment,Настройка,Adjustment,50,ASBIS,2026-05-19 15:49:20.451,2026-05-19 15:49:20.451,system,system,true,,
5635,,,connectivity_options,Опции за свързаност,Connectivity Options,50,ASBIS,2026-05-19 15:49:20.454,2026-05-19 15:49:20.454,system,system,true,,
5636,,,reset_pairing_reset_button,Бутон за нулиране/сдвояване,Reset / Pairing Reset Button,50,ASBIS,2026-05-19 15:49:20.460,2026-05-19 15:49:20.460,system,system,true,,
5637,,,total_playtime_with_case,Общо времетраене с калъф,Total Playtime with case,50,ASBIS,2026-05-19 15:49:20.464,2026-05-19 15:49:20.464,system,system,true,,
5638,,,purpose_use_case,Предназначение / Употреба,Purpose / Use case,50,ASBIS,2026-05-19 15:49:20.468,2026-05-19 15:49:20.468,system,system,true,,
5639,,,fast_charging,Бързо зареждане,Fast Charging,50,ASBIS,2026-05-19 15:49:20.471,2026-05-19 15:49:20.471,system,system,true,,
5641,,,active_noise_cancellation_anc,Активно шумопотискане (ANC),Active Noise Cancellation (ANC),50,ASBIS,2026-05-19 15:49:20.476,2026-05-19 15:49:20.476,system,system,true,,
5642,,,call_noise_cancellation_enc,Шумопотискане при разговори (ENC),Call Noise Cancellation (ENC),50,ASBIS,2026-05-19 15:49:20.477,2026-05-19 15:49:20.477,system,system,true,,
5643,,,wireless_charging,Безжично зареждане,Wireless Charging,50,ASBIS,2026-05-19 15:49:20.478,2026-05-19 15:49:20.478,system,system,true,,
5645,,,audio_system_type,Тип аудио система,Audio System Type,50,ASBIS,2026-05-19 15:49:20.484,2026-05-19 15:49:20.484,system,system,true,,
5646,,,destination,Предназначение,Destination,50,ASBIS,2026-05-19 15:49:20.485,2026-05-19 15:49:20.485,system,system,true,,
5647,,,microphone_form_factor,Форм фактор на микрофона,Microphone Form Factor,50,ASBIS,2026-05-19 15:49:20.485,2026-05-19 15:49:20.485,system,system,true,,
5648,,,in_cord_control,Управление от кабела,In-Cord Control,50,ASBIS,2026-05-19 15:49:20.486,2026-05-19 15:49:20.486,system,system,true,,
5650,,,connectivity_technology,Технология за свързаност,Connectivity Technology,50,ASBIS,2026-05-19 15:49:20.489,2026-05-19 15:49:20.489,system,system,true,,
5657,,,standard_power_consumption_energy_star,Стандартна консумация (Energy Star),Standard power consumption (Energy Star),50,ASBIS,2026-05-19 15:49:20.501,2026-05-19 15:49:20.501,system,system,true,,
5659,,,life_time,Живот на продукта,Life Time,50,ASBIS,2026-05-19 15:49:20.508,2026-05-19 15:49:20.508,system,system,true,,
5662,,,sensing_type,Тип сензиране,Sensing Type,50,ASBIS,2026-05-19 15:49:20.518,2026-05-19 15:49:20.518,system,system,true,,
5663,,,touch_port,Сензорен порт,Touch Port,50,ASBIS,2026-05-19 15:49:20.522,2026-05-19 15:49:20.522,system,system,true,,
5665,,,touch_point,Сензорна точка,Touch Point,50,ASBIS,2026-05-19 15:49:20.527,2026-05-19 15:49:20.527,system,system,true,,
5667,,,multi_touch,Мулти-тъч,Multi-touch,50,ASBIS,2026-05-19 15:49:20.531,2026-05-19 15:49:20.531,system,system,true,,
5668,,,emmc,eMMC памет,EMMC,50,ASBIS,2026-05-19 15:49:20.532,2026-05-19 15:49:20.532,system,system,true,,
5669,,,wi_fi_standard,Wi-Fi стандарт,Wi-Fi Standard,50,ASBIS,2026-05-19 15:49:20.534,2026-05-19 15:49:20.534,system,system,true,,
7078,,,pom_090,POM 090,POM 090,50,ASBIS,2026-06-03 02:13:38.424,2026-06-03 02:13:38.424,system,system,true,,
5675,,,технология_на_лампата,Технология на лампата,Технология на лампата,50,ASBIS,2026-05-19 15:49:20.542,2026-05-19 15:49:20.542,system,system,true,,
5678,,,форма_за_гледане_на_случай,Форма за гледане на случай,Форма за гледане на случай,50,ASBIS,2026-05-19 15:49:20.555,2026-05-19 15:49:20.555,system,system,true,,
5680,,,сваляща_се_презрамка,Сваляща се презрамка,Сваляща се презрамка,50,ASBIS,2026-05-19 15:49:20.581,2026-05-19 15:49:20.581,system,system,true,,
5682,,,дисплей_за_време,Дисплей за време,Дисплей за време,50,ASBIS,2026-05-19 15:49:20.584,2026-05-19 15:49:20.584,system,system,true,,
5683,,,use_time,Use Time,Use Time,50,ASBIS,2026-05-19 15:49:20.586,2026-05-19 15:49:20.586,system,system,true,,
5684,,,размер_на_лентата,Размер на лентата,Размер на лентата,50,ASBIS,2026-05-19 15:49:20.593,2026-05-19 15:49:20.593,system,system,true,,
5685,,,височина_на_часовника,Височина на часовника,Височина на часовника,50,ASBIS,2026-05-19 15:49:20.599,2026-05-19 15:49:20.599,system,system,true,,
5686,,,каишка,Каишка,Каишка,50,ASBIS,2026-05-19 15:49:20.609,2026-05-19 15:49:20.609,system,system,true,,
5687,,,инсталирана_флаш_карта,Инсталирана флаш карта,Инсталирана флаш карта,50,ASBIS,2026-05-19 15:49:20.619,2026-05-19 15:49:20.619,system,system,true,,
5690,,,detecting_distance_sensitivity,Detecting Distance (Sensitivity),Detecting Distance (Sensitivity),50,ASBIS,2026-05-19 15:49:20.629,2026-05-19 15:49:20.629,system,system,true,,
5695,,,работна_честота_ghz,Работна честота (GHz),Работна честота (GHz),50,ASBIS,2026-05-19 15:49:20.637,2026-05-19 15:49:20.637,system,system,true,,
5699,,,функции_на_часовника,Функции на часовника,Функции на часовника,50,ASBIS,2026-05-19 15:49:20.645,2026-05-19 15:49:20.645,system,system,true,,
5701,,,поддържа_мрежов_протокол,Поддържа мрежов протокол,Поддържа мрежов протокол,50,ASBIS,2026-05-19 15:49:20.654,2026-05-19 15:49:20.654,system,system,true,,
5704,,,работна_околна_температура,Работна околна температура,Работна околна температура,50,ASBIS,2026-05-19 15:49:20.660,2026-05-19 15:49:20.660,system,system,true,,
5707,,,color_change_function,Color Change Function,Color Change Function,50,ASBIS,2026-05-19 15:49:20.666,2026-05-19 15:49:20.666,system,system,true,,
5709,,,dimming,Dimming,Dimming,50,ASBIS,2026-05-19 15:49:20.672,2026-05-19 15:49:20.672,system,system,true,,
5718,,,термозащита,Термозащита,Термозащита,50,ASBIS,2026-05-19 15:49:20.701,2026-05-19 15:49:20.701,system,system,true,,
5719,,,защита_от_претоварване,Защита от претоварване,Защита от претоварване,50,ASBIS,2026-05-19 15:49:20.704,2026-05-19 15:49:20.704,system,system,true,,
5671,,,touch,Сензорен,Touch,50,ASBIS,2026-05-19 15:49:20.537,2026-05-19 15:49:20.537,system,system,true,,
5672,,,power_adatper_type,Тип захранващ адаптер,Power Adatper Type,50,ASBIS,2026-05-19 15:49:20.538,2026-05-19 15:49:20.538,system,system,true,,
5673,,,wireless_interface,Безжичен интерфейс,Wireless Interface,50,ASBIS,2026-05-19 15:49:20.540,2026-05-19 15:49:20.540,system,system,true,,
5676,,,luminous_flux,Светлинен поток,Luminous Flux,50,ASBIS,2026-05-19 15:49:20.544,2026-05-19 15:49:20.544,system,system,true,,
5677,,,strap_material,Материал на каишката,Strap Material,50,ASBIS,2026-05-19 15:49:20.546,2026-05-19 15:49:20.546,system,system,true,,
5679,,,notifications,Известия,Notifications,50,ASBIS,2026-05-19 15:49:20.578,2026-05-19 15:49:20.578,system,system,true,,
5681,,,firmware_languages_list,Езици на фърмуера,Firmware Languages List,50,ASBIS,2026-05-19 15:49:20.583,2026-05-19 15:49:20.583,system,system,true,,
5688,,,door_lock,Брава на вратата,Door Lock,50,ASBIS,2026-05-19 15:49:20.621,2026-05-19 15:49:20.621,system,system,true,,
5689,,,keypad,Цифрова клавиатура,Keypad,50,ASBIS,2026-05-19 15:49:20.626,2026-05-19 15:49:20.626,system,system,true,,
5691,,,image_sensor_part_number,Номер на сензора на изображението,Image Sensor Part number,50,ASBIS,2026-05-19 15:49:20.631,2026-05-19 15:49:20.631,system,system,true,,
5692,,,communication_protocol,Комуникационен протокол,Communication Protocol,50,ASBIS,2026-05-19 15:49:20.633,2026-05-19 15:49:20.633,system,system,true,,
5693,,,socket_type,Тип сокет,Socket Type,50,ASBIS,2026-05-19 15:49:20.635,2026-05-19 15:49:20.635,system,system,true,,
5697,,,main_stream_video_resolution,Резолюция на основния видеопоток,Main Stream Video Resolution,50,ASBIS,2026-05-19 15:49:20.640,2026-05-19 15:49:20.640,system,system,true,,
5698,,,antenna_zigbee,Антена ZigBee,Antenna ZigBee,50,ASBIS,2026-05-19 15:49:20.643,2026-05-19 15:49:20.643,system,system,true,,
5700,,,max_load_current,Макс. натоварващ ток,Max. Load Current,50,ASBIS,2026-05-19 15:49:20.652,2026-05-19 15:49:20.652,system,system,true,,
5702,,,smart_device_type,Тип умно устройство,Smart Device Type,50,ASBIS,2026-05-19 15:49:20.656,2026-05-19 15:49:20.656,system,system,true,,
5703,,,smart_device_connection_technology,Технология за свързване на умно устройство,Smart Device Connection Technology,50,ASBIS,2026-05-19 15:49:20.659,2026-05-19 15:49:20.659,system,system,true,,
5705,,,operating_ambient_humidity,Работна влажност на средата,Operating Ambient Humidity,50,ASBIS,2026-05-19 15:49:20.663,2026-05-19 15:49:20.663,system,system,true,,
5708,,,led_set,LED комплект,LED Set,50,ASBIS,2026-05-19 15:49:20.668,2026-05-19 15:49:20.668,system,system,true,,
5710,,,plug_type,Тип щепсел,Plug Type,50,ASBIS,2026-05-19 15:49:20.675,2026-05-19 15:49:20.675,system,system,true,,
5711,,,transmitting_power_dbm,Предавателна мощност (dBm),Transmitting Power (dBm),50,ASBIS,2026-05-19 15:49:20.677,2026-05-19 15:49:20.677,system,system,true,,
5712,,,operating_frequency_band,Работна честотна лента,Operating Frequency Band,50,ASBIS,2026-05-19 15:49:20.680,2026-05-19 15:49:20.680,system,system,true,,
5714,,,cellular,Клетъчна мрежа,Cellular,50,ASBIS,2026-05-19 15:49:20.684,2026-05-19 15:49:20.684,system,system,true,,
5715,,,smart_antenna_type,Тип интелигентна антена,Smart Antenna Type,50,ASBIS,2026-05-19 15:49:20.687,2026-05-19 15:49:20.687,system,system,true,,
5716,,,wep_wpa2_encryption,WEP/WPA2 криптиране,WEP/WPA2 Encryption,50,ASBIS,2026-05-19 15:49:20.693,2026-05-19 15:49:20.693,system,system,true,,
5720,,,контрол_на_напрежение_ток_и_мощност,"Контрол на напрежение, ток и мощност","Контрол на напрежение, ток и мощност",50,ASBIS,2026-05-19 15:49:20.706,2026-05-19 15:49:20.706,system,system,true,,
5739,,,optane_memory_capacity,Капацитет на Optane памет,Optane Memory Capacity,50,ASBIS,2026-05-19 15:49:20.759,2026-05-19 15:49:20.759,system,system,true,,
5745,,,data_transfer_rate,Скорост на пренос на данни,Data Transfer Rate,50,ASBIS,2026-05-19 15:49:20.847,2026-05-19 15:49:20.847,system,system,true,,
5748,,,flash_memory_read_data_transfer_rate,Скорост на четене на Flash,Flash Memory Read Data Transfer Rate,50,ASBIS,2026-05-19 15:49:20.850,2026-05-19 15:49:20.850,system,system,true,,
5749,,,flash_memory_write_data_transfer_rate,Скорост на запис на Flash,Flash Memory Write Data Transfer Rate,50,ASBIS,2026-05-19 15:49:20.851,2026-05-19 15:49:20.851,system,system,true,,
5726,,,connection_range,Connection Range,Connection Range,50,ASBIS,2026-05-19 15:49:20.716,2026-05-19 15:49:20.716,system,system,true,,
5727,,,живот_на_лампата,Живот на лампата,Живот на лампата,50,ASBIS,2026-05-19 15:49:20.718,2026-05-19 15:49:20.718,system,system,true,,
5750,,,lifetime,Продължителност на живот,Lifetime,50,ASBIS,2026-05-19 15:49:20.853,2026-05-19 15:49:20.853,system,system,true,,
5751,,,driving_method,Метод на задвижване,Driving Method,50,ASBIS,2026-05-19 15:49:20.854,2026-05-19 15:49:20.854,system,system,true,,
5753,,,gripping_force_per_jaw,Захватна сила (на захват),Gripping Force (per jaw),50,ASBIS,2026-05-19 15:49:20.857,2026-05-19 15:49:20.857,system,system,true,,
5731,,,радиус_на_свързване,Радиус на свързване,Радиус на свързване,50,ASBIS,2026-05-19 15:49:20.730,2026-05-19 15:49:20.730,system,system,true,,
5754,,,stroke,Ход,Stroke,50,ASBIS,2026-05-19 15:49:20.859,2026-05-19 15:49:20.859,system,system,true,,
5755,,,type_of_robot_arm_gripper,Тип захват на роботизираната ръка,Type of Robot Arm Gripper,50,ASBIS,2026-05-19 15:49:20.861,2026-05-19 15:49:20.861,system,system,true,,
5734,,,ssd_controller,SSD Controller,SSD Controller,50,ASBIS,2026-05-19 15:49:20.734,2026-05-19 15:49:20.734,system,system,true,,
5735,,,ssd_cooling_method,SSD Cooling Method,SSD Cooling Method,50,ASBIS,2026-05-19 15:49:20.739,2026-05-19 15:49:20.739,system,system,true,,
5756,,,repeatability,Повторяемост (±),Repeatability (±),50,ASBIS,2026-05-19 15:49:20.863,2026-05-19 15:49:20.863,system,system,true,,
5737,,,m_2_interface_quantity,M.2 Interface Quantity,M.2 Interface Quantity,50,ASBIS,2026-05-19 15:49:20.752,2026-05-19 15:49:20.752,system,system,true,,
5738,,,брой_usb3_0_интерфейси,Брой USB3.0 интерфейси,Брой USB3.0 интерфейси,50,ASBIS,2026-05-19 15:49:20.756,2026-05-19 15:49:20.756,system,system,true,,
5743,1931,,connector,Конектор,Connector,50,ASBIS,2026-05-19 15:49:20.841,2026-06-03 01:02:24.762,system,system,true,,
5740,,,флаш_памет_скорост_на_четене,Флаш памет - Скорост на четене,Флаш памет - Скорост на четене,50,ASBIS,2026-05-19 15:49:20.763,2026-05-19 15:49:20.763,system,system,true,,
5741,,,флаш_памет_скорост_на_запис,Флаш памет - Скорост на запис,Флаш памет - Скорост на запис,50,ASBIS,2026-05-19 15:49:20.786,2026-05-19 15:49:20.786,system,system,true,,
5742,,,стойност_за_клас_скорост,Стойност за клас скорост,Стойност за клас скорост,50,ASBIS,2026-05-19 15:49:20.820,2026-05-19 15:49:20.820,system,system,true,,
7096,,,sound_capture_radius,Sound capture radius,Sound capture radius,50,ASBIS,2026-06-17 01:42:39.046,2026-06-17 01:42:39.046,system,system,true,,
5744,,,издръжливост,Издръжливост,Издръжливост,50,ASBIS,2026-05-19 15:49:20.846,2026-05-19 15:49:20.846,system,system,true,,
5758,,,communication_types,Видове комуникация,Communication Types,50,ASBIS,2026-05-19 15:49:20.871,2026-05-19 15:49:20.871,system,system,true,,
5747,,,usb_тип_конектор,USB тип конектор,USB тип конектор,50,ASBIS,2026-05-19 15:49:20.849,2026-05-19 15:49:20.849,system,system,true,,
5757,,,opening_closing_time,Opening/Closing Time,Opening/Closing Time,50,ASBIS,2026-05-19 15:49:20.866,2026-05-19 15:49:20.866,system,system,true,,
5721,,,luminous_efficacy,Светлинна ефективност,Luminous Efficacy,50,ASBIS,2026-05-19 15:49:20.708,2026-05-19 15:49:20.708,system,system,true,,
5722,,,color_rendering_index,Индекс на цветопредаване (CRI),Color Rendering Index,50,ASBIS,2026-05-19 15:49:20.709,2026-05-19 15:49:20.709,system,system,true,,
5723,,,wattage,Мощност (W),Wattage,50,ASBIS,2026-05-19 15:49:20.710,2026-05-19 15:49:20.710,system,system,true,,
5724,,,beam_angle,Ъгъл на лъча,Beam Angle,50,ASBIS,2026-05-19 15:49:20.711,2026-05-19 15:49:20.711,system,system,true,,
5728,,,energy_efficiency_class,Клас на енергийна ефективност,Energy Efficiency Class,50,ASBIS,2026-05-19 15:49:20.721,2026-05-19 15:49:20.721,system,system,true,,
5729,,,shape_type,Тип форма,Shape Type,50,ASBIS,2026-05-19 15:49:20.724,2026-05-19 15:49:20.724,system,system,true,,
5732,,,operating_voltage,Работно напрежение,Operating Voltage,50,ASBIS,2026-05-19 15:49:20.731,2026-05-19 15:49:20.731,system,system,true,,
5733,,,active_side,Активна страна,Active Side,50,ASBIS,2026-05-19 15:49:20.732,2026-05-19 15:49:20.732,system,system,true,,
5736,,,lithography,Литография,Lithography,50,ASBIS,2026-05-19 15:49:20.746,2026-05-19 15:49:20.746,system,system,true,,
5759,,,robot_operating_system,Операционна система на робота,Robot Operating System,50,ASBIS,2026-05-19 15:49:20.873,2026-05-19 15:49:20.873,system,system,true,,
5760,,,joint_1,Става 1,Joint 1,50,ASBIS,2026-05-19 15:49:20.876,2026-05-19 15:49:20.876,system,system,true,,
5761,,,joint_4,Става 4,Joint 4,50,ASBIS,2026-05-19 15:49:20.889,2026-05-19 15:49:20.889,system,system,true,,
5762,,,joint_5,Става 5,Joint 5,50,ASBIS,2026-05-19 15:49:20.894,2026-05-19 15:49:20.894,system,system,true,,
5763,,,joint_2,Става 2,Joint 2,50,ASBIS,2026-05-19 15:49:20.896,2026-05-19 15:49:20.896,system,system,true,,
5764,,,joint_3,Става 3,Joint 3,50,ASBIS,2026-05-19 15:49:20.898,2026-05-19 15:49:20.898,system,system,true,,
5765,,,maximum_payload,Максимален полезен товар,Maximum Payload,50,ASBIS,2026-05-19 15:49:20.899,2026-05-19 15:49:20.899,system,system,true,,
5767,,,cobot_arm,Кобот рамо,Cobot Arm,50,ASBIS,2026-05-19 15:49:20.902,2026-05-19 15:49:20.902,system,system,true,,
5768,,,maximum_reach,Максимален обхват,Maximum Reach,50,ASBIS,2026-05-19 15:49:20.904,2026-05-19 15:49:20.904,system,system,true,,
5769,,,robot_type,Тип робот,Robot Type,50,ASBIS,2026-05-19 15:49:20.905,2026-05-19 15:49:20.905,system,system,true,,
5770,,,end_effector_interface,Интерфейс на крайния ефектор,End-Effector Interface,50,ASBIS,2026-05-19 15:49:20.907,2026-05-19 15:49:20.907,system,system,true,,
5771,,,controller,Контролер,Controller,50,ASBIS,2026-05-19 15:49:20.907,2026-05-19 15:49:20.907,system,system,true,,
7079,,,поддържани_процесори,Поддържани процесори,Поддържани процесори,50,ASBIS,2026-06-03 02:13:38.573,2026-06-03 02:13:38.573,system,system,true,,
5773,,,pctg,PCTG,PCTG,50,ASBIS,2026-05-19 15:49:20.911,2026-05-19 15:49:20.911,system,system,true,,
5774,,,as,AS,AS,50,ASBIS,2026-05-19 15:49:20.912,2026-05-19 15:49:20.912,system,system,true,,
7080,,,продължителност_на_работа_от_една_батерия,Продължителност на работа от една батерия,Продължителност на работа от една батерия,50,ASBIS,2026-06-03 02:13:38.589,2026-06-03 02:13:38.589,system,system,true,,
3857,2429,,яркост,Яркост,Brightness,2272,VALI,2026-05-18 11:42:08.155,2026-06-03 02:13:38.715,system,system,true,,
5982,34,,графичен_ускорител,Графичен ускорител,Processor graphics,1391,VALI,2026-06-03 01:02:13.881,2026-06-03 02:13:38.713,system,system,true,,
6088,322,,максимално_тегло,Максимално тегло,Weight Capacity,729,VALI,2026-06-03 01:02:16.612,2026-06-03 02:13:38.714,system,system,true,,
6212,575,,брой_бутони,Брой бутони,Number buttons,890,VALI,2026-06-03 01:02:18.562,2026-06-03 02:13:38.714,system,system,true,,
6336,804,,динамичен_контраст,Динамичен контраст,Active Contrast,983,VALI,2026-06-03 01:02:19.765,2026-06-03 02:13:38.715,system,system,true,,
6381,957,,ram,RAM,Memory,940,VALI,2026-06-03 01:02:20.472,2026-06-03 02:13:38.715,system,system,true,,
6526,1442,,размер_на_дисплея,Размер на дисплея,Display Size,690,VALI,2026-06-03 01:02:21.618,2026-06-03 02:13:38.717,system,system,true,,
6653,1851,,интерфейс_за_връзка,Интерфейс за връзка,Interface for connection,1723,VALI,2026-06-03 01:02:22.849,2026-06-03 02:13:38.718,system,system,true,,
6740,2080,,gps,GPS,GPS,1951,VALI,2026-06-03 01:02:23.214,2026-06-03 02:13:38.718,system,system,true,,
6742,2082,,сензори,Сензори,Sensors,1953,VALI,2026-06-03 01:02:23.220,2026-06-03 02:13:38.718,system,system,true,,
6869,2362,,честотен_диапазон,Честотен диапазон,Frequency,2219,VALI,2026-06-03 01:02:23.799,2026-06-03 02:13:38.720,system,system,true,,
6873,2366,,микрофон,Микрофон,Microphone,2222,VALI,2026-06-03 01:02:23.820,2026-06-03 02:13:38.720,system,system,true,,
6945,2500,,скорост_на_въртене,Скорост на въртене,RPM,1902,VALI,2026-06-03 01:02:24.097,2026-06-03 02:13:38.720,system,system,true,,
208,304,,захранване,Захранване,Power supply,123,VALI,2026-04-02 10:04:05.240,2026-08-20 09:55:41.361,system,d.eshanovski@gmail.com,true,,1
6481,1332,,антена,Антена,Antenna,122,VALI,2026-06-03 01:02:21.267,2026-08-20 09:55:41.360,system,d.eshanovski@gmail.com,true,,
69,117,,операционна_система,Операционна система,OS version,657,VALI,2026-04-02 10:04:02.282,2026-05-19 15:49:21.151,system,system,true,,2
74,124,,sim_карта,SIM карта,SIM Card,661,VALI,2026-04-02 10:04:02.315,2026-05-19 15:49:21.145,system,system,false,,
117,191,,памет,Памет,System memory,518,VALI,2026-04-02 10:04:03.418,2026-05-19 15:49:21.151,system,system,true,,5
119,193,,процесор,Процесор,CPU,519,VALI,2026-04-02 10:04:03.456,2026-05-19 15:49:21.151,system,system,true,,8
5772,,,joint_6,Става 6,Joint 6,50,ASBIS,2026-05-19 15:49:20.908,2026-05-19 15:49:20.908,system,system,true,,
186,278,,контраст,Контраст,Contrast,394,VALI,2026-04-02 10:04:04.825,2026-05-19 15:49:21.151,system,system,true,,5
206,302,,поддържани_резолюции,Поддържани резолюции,Resolution Support‎,393,VALI,2026-04-02 10:04:05.228,2026-05-19 15:49:21.151,system,system,true,,6
233,336,,предназначение,Предназначение,Type,389,VALI,2026-04-02 10:04:05.458,2026-05-19 15:49:21.147,system,system,false,,
5775,,,number_of_speed,Брой скорости,Number of Speed,50,ASBIS,2026-05-19 15:49:20.913,2026-05-19 15:49:20.913,system,system,true,,
5776,,,static_torque,Статичен въртящ момент,Static Torque,50,ASBIS,2026-05-19 15:49:20.913,2026-05-19 15:49:20.913,system,system,true,,
5778,,,sustained_torque,Устойчив въртящ момент,Sustained Torque,50,ASBIS,2026-05-19 15:49:20.916,2026-05-19 15:49:20.916,system,system,true,,
5779,,,rotary_range,Обхват на въртене,Rotary Range,50,ASBIS,2026-05-19 15:49:20.917,2026-05-19 15:49:20.917,system,system,true,,
5780,,,repeat_accuracy_position,Повторна точност (позиция)(±),Repeat Accuracy (position)(±),50,ASBIS,2026-05-19 15:49:20.918,2026-05-19 15:49:20.918,system,system,true,,
5781,,,rotational_speed_deg_s,Скорост на въртене (°/с),Rotational Speed (deg/s),50,ASBIS,2026-05-19 15:49:20.918,2026-05-19 15:49:20.918,system,system,true,,
5782,,,linear_velocity,Линейна скорост,Linear Velocity,50,ASBIS,2026-05-19 15:49:20.919,2026-05-19 15:49:20.919,system,system,true,,
5784,,,degrees_of_freedom,Степени на свобода,Degrees of Freedom,50,ASBIS,2026-05-19 15:49:20.921,2026-05-19 15:49:20.921,system,system,true,,
5785,,,programming_interfaces,Програмни интерфейси,Programming Interfaces,50,ASBIS,2026-05-19 15:49:20.922,2026-05-19 15:49:20.922,system,system,true,,
5786,,,control_box,Управляваща кутия,Control Box,50,ASBIS,2026-05-19 15:49:20.923,2026-05-19 15:49:20.923,system,system,true,,
5787,,,mounting_surface_diameter,Диаметър на монтажната повърхност,Mounting Surface Diameter,50,ASBIS,2026-05-19 15:49:20.924,2026-05-19 15:49:20.924,system,system,true,,
5788,,,teaching_remote_controller,Устройство за обучение,Teaching Remote Controller,50,ASBIS,2026-05-19 15:49:20.926,2026-05-19 15:49:20.926,system,system,true,,
5789,,,robotic_arm,Роботизирана ръка,Robotic Arm,50,ASBIS,2026-05-19 15:49:20.929,2026-05-19 15:49:20.929,system,system,true,,
5790,,,tool_end,Край на инструмента,Tool End,50,ASBIS,2026-05-19 15:49:20.930,2026-05-19 15:49:20.930,system,system,true,,
5792,,,installation_orientation,Ориентация при монтаж,Installation Orientation,50,ASBIS,2026-05-19 15:49:20.934,2026-05-19 15:49:20.934,system,system,true,,
5793,,,control_box_model_name,Модел на управляващата кутия,Control Box Model Name,50,ASBIS,2026-05-19 15:49:20.936,2026-05-19 15:49:20.936,system,system,true,,
5794,,,cable_connecting_the_robot,Кабел за свързване на робота,Cable Connecting the Robot,50,ASBIS,2026-05-19 15:49:20.937,2026-05-19 15:49:20.937,system,system,true,,
5795,,,robot,Робот,Robot,50,ASBIS,2026-05-19 15:49:20.938,2026-05-19 15:49:20.938,system,system,true,,
293,408,,език,Език,Language,784,VALI,2026-04-02 10:04:06.270,2026-05-19 15:49:21.151,system,system,true,,2
325,448,,изходно_напрежение,Изходно напрежение,Nominal Output Voltage,829,VALI,2026-04-02 10:04:07.038,2026-05-19 15:49:21.151,system,system,true,,3
6981,2572,,материал,Материал,Material,2423,VALI,2026-06-03 01:02:24.358,2026-06-03 02:13:38.720,system,system,true,,
358,497,,работна_температура,Работна температура,Operating temperature,754,VALI,2026-04-02 10:04:07.624,2026-05-19 15:49:21.151,system,system,true,,8
6993,2587,,чувствителност,Чувствителност,Sensitivity,2224,VALI,2026-06-03 01:02:24.397,2026-06-03 02:13:38.720,system,system,true,,
7001,2601,,power,Power,Power,2452,VALI,2026-06-03 01:02:24.422,2026-06-03 02:13:38.720,system,system,true,,
437,593,,импеданс,Импеданс,Impedance,262,VALI,2026-04-02 10:04:08.557,2026-05-19 15:49:21.147,system,system,false,,
7066,2735,,съвместимост,Съвместимост,Compatibility,2575,VALI,2026-06-03 01:02:24.576,2026-06-03 02:13:38.720,system,system,false,,
7070,2739,,тип_продукт,Тип продукт,Product type,2579,VALI,2026-06-03 01:02:24.582,2026-06-03 02:13:38.720,system,system,true,,
7097,,,face_or_voice_tracking_support,Face or voice tracking support,Face or voice tracking support,50,ASBIS,2026-06-17 01:42:39.962,2026-06-17 01:42:39.962,system,system,true,,
737,1081,,брой_ядра,Брой ядра,Number of cores,1139,VALI,2026-04-02 10:04:11.048,2026-05-19 15:49:21.153,system,system,true,,3
744,1089,,тип_видео_памет,Тип видео памет,Type Video Memory,1162,VALI,2026-04-02 10:04:11.156,2026-05-19 15:49:21.148,system,system,false,,
746,1092,,уеб_камера,Уеб камера,Web Camera,1182,VALI,2026-04-02 10:04:11.182,2026-05-19 15:49:21.148,system,system,false,,
749,1096,,аудио_изход,Аудио изход,Audio output,1171,VALI,2026-04-02 10:04:11.196,2026-05-19 15:49:21.148,system,system,false,,
750,1101,,мрежа,Мрежа,LAN,1179,VALI,2026-04-02 10:04:11.197,2026-05-19 15:49:21.153,system,system,true,,6
7098,,,ai,AI,AI,50,ASBIS,2026-06-17 01:42:39.976,2026-06-17 01:42:39.976,system,system,true,,
7099,,,rated_input_power_w,"Rated input power, W","Rated input power, W",50,ASBIS,2026-06-17 01:42:40.006,2026-06-17 01:42:40.006,system,system,true,,
847,1267,,оптично_устройство,Оптично устройство,Readers / writers,1183,VALI,2026-04-02 10:04:12.267,2026-05-19 15:49:21.148,system,system,false,,
7100,,,microphone_elements,Microphone elements,Microphone elements,50,ASBIS,2026-06-17 01:42:40.019,2026-06-17 01:42:40.019,system,system,true,,
7141,,,networking_features,Networking Features,Networking Features,50,ASBIS,2026-07-02 02:27:09.747,2026-07-02 02:27:09.747,system,system,true,,
933,1398,,номинален_ток,Номинален ток,Current,1535,VALI,2026-04-02 10:04:13.208,2026-05-19 15:49:21.148,system,system,false,,
7142,,,number_of_ports,Number of Ports,Number of Ports,50,ASBIS,2026-07-02 02:27:12.293,2026-07-02 02:27:12.293,system,system,true,,
7143,,,switching_protocol,Switching Protocol,Switching Protocol,50,ASBIS,2026-07-02 02:27:12.500,2026-07-02 02:27:12.500,system,system,true,,
1068,1658,,брой_гнезда,Брой гнезда,Number of Sockets,1537,VALI,2026-04-02 10:04:14.772,2026-05-19 15:49:21.149,system,system,false,,
7144,,,max_min_movement_resolution,Max&Min Movement Resolution,Max&Min Movement Resolution,50,ASBIS,2026-07-02 02:27:12.776,2026-07-02 02:27:12.776,system,system,true,,
1166,1859,,зрителен_ъгъл,Зрителен ъгъл,Field of view,1734,VALI,2026-04-02 10:04:15.383,2026-05-19 15:49:21.149,system,system,false,,
1197,1904,,цокъл_на_процесора,Цокъл на процесора,CPU Socket,1776,VALI,2026-04-02 10:04:15.515,2026-05-19 15:49:21.149,system,system,false,,
1202,1909,,тип_система,Тип система,Type,1225,VALI,2026-04-02 10:04:15.564,2026-05-19 15:49:21.149,system,system,false,,
7145,,,battery_average_run_time,Battery Average Run Time,Battery Average Run Time,50,ASBIS,2026-07-02 02:27:12.832,2026-07-02 02:27:12.832,system,system,true,,
7146,,,maximum_peak_current_capacity,Maximum Peak Current Capacity,Maximum Peak Current Capacity,50,ASBIS,2026-07-02 02:27:12.892,2026-07-02 02:27:12.892,system,system,true,,
7147,,,networking_type,Networking Type,Networking Type,50,ASBIS,2026-07-02 02:27:12.917,2026-07-02 02:27:12.917,system,system,true,,
7148,,,power_port_connector_type,Power Port Connector Type,Power Port Connector Type,50,ASBIS,2026-07-02 02:27:12.925,2026-07-02 02:27:12.925,system,system,true,,
7149,,,pointing_device_technology,Pointing Device Technology,Pointing Device Technology,50,ASBIS,2026-07-02 02:27:12.976,2026-07-02 02:27:12.976,system,system,true,,
1554,2426,,софтуер,Софтуер,Software,2285,VALI,2026-04-02 10:04:17.335,2026-05-19 15:49:21.150,system,system,false,,
1584,2459,,комплекта_включва,Комплекта включва,In the box,2314,VALI,2026-04-02 10:04:17.429,2026-05-19 15:49:21.150,system,system,false,,
1625,2503,,скорост_на_четене,Скорост на четене,Reading speed,1968,VALI,2026-04-02 10:04:17.593,2026-05-19 15:49:21.154,system,system,true,,5
1626,2504,,скорост_на_запис,Скорост на запис,Writing speed,2358,VALI,2026-04-02 10:04:17.598,2026-05-19 15:49:21.154,system,system,true,,8
7150,,,number_of_buttons,Number of Buttons,Number of Buttons,50,ASBIS,2026-07-02 02:27:13.001,2026-07-02 02:27:13.001,system,system,true,,
7151,,,bluetooth_frequency,Bluetooth®® Frequency,Bluetooth®® Frequency,50,ASBIS,2026-07-02 02:27:13.030,2026-07-02 02:27:13.030,system,system,true,,
1852,,tip_upravlenie,тип_управление,Тип управление,Type Of Control,50,TEKRA,2026-04-02 10:15:50.217,2026-05-19 15:49:21.150,system,system,false,,
7152,,,wireless_technology,Wireless Technology,Wireless Technology,50,ASBIS,2026-07-02 02:27:13.062,2026-07-02 02:27:13.062,system,system,true,,
5867,,,,Скорост на сканиране,Scan speed,50,MOST,2026-05-25 14:57:59.112,2026-05-25 14:57:59.112,system,system,true,scan_speed,
5868,,,,Камера,Camera,50,MOST,2026-05-25 14:57:59.118,2026-05-25 14:57:59.118,system,system,true,camera,
5874,,,,OpenGL,OpenGL,50,MOST,2026-05-25 14:57:59.345,2026-05-25 14:57:59.345,system,system,true,opengl,
5877,,,време_за_реакция,Време за реакция,Responce time,50,MOST,2026-05-25 14:57:59.362,2026-06-03 02:13:38.721,system,system,true,responce_time,
4026,1009,moshtnost,,Мощност,Output Power,13,TEKRA,2026-05-19 01:06:57.264,2026-06-04 01:02:43.208,system,system,true,power,
4187,1591,,output_current,Изходен ток,Output current,50,ASBIS,2026-05-19 15:49:07.048,2026-06-04 01:02:43.208,system,system,true,,
4392,2649,,mount_type,Тип монтаж,Type,50,ASBIS,2026-05-19 15:49:11.650,2026-06-04 01:02:43.208,system,system,true,,
1844,1474,wi_fi,wi_fi,Wi-Fi,Wi-Fi,112,TEKRA,2026-04-02 10:15:50.184,2026-08-20 09:55:41.362,system,d.eshanovski@gmail.com,false,wi_fi,
5913,,,,SIM,SIM,50,MOST,2026-05-25 14:58:03.239,2026-05-25 14:58:03.239,system,system,true,sim,
5923,,,,NPU,NPU,50,MOST,2026-05-25 14:58:03.898,2026-05-25 14:58:03.898,system,system,true,npu,
5873,,,,Честотна лента на мрежата,Network band,50,MOST,2026-05-25 14:57:59.327,2026-05-25 14:57:59.327,system,system,true,network_band,
5876,,,,Естествена резолюция,Native resolution,50,MOST,2026-05-25 14:57:59.361,2026-05-25 14:57:59.361,system,system,true,native_resolution,
5878,,,,Подсветка на клавиатурата,Keyboard backlit,50,MOST,2026-05-25 14:57:59.364,2026-05-25 14:57:59.364,system,system,true,keyboard_backlit,
5879,,,,Интерфейси/Портове,Interfaces/Ports,50,MOST,2026-05-25 14:57:59.365,2026-05-25 14:57:59.365,system,system,true,interfaces_ports,
5881,,,,Механична конструкция,Mechanical design,50,MOST,2026-05-25 14:57:59.978,2026-05-25 14:57:59.978,system,system,true,mechanical_design,
5882,,,,Графика,Graphics,50,MOST,2026-05-25 14:57:59.981,2026-05-25 14:57:59.981,system,system,true,graphics,
5883,,,,Спецификации,Specifications,50,MOST,2026-05-25 14:58:00.134,2026-05-25 14:58:00.134,system,system,true,specifications,
5884,,,,Цветна гама,Color gamut,50,MOST,2026-05-25 14:58:00.202,2026-05-25 14:58:00.202,system,system,true,color_gamut,
5885,,,,Изход DC,DC Output,50,MOST,2026-05-25 14:58:00.204,2026-05-25 14:58:00.204,system,system,true,dc_output,
5886,,,,Комуникация,Communication,50,MOST,2026-05-25 14:58:00.365,2026-05-25 14:58:00.365,system,system,true,communication,
5887,,,,Кабел,Cable,50,MOST,2026-05-25 14:58:00.369,2026-05-25 14:58:00.369,system,system,true,cable,
5889,,,,URL на производителя,Vendor_url,50,MOST,2026-05-25 14:58:00.382,2026-05-25 14:58:00.382,system,system,true,vendor_url,
5891,,,,Тест,Test,50,MOST,2026-05-25 14:58:01.379,2026-05-25 14:58:01.379,system,system,true,test,
5893,,,,Лагер,Bearing,50,MOST,2026-05-25 14:58:01.385,2026-05-25 14:58:01.385,system,system,true,bearing,
5894,,,,Честота на ядрото,Engine/Core clock,50,MOST,2026-05-25 14:58:01.412,2026-05-25 14:58:01.412,system,system,true,engine_core_clock,
5895,,,,Режим на предаване,Transmission mode,50,MOST,2026-05-25 14:58:01.609,2026-05-25 14:58:01.609,system,system,true,transmission_mode,
5896,,,,Слот за карта,Card slot,50,MOST,2026-05-25 14:58:01.632,2026-05-25 14:58:01.632,system,system,true,card_slot,
5897,,,,Тип PFC,PFC type,50,MOST,2026-05-25 14:58:02.414,2026-05-25 14:58:02.414,system,system,true,pfc_type,
5898,,,,Формат хартия,Paper size,50,MOST,2026-05-25 14:58:02.423,2026-05-25 14:58:02.423,system,system,true,paper_size,
5899,,,,Материали,Materials,50,MOST,2026-05-25 14:58:02.429,2026-05-25 14:58:02.429,system,system,true,materials,
5901,,,,Размер на паметта,Memmory size,50,MOST,2026-05-25 14:58:02.457,2026-05-25 14:58:02.457,system,system,true,memmory_size,
5903,,,,Съотношение на контраста,Contrast ratio,50,MOST,2026-05-25 14:58:02.490,2026-05-25 14:58:02.490,system,system,true,contrast_ratio,
5905,,,,Задна камера,Camera rear,50,MOST,2026-05-25 14:58:02.786,2026-05-25 14:58:02.786,system,system,true,camera_rear,
5906,,,,Мощност [Вати],Power [Watts],50,MOST,2026-05-25 14:58:02.789,2026-05-25 14:58:02.789,system,system,true,power_watts,
5907,,,,Спецификации на диска,Disk specifications,50,MOST,2026-05-25 14:58:02.807,2026-05-25 14:58:02.807,system,system,true,disk_specifications,
5908,,,,Честотна лента на паметта,Memory bandwidth,50,MOST,2026-05-25 14:58:02.863,2026-05-25 14:58:02.863,system,system,true,memory_bandwidth,
5909,,,,Задна камера,Rear camera,50,MOST,2026-05-25 14:58:03.027,2026-05-25 14:58:03.027,system,system,true,rear_camera,
5910,,,,ROM,ROM,50,MOST,2026-05-25 14:58:03.076,2026-05-25 14:58:03.076,system,system,true,rom,
5911,,,,Резолюция на скенера,Scanner resolution,50,MOST,2026-05-25 14:58:03.077,2026-05-25 14:58:03.077,system,system,true,scanner_resolution,
5912,,,,Цвят на корпуса,Body color,50,MOST,2026-05-25 14:58:03.082,2026-05-25 14:58:03.082,system,system,true,body_color,
5914,,,,Клавиатура,Keyboard,50,MOST,2026-05-25 14:58:03.253,2026-05-25 14:58:03.253,system,system,true,keyboard,
5916,,,,Аларми,Alarms,50,MOST,2026-05-25 14:58:03.528,2026-05-25 14:58:03.528,system,system,true,alarms,
5917,,,,Лампа,Lamp,50,MOST,2026-05-25 14:58:03.540,2026-05-25 14:58:03.540,system,system,true,lamp,
5918,,,,Сензорен екран,Touch screen,50,MOST,2026-05-25 14:58:03.562,2026-05-25 14:58:03.562,system,system,true,touch_screen,
5919,,,,Поддръжка на ОС,OS support,50,MOST,2026-05-25 14:58:03.566,2026-05-25 14:58:03.566,system,system,true,os_support,
5920,,,,Размер на паметта,Memory size,50,MOST,2026-05-25 14:58:03.649,2026-05-25 14:58:03.649,system,system,true,memory_size,
5921,,,,Скорост на копиране,Copy speed,50,MOST,2026-05-25 14:58:03.733,2026-05-25 14:58:03.733,system,system,true,copy_speed,
5924,,,,Условия на работа,Environment,50,MOST,2026-05-25 14:58:03.914,2026-05-25 14:58:03.914,system,system,true,environment,
5925,,,,Производителност,Performance,50,MOST,2026-05-25 14:58:03.949,2026-05-25 14:58:03.949,system,system,true,performance,
5926,,,,Максимален брой дисплеи,Maximum displays,50,MOST,2026-05-25 14:58:03.980,2026-05-25 14:58:03.980,system,system,true,maximum_displays,
5927,,,,Мултимедийни клавиши,Media keys,50,MOST,2026-05-25 14:58:04.087,2026-05-25 14:58:04.087,system,system,true,media_keys,
5930,,,,Честота на опресняване,Refresh rate,50,MOST,2026-05-25 14:58:04.125,2026-05-25 14:58:04.125,system,system,true,refresh_rate,
5931,,,,Проекционна леща,Projection lens,50,MOST,2026-05-25 14:58:04.182,2026-05-25 14:58:04.182,system,system,true,projection_lens,
751,1102,,bluetooth,Bluetooth,Bluetooth,1181,VALI,2026-04-02 10:04:11.200,2026-05-25 14:58:04.488,system,system,true,bluetooth,7
3164,292,,,Консумирана мощност,Power Consumption,407,VALI,2026-05-18 11:42:04.378,2026-05-25 14:58:04.452,system,system,false,power_consumption,
3409,1072,,,Размер на екрана,Screen Size,1145,VALI,2026-05-18 11:42:06.466,2026-05-25 14:58:04.460,system,system,true,screen_size,
3466,1269,,,Модел процесор,CPU model,1228,VALI,2026-05-18 11:42:06.700,2026-05-25 14:58:04.460,system,system,false,cpu_model,
4894,164,,connectivity,Свързаност,Connectivity,50,ASBIS,2026-05-19 15:49:16.661,2026-06-03 01:02:24.763,system,system,true,connectivity,
4996,1322,,protocols,Протоколи,Protocols,50,ASBIS,2026-05-19 15:49:16.930,2026-06-03 01:02:24.763,system,system,true,protocols,
5202,41,,chipset,Чипсет,Chipset,50,ASBIS,2026-05-19 15:49:18.192,2026-06-03 01:02:24.763,system,system,true,chipset,
3878,2458,,,Батерия,Battery,2310,VALI,2026-05-18 11:42:08.220,2026-05-25 14:58:04.470,system,system,true,battery,
5746,18,,interface,Интерфейс,Interface,50,ASBIS,2026-05-19 15:49:20.848,2026-06-03 01:02:24.763,system,system,true,interface,
3915,2533,,портове,Портове,Ports,2334,VALI,2026-05-18 11:42:08.406,2026-06-03 02:13:38.721,system,system,true,ports,
3991,2726,,,Захранване,Power supply,2566,VALI,2026-05-18 11:42:08.619,2026-05-25 14:58:04.471,system,system,true,power_supply,
3993,2728,,,Други,Other,2568,VALI,2026-05-18 11:42:08.625,2026-05-25 14:58:04.471,system,system,false,other,
4025,12,kapatsitet,капацитет,Капацитет,Capacity,50,TEKRA,2026-05-19 01:06:57.256,2026-06-03 02:13:38.721,system,system,true,capacity,
4418,2267,,set_includes,Комплектът включва,Package content,50,ASBIS,2026-05-19 15:49:11.840,2026-06-04 01:02:43.208,system,system,true,,
4435,1008,,connectors_quantity,Брой конектори,Number of Adapter Plugs,50,ASBIS,2026-05-19 15:49:12.224,2026-06-04 01:02:43.208,system,system,true,,
4437,141,,special_features,Специални характеристики,Special functions,50,ASBIS,2026-05-19 15:49:12.236,2026-06-04 01:02:43.209,system,system,true,special_features,
4460,524,,maximum_diagonal_length,Максимален диагонал,Maximum diagonal,50,ASBIS,2026-05-19 15:49:12.605,2026-06-04 01:02:43.210,system,system,true,,
4721,726,,antenna,Антена,Antena,50,ASBIS,2026-05-19 15:49:14.615,2026-06-04 01:02:43.216,system,system,true,antenna,
4997,,,brightness,Brightness,Brightness,50,ASBIS,2026-05-19 15:49:16.938,2026-05-25 14:58:04.479,system,system,true,brightness,
4727,608,,type_of_product,Тип продукт,Type,50,ASBIS,2026-05-19 15:49:14.686,2026-06-04 01:02:43.210,system,system,true,,
4976,772,,input_voltage,Входно напрежение,Nominal input voltage,50,ASBIS,2026-05-19 15:49:16.909,2026-06-04 01:02:43.210,system,system,true,,
5165,62,,memory_type,Тип памет,Type,50,ASBIS,2026-05-19 15:49:18.097,2026-06-04 01:02:43.216,system,system,true,memory_type,
5190,15,,form_factor,Форм фактор,Form factor,50,ASBIS,2026-05-19 15:49:18.150,2026-06-04 01:02:43.216,system,system,true,form_factor,
5330,2217,,frame_material,Материал на рамката,Frame material,50,ASBIS,2026-05-19 15:49:19.376,2026-06-04 01:02:43.211,system,system,true,,
5363,1558,,response_rate,Честота на опресняване,Signal Frequency,50,ASBIS,2026-05-19 15:49:19.494,2026-06-04 01:02:43.211,system,system,true,,
5374,491,,driver_diameter,Диаметър на говорителя,Speaker Diameter,50,ASBIS,2026-05-19 15:49:19.521,2026-06-04 01:02:43.211,system,system,true,,
5514,115,,application,Приложение,For,50,ASBIS,2026-05-19 15:49:20.043,2026-06-04 01:02:43.214,system,system,true,,
5604,1055,,operating_system,Операционна система,Operating system,50,ASBIS,2026-05-19 15:49:20.363,2026-06-04 01:02:43.214,system,system,true,,
5607,,,display_resolution,Display Resolution,Display Resolution,50,ASBIS,2026-05-19 15:49:20.370,2026-05-25 14:58:04.485,system,system,true,display_resolution,
4023,35,cvjat,цвят,Цвят,Color,7,TEKRA,2026-05-19 01:06:57.244,2026-08-20 09:55:41.362,system,d.eshanovski@gmail.com,true,color,
4024,2025,zvuk,,Звук,Loudspeaker,8,TEKRA,2026-05-19 01:06:57.249,2026-08-20 09:55:41.362,system,d.eshanovski@gmail.com,true,audio,
5836,,,,Препоръчана системна мощност,Recommended system power,50,MOST,2026-05-25 14:57:54.798,2026-05-25 14:57:54.798,system,system,true,recommended_system_power,
5844,,,,Размер на вентилатора [мм],Fan size [mm],50,MOST,2026-05-25 14:57:56.057,2026-05-25 14:57:56.057,system,system,true,fan_size_mm,
5846,,,,Влажност,Humidity,50,MOST,2026-05-25 14:57:56.479,2026-05-25 14:57:56.479,system,system,true,humidity,
4841,,,dimensions,Размери,Dimensions,50,ASBIS,2026-05-19 15:49:15.797,2026-05-25 14:58:04.477,system,system,true,dimensions,
4848,,,model,Модел,Model,50,ASBIS,2026-05-19 15:49:15.817,2026-05-25 14:58:04.477,system,system,true,model,
5188,,,certifications,Сертификации,Certifications,50,ASBIS,2026-05-19 15:49:18.144,2026-05-25 14:58:04.481,system,system,true,certifications,
5195,,,memory_speed,Честота на паметта,Memory Speed,50,ASBIS,2026-05-19 15:49:18.166,2026-05-25 14:58:04.481,system,system,true,memory_speed,
5258,,,features,Характеристики,Features,50,ASBIS,2026-05-19 15:49:18.470,2026-05-25 14:58:04.481,system,system,true,features,
5427,,,buttons,Бутони,Buttons,50,ASBIS,2026-05-19 15:49:19.664,2026-05-25 14:58:04.472,system,system,true,buttons,
5615,,,front_camera,Предна камера,Front Camera,50,ASBIS,2026-05-19 15:49:20.392,2026-05-25 14:58:04.485,system,system,true,front_camera,
5847,,,,Гаранция,Warranty,50,MOST,2026-05-25 14:57:56.491,2026-05-25 14:57:56.491,system,system,true,warranty,
5853,,,,Резолюция на екрана,Screen resolution,50,MOST,2026-05-25 14:57:57.652,2026-05-25 14:57:57.652,system,system,true,screen_resolution,
5854,,,,Интерфейс на паметта,Memory interface,50,MOST,2026-05-25 14:57:57.694,2026-05-25 14:57:57.694,system,system,true,memory_interface,
5856,,,,Вход,Input,50,MOST,2026-05-25 14:57:57.712,2026-05-25 14:57:57.712,system,system,true,input,
5863,,,,Информация за кабела,Cable information,50,MOST,2026-05-25 14:57:58.554,2026-05-25 14:57:58.554,system,system,true,cable_information,
5870,,,,Слотове за устройства,Slots for devices,50,MOST,2026-05-25 14:57:59.202,2026-05-25 14:57:59.202,system,system,true,slots_for_devices,
5872,,,,Дължина на кабела (мм),Cable length (mm),50,MOST,2026-05-25 14:57:59.277,2026-05-25 14:57:59.277,system,system,true,cable_length_mm,
5875,,,,Поддръжка на VPN,VPN support ,50,MOST,2026-05-25 14:57:59.349,2026-05-25 14:57:59.349,system,system,true,vpn_support,
5880,,,,Живот на светлинния източник [часове],Light source life [Hours],50,MOST,2026-05-25 14:57:59.974,2026-05-25 14:57:59.974,system,system,true,light_source_life_hours,
5892,,,,Работен цикъл,Duty cycle,50,MOST,2026-05-25 14:58:01.380,2026-05-25 14:58:01.380,system,system,true,duty_cycle,
5900,,,,Резолюция на печат,Print resolution,50,MOST,2026-05-25 14:58:02.451,2026-05-25 14:58:02.451,system,system,true,print_resolution,
5904,,,,Техническа информация,Technical information,50,MOST,2026-05-25 14:58:02.674,2026-05-25 14:58:02.674,system,system,true,technical_information,
5915,,,,Резолюция на движение,Movement resolution,50,MOST,2026-05-25 14:58:03.429,2026-05-25 14:58:03.429,system,system,true,movement_resolution,
5922,,,,Номер на части / Продуктов код,Part number / Product code,50,MOST,2026-05-25 14:58:03.744,2026-05-25 14:58:03.744,system,system,true,part_number_product_code,
5932,,,,Описание от производителя,Deskription of the manufacturer,50,MOST,2026-05-25 14:58:04.199,2026-05-25 14:58:04.199,system,system,true,deskription_of_the_manufacturer,
1817,,ethernet_portove,,Ethernet портове,Ethernet Portove,50,TEKRA,2026-04-02 10:15:49.583,2026-04-02 10:15:49.583,system,system,false,,
1821,,bezzhichni_skorosti,,Безжични скорости,Bezzhichni Skorosti,50,TEKRA,2026-04-02 10:15:49.640,2026-04-02 10:15:49.640,system,system,false,,
1851,,poe_byudzhet,,PoE бюджет,Poe Byudzhet,50,TEKRA,2026-04-02 10:15:50.202,2026-04-02 10:15:50.202,system,system,false,,
4105,492,,frequency_range,Честотен диапазон,Frequency Range,50,ASBIS,2026-05-19 15:49:04.946,2026-06-03 01:02:24.764,system,system,true,,
5613,67,,display_size,Размер на дисплея,Screen size,50,ASBIS,2026-05-19 15:49:20.389,2026-06-04 01:02:43.216,system,system,true,display_size,
4069,,,flash_memory,Flash памет,Flash Memory,50,ASBIS,2026-05-19 15:49:03.975,2026-05-19 15:49:03.975,system,system,true,,
4081,,,data_link_protocol_supports_new,Поддържани протоколи за връзка (нови),Data Link Protocol Supports (New),50,ASBIS,2026-05-19 15:49:04.278,2026-05-19 15:49:04.278,system,system,true,,
4103,,,application_layer,Приложен слой,Application Layer,50,ASBIS,2026-05-19 15:49:04.937,2026-05-19 15:49:04.937,system,system,true,,
4113,,,wireless_networking_distance,Разстояние на безжичната мрежа,Wireless Networking Distance,50,ASBIS,2026-05-19 15:49:05.152,2026-05-19 15:49:05.152,system,system,true,,
4121,,,authentication_authorization_accounting_aaa_protocol,"Протокол AAA (удостоверяване, авторизация, отчитане)","Authentication, Authorization, Accounting (AAA Protocol)",50,ASBIS,2026-05-19 15:49:05.219,2026-05-19 15:49:05.219,system,system,true,,
4147,,,active_noise_cancellation,Активно шумопотискане,Active Noise Cancellation,50,ASBIS,2026-05-19 15:49:06.145,2026-05-19 15:49:06.145,system,system,true,,
4171,,,installed_voice_assistant,Инсталиран гласов асистент,Installed Voice Assistant,50,ASBIS,2026-05-19 15:49:06.777,2026-05-19 15:49:06.777,system,system,true,,
4186,,,noise_level_lc_iec_db,Ниво на шума Lc IEC (dB),Noise Level Lc IEC (dB),50,ASBIS,2026-05-19 15:49:07.043,2026-05-19 15:49:07.043,system,system,true,,
4195,,,compatible_accessories,Съвместими аксесоари,Compatible Accessories,50,ASBIS,2026-05-19 15:49:07.920,2026-05-19 15:49:07.920,system,system,true,,
4210,,,audio_playback_with_active_noise_cancellation,Аудио с активно шумопотискане,Audio playback with Active Noise Cancellation,50,ASBIS,2026-05-19 15:49:08.248,2026-05-19 15:49:08.248,system,system,true,,
4246,,,clean_water_container,Резервоар за чиста вода,Clean Water Container,50,ASBIS,2026-05-19 15:49:09.324,2026-05-19 15:49:09.324,system,system,true,,
4304,,,backlight_technology,Технология на подсветката,Backlight Technology,50,ASBIS,2026-05-19 15:49:10.724,2026-05-19 15:49:10.724,system,system,true,,
4305,,,sealing_temperature,Температура на запояване,Sealing Temperature,50,ASBIS,2026-05-19 15:49:10.727,2026-05-19 15:49:10.727,system,system,true,,
4323,,,types_of_cleaning,Видове почистване,Types of cleaning,50,ASBIS,2026-05-19 15:49:11.239,2026-05-19 15:49:11.239,system,system,true,,
4327,,,auto_turn_off,Автоматично изключване,Auto turn off,50,ASBIS,2026-05-19 15:49:11.251,2026-05-19 15:49:11.251,system,system,true,,
4332,,,irrigator_pressure_bar,"Налягане на иригатора, bar","Irrigator pressure, bar",50,ASBIS,2026-05-19 15:49:11.267,2026-05-19 15:49:11.267,system,system,true,,
4340,,,operating_time_on_a_single_charge,Работно вр. при едно зареждане,Operating time on a single charge,50,ASBIS,2026-05-19 15:49:11.294,2026-05-19 15:49:11.294,system,system,true,,
5694,134,,viewing_angle,Ъгъл на видимост,View Angles ,50,ASBIS,2026-05-19 15:49:20.636,2026-06-04 01:02:43.216,system,system,true,viewing_angle,
5799,430,,rotational_speed,Скорост на въртене,Fan Speed,50,ASBIS,2026-05-23 01:08:21.339,2026-06-04 01:02:43.212,system,system,true,,
5807,249,,diagonal_length,Диагонал,Size,50,ASBIS,2026-05-24 01:08:29.520,2026-06-04 01:02:43.212,system,system,true,,
4042,,,retail_packaging_net_weight_carton,Нето тегло на картонената опаковка,Retail Packaging Net Weight Carton,113,ASBIS,2026-05-19 15:48:54.675,2026-08-20 09:55:41.362,system,d.eshanovski@gmail.com,true,,
4363,,,audio_input_channels_quantity,Брой аудио входни канали,Audio Input Channels Quantity,50,ASBIS,2026-05-19 15:49:11.493,2026-05-19 15:49:11.493,system,system,true,,
4378,,,gross_weight,Бруто тегло,Gross Weight,50,ASBIS,2026-05-19 15:49:11.589,2026-05-19 15:49:11.589,system,system,true,,
4385,,,minimum_age_to_start_using,Минимална възраст за употреба,Minimum Age to Start Using,50,ASBIS,2026-05-19 15:49:11.619,2026-05-19 15:49:11.619,system,system,true,,
4407,,,maximum_speed,Максимална скорост,Maximum Speed,50,ASBIS,2026-05-19 15:49:11.815,2026-05-19 15:49:11.815,system,system,true,,
4415,,,programs_quantity,Брой програми,Programs Quantity,50,ASBIS,2026-05-19 15:49:11.835,2026-05-19 15:49:11.835,system,system,true,,
4422,,,languages_in_paper_manual_or_localization,Езици в ръководството,Languages in paper Manual or Localization,50,ASBIS,2026-05-19 15:49:11.934,2026-05-19 15:49:11.934,system,system,true,,
4449,,,maximum_photo_resolution,Максимална резолюция на снимки,Maximum Photo Resolution,50,ASBIS,2026-05-19 15:49:12.526,2026-05-19 15:49:12.526,system,system,true,,
4457,,,suitable_for_bottlenecks_with_outer_diameters,Подходящ за гърловини с външен диаметър,Suitable for bottlenecks with outer diameters,50,ASBIS,2026-05-19 15:49:12.597,2026-05-19 15:49:12.597,system,system,true,,
4461,,,maximum_screen_weight,Максимално тегло на екрана,Maximum Screen Weight,50,ASBIS,2026-05-19 15:49:12.625,2026-05-19 15:49:12.625,system,system,true,,
4471,,,drive_cabinet_features,Характеристики на дисковия корпус,Drive Cabinet Features,50,ASBIS,2026-05-19 15:49:12.895,2026-05-19 15:49:12.895,system,system,true,,
4504,,,overall_height,Обща височина,Overall Height,50,ASBIS,2026-05-19 15:49:13.262,2026-05-19 15:49:13.262,system,system,true,,
4506,,,abbreviated_description,Съкратено описание,Abbreviated Description,50,ASBIS,2026-05-19 15:49:13.264,2026-05-19 15:49:13.264,system,system,true,,
4514,,,fabrication_material,Материал на изработка,Fabrication Material,50,ASBIS,2026-05-19 15:49:13.287,2026-05-19 15:49:13.287,system,system,true,,
4521,,,battery_lifetime_room_temperature,Живот на батерията (стайна температура),Battery Lifetime (Room Temperature),50,ASBIS,2026-05-19 15:49:13.362,2026-05-19 15:49:13.362,system,system,true,,
4555,,,max_number_of_pci_express_lanes,Макс. брой PCI Express ленти,Max Number of PCI Express Lanes,50,ASBIS,2026-05-19 15:49:13.634,2026-05-19 15:49:13.634,system,system,true,,
4571,,,maximum_memory_size,Максимален размер на паметта,Maximum Memory Size,50,ASBIS,2026-05-19 15:49:13.715,2026-05-19 15:49:13.715,system,system,true,,
4581,,,maximum_cpu_core_voltage,Макс. напрежение на CPU ядрото,Maximum CPU Core Voltage,50,ASBIS,2026-05-19 15:49:13.766,2026-05-19 15:49:13.766,system,system,true,,
4610,,,bands_and_frequencies,Честотни ленти и честоти,Bands and Frequencies,50,ASBIS,2026-05-19 15:49:13.895,2026-05-19 15:49:13.895,system,system,true,,
4620,,,midrange_woofer,Среднотонов/Нискотонов говорител,Midrange/Woofer,50,ASBIS,2026-05-19 15:49:13.923,2026-05-19 15:49:13.923,system,system,true,,
4633,,,box_length_mm,Дължина на кутията (мм),Box Length (mm),50,ASBIS,2026-05-19 15:49:13.955,2026-05-19 15:49:13.955,system,system,true,,
4644,,,rotation_range_horizontal_vertical,Обхват на въртене (хоризонтален/вертикален),Rotation Range (Horizontal/Vertical),50,ASBIS,2026-05-19 15:49:13.987,2026-05-19 15:49:13.987,system,system,true,,
4684,,,firewall_encryption_algorithm,Алгоритъм за криптиране на защитната стена,Firewall Encryption Algorithm,50,ASBIS,2026-05-19 15:49:14.150,2026-05-19 15:49:14.150,system,system,true,,
4688,,,external_device_support,Поддръжка на външни устройства,External Device Support,50,ASBIS,2026-05-19 15:49:14.207,2026-05-19 15:49:14.207,system,system,true,,
4704,,,component_video_output,Компонентен видео изход,Component Video Output,50,ASBIS,2026-05-19 15:49:14.354,2026-05-19 15:49:14.354,system,system,true,,
4728,,,product_validity,Валидност на продукта,Product Validity,50,ASBIS,2026-05-19 15:49:14.700,2026-05-19 15:49:14.700,system,system,true,,
4730,,,software_requirments_for_pc,Системни изисквания за PC,Software - Requirments For PC,50,ASBIS,2026-05-19 15:49:14.708,2026-05-19 15:49:14.708,system,system,true,,
4741,,,distribution_media,Носител за разпространение,Distribution Media,50,ASBIS,2026-05-19 15:49:14.767,2026-05-19 15:49:14.767,system,system,true,,
4759,,,curve_radius,Радиус на кривина,Curve Radius,50,ASBIS,2026-05-19 15:49:15.086,2026-05-19 15:49:15.086,system,system,true,,
4782,,,nominal_power_consumption,Номинална консумация на мощност,Nominal Power Consumption,50,ASBIS,2026-05-19 15:49:15.245,2026-05-19 15:49:15.245,system,system,true,,
4797,,,maximum_sequential_read_rate,Макс. скорост на последователно четене,Maximum Sequential Read Rate,50,ASBIS,2026-05-19 15:49:15.513,2026-05-19 15:49:15.513,system,system,true,,
4798,,,maximum_sequential_write_rate,Макс. скорост на последователен запис,Maximum Sequential Write Rate,50,ASBIS,2026-05-19 15:49:15.546,2026-05-19 15:49:15.546,system,system,true,,
4811,,,data_channel_external,Външен канал за данни,Data Channel External,50,ASBIS,2026-05-19 15:49:15.715,2026-05-19 15:49:15.715,system,system,true,,
4818,,,software_included,Включен софтуер,Software Included,50,ASBIS,2026-05-19 15:49:15.753,2026-05-19 15:49:15.753,system,system,true,,
4829,,,hard_drive_features,Характеристики на твърдия диск,Hard Drive Features,50,ASBIS,2026-05-19 15:49:15.775,2026-05-19 15:49:15.775,system,system,true,,
4891,,,protection_standards,Стандарти за защита,Protection Standards,50,ASBIS,2026-05-19 15:49:16.644,2026-05-19 15:49:16.644,system,system,true,,
4939,,,power_features,Характеристики на захранването,Power Features,50,ASBIS,2026-05-19 15:49:16.845,2026-05-19 15:49:16.845,system,system,true,,
4970,,,power_device_location,Местоположение на захранването,Power Device Location,50,ASBIS,2026-05-19 15:49:16.901,2026-05-19 15:49:16.901,system,system,true,,
4979,,,maximum_output_power,Максимална изходна мощност,Maximum Output Power,50,ASBIS,2026-05-19 15:49:16.911,2026-05-19 15:49:16.911,system,system,true,,
5013,,,internet_surfing,Сърфиране в интернет,Internet Surfing,50,ASBIS,2026-05-19 15:49:16.999,2026-05-19 15:49:16.999,system,system,true,,
5017,,,supported_audio_formats,Поддържани аудио формати,Supported Audio Formats,50,ASBIS,2026-05-19 15:49:17.008,2026-05-19 15:49:17.008,system,system,true,,
5026,,,number_of_3_5_inch_2_5_inch_internal_drive_bays,Брой вътрешни гнезда 3.5/2.5 инча,Number of 3.5-inch / 2.5-inch Internal Drive Bays,50,ASBIS,2026-05-19 15:49:17.031,2026-05-19 15:49:17.031,system,system,true,,
5809,158,,display_type,Тип дисплей,Display,50,ASBIS,2026-05-24 01:08:29.556,2026-06-04 01:02:43.216,system,system,true,display_type,
5828,1362,,maximum_resolution,Максимална резолюция,Max. Resolution,50,ASBIS,2026-05-24 01:08:29.952,2026-06-04 01:02:43.216,system,system,true,maximum_resolution,
5030,,,supported_mainboard_form_factor,Поддържан форм фактор на дънна платка,Supported Mainboard Form Factor,50,ASBIS,2026-05-19 15:49:17.051,2026-05-19 15:49:17.051,system,system,true,,
5035,,,number_of_3_5_inch_2_5_inch_hot_swap_drive_bays,Брой Hot-Swap гнезда 3.5/2.5 инча,Number of 3.5-inch / 2.5-inch Hot-Swap Drive Bays,50,ASBIS,2026-05-19 15:49:17.175,2026-05-19 15:49:17.175,system,system,true,,
5061,,,pump_life_expectancy,Очакван живот на помпата,Pump Life Expectancy,50,ASBIS,2026-05-19 15:49:17.240,2026-05-19 15:49:17.240,system,system,true,,
5077,,,fan_control_mode,Режим на управление на вентилатора,Fan Control Mode,50,ASBIS,2026-05-19 15:49:17.377,2026-05-19 15:49:17.377,system,system,true,,
5099,,,keys_type,Тип клавиши,Keys Type,50,ASBIS,2026-05-19 15:49:17.425,2026-05-19 15:49:17.425,system,system,true,,
5114,,,travel_distance,Ход на клавиша,Travel Distance,50,ASBIS,2026-05-19 15:49:17.754,2026-05-19 15:49:17.754,system,system,true,,
5129,,,recording_standard,Стандарт за запис,Recording Standard,50,ASBIS,2026-05-19 15:49:17.835,2026-05-19 15:49:17.835,system,system,true,,
5161,,,cpu_socket_standard,Стандарт на CPU сокета,CPU Socket Standard,50,ASBIS,2026-05-19 15:49:18.086,2026-05-19 15:49:18.086,system,system,true,,
5169,,,cpu_installed_quantity,Брой инсталирани процесори,CPU Installed Quantity,50,ASBIS,2026-05-19 15:49:18.103,2026-05-19 15:49:18.103,system,system,true,,
5179,,,provides_error_checking_method,Метод за проверка на грешки,Provides Error Checking Method,50,ASBIS,2026-05-19 15:49:18.120,2026-05-19 15:49:18.120,system,system,true,,
5235,,,solid_state_drive,Твърдотелно устройство (SSD),Solid State Drive,50,ASBIS,2026-05-19 15:49:18.369,2026-05-19 15:49:18.369,system,system,true,,
5246,,,maximum_non_operating_humidity,Макс. влажност при съхранение,Maximum Non-Operating Humidity,50,ASBIS,2026-05-19 15:49:18.441,2026-05-19 15:49:18.441,system,system,true,,
5254,,,quantity_of_mainboards_supported,Брой поддържани дънни платки,Quantity of Mainboards Supported,50,ASBIS,2026-05-19 15:49:18.458,2026-05-19 15:49:18.458,system,system,true,,
5280,,,texture_mapping_unit_quantity,Брой текстурни единици (TMU),Texture Mapping Unit Quantity,50,ASBIS,2026-05-19 15:49:18.827,2026-05-19 15:49:18.827,system,system,true,,
5285,,,render_output_units_quantity_rop,Брой рендериращи единици (ROP),Render Output Units Quantity (ROP),50,ASBIS,2026-05-19 15:49:19.037,2026-05-19 15:49:19.037,system,system,true,,
5319,,,maximum_seat_height,Максимална височина на седалката,Maximum Seat Height,50,ASBIS,2026-05-19 15:49:19.328,2026-05-19 15:49:19.328,system,system,true,,
5322,,,keycaps,Клавишни капачки,Keycaps,50,ASBIS,2026-05-19 15:49:19.354,2026-05-19 15:49:19.354,system,system,true,,
5325,,,armrests_features,Характеристики на подлакътниците,Armrests Features,50,ASBIS,2026-05-19 15:49:19.367,2026-05-19 15:49:19.367,system,system,true,,
5332,,,maximum_suitable_height,Максимална подходяща височина,Maximum Suitable Height,50,ASBIS,2026-05-19 15:49:19.378,2026-05-19 15:49:19.378,system,system,true,,
5343,,,wireless_charger_output,Изход на безжичното зарядно,Wireless Charger Output,50,ASBIS,2026-05-19 15:49:19.405,2026-05-19 15:49:19.405,system,system,true,,
5358,,,programmable_buttons,Програмируеми бутони,Programmable buttons,50,ASBIS,2026-05-19 15:49:19.462,2026-05-19 15:49:19.462,system,system,true,,
5367,,,headset_holder,Стойка за слушалки,Headset holder,50,ASBIS,2026-05-19 15:49:19.501,2026-05-19 15:49:19.501,system,system,true,,
5379,,,maximum_cooking_temperature,Максимална температура на готвене,Maximum Cooking Temperature,50,ASBIS,2026-05-19 15:49:19.554,2026-05-19 15:49:19.554,system,system,true,,
5385,,,intelligent_temperature_control_system,Интелигентна система за контрол на температурата,Intelligent temperature control system,50,ASBIS,2026-05-19 15:49:19.591,2026-05-19 15:49:19.591,system,system,true,,
5397,,,max_noise_db_measured_at_distance_30_cm,"Макс. шум, dB (на 30 см)","Max. Noise, dB (Measured at distance 30 cm)",50,ASBIS,2026-05-19 15:49:19.607,2026-05-19 15:49:19.607,system,system,true,,
5410,,,type_of_the_accessories,Тип аксесоари,Type of the accessories,50,ASBIS,2026-05-19 15:49:19.626,2026-05-19 15:49:19.626,system,system,true,,
5416,,,max_wind_speed_distance_200mm_m_s_test_without_nozzles,"Макс. скорост на вятъра 200мм, m/s (без дюзи)","Max wind speed, distance 200mm, m/s (test without Nozzles)",50,ASBIS,2026-05-19 15:49:19.640,2026-05-19 15:49:19.640,system,system,true,,
5417,,,min_noise_db_measured_at_distance_30_cm,"Мин. шум, dB (на 30 см)","Min. Noise, dB (Measured at distance 30 cm)",50,ASBIS,2026-05-19 15:49:19.641,2026-05-19 15:49:19.641,system,system,true,,
5450,,,max_cooking_time,Максимално времетраене на готвене,Max Cooking Time,50,ASBIS,2026-05-19 15:49:19.730,2026-05-19 15:49:19.730,system,system,true,,
5486,,,steam_supply_rate,Дебит на парата,Steam Supply Rate,50,ASBIS,2026-05-19 15:49:19.875,2026-05-19 15:49:19.875,system,system,true,,
5490,,,steam_temperature,Температура на парата,Steam Temperature,50,ASBIS,2026-05-19 15:49:19.885,2026-05-19 15:49:19.885,system,system,true,,
5511,,,smart_heater_type,Тип умен нагревател,Smart Heater Type,50,ASBIS,2026-05-19 15:49:20.017,2026-05-19 15:49:20.017,system,system,true,,
5605,,,built_in_devices,Вградени устройства,Built-in Devices,50,ASBIS,2026-05-19 15:49:20.367,2026-05-25 14:58:04.485,system,system,true,built_in_devices,
5610,,,interface_audio,Аудио интерфейс,Interface Audio,50,ASBIS,2026-05-19 15:49:20.376,2026-05-19 15:49:20.376,system,system,true,,
5619,,,marketing_model_name,Търговско наименование на модела,Marketing Model Name,50,ASBIS,2026-05-19 15:49:20.403,2026-05-19 15:49:20.403,system,system,true,,
5622,,,battery_web_surfing_time,Времетраене при сърфиране,Battery Web Surfing Time,50,ASBIS,2026-05-19 15:49:20.421,2026-05-19 15:49:20.421,system,system,true,,
5629,,,removable_battery_technology,Технология на сменяемата батерия,Removable Battery Technology,50,ASBIS,2026-05-19 15:49:20.447,2026-05-19 15:49:20.447,system,system,true,,
5640,,,gaming_mode_low_latency,Режим за игри / Ниска латентност,Gaming Mode / Low Latency,50,ASBIS,2026-05-19 15:49:20.473,2026-05-19 15:49:20.473,system,system,true,,
5649,,,frequency_response,Честотна характеристика,Frequency Response,50,ASBIS,2026-05-19 15:49:20.487,2026-05-19 15:49:20.487,system,system,true,,
5660,,,standard_power_consumption_eu_energy_label,Стандартна консумация (EU Energy Label),Standard power consumption (EU Energy Label),50,ASBIS,2026-05-19 15:49:20.509,2026-05-19 15:49:20.509,system,system,true,,
5670,,,wi_fi_main_chipset,Основен Wi-Fi чипсет,Wi-Fi Main Chipset,50,ASBIS,2026-05-19 15:49:20.536,2026-05-19 15:49:20.536,system,system,true,,
5674,,,lamp_color_temperature_range,Диапазон на цветна температура,Lamp Color Temperature Range,50,ASBIS,2026-05-19 15:49:20.541,2026-05-19 15:49:20.541,system,system,true,,
5696,,,max_number_of_connected_devices,Макс. брой свързани устройства,Max Number of Connected Devices,50,ASBIS,2026-05-19 15:49:20.639,2026-05-19 15:49:20.639,system,system,true,,
5706,,,smart_devices_features,Характеристики на умни устройства,Smart Devices Features,50,ASBIS,2026-05-19 15:49:20.664,2026-05-19 15:49:20.664,system,system,true,,
5725,,,cap_base,Цокъл,Cap (Base),50,ASBIS,2026-05-19 15:49:20.715,2026-05-19 15:49:20.715,system,system,true,,
5730,,,temperature_detection_range,Измерване на температура (обхват),Temperature Detection (Range),50,ASBIS,2026-05-19 15:49:20.727,2026-05-19 15:49:20.727,system,system,true,,
5841,361,,,Изход,Output current,50,MOST,2026-05-25 14:57:55.939,2026-06-04 01:02:43.212,system,system,true,output,
5842,521,,,LED индикатори,LED Indicators,50,MOST,2026-05-25 14:57:56.001,2026-06-04 01:02:43.212,system,system,true,led_indicators,
5849,511,,,Стандарти,Standard,50,MOST,2026-05-25 14:57:57.171,2026-06-04 01:02:43.212,system,system,true,standarts,
5860,226,,,Тип екран,Screen,50,MOST,2026-05-25 14:57:58.022,2026-06-04 01:02:43.216,system,system,true,screen_type,
5861,1548,,,CUDA ядра,CUDA Core,50,MOST,2026-05-25 14:57:58.227,2026-06-04 01:02:43.212,system,system,true,cuda_cores,
5869,53,,,Графичен процесор,Processor graphics,50,MOST,2026-05-25 14:57:59.159,2026-06-04 01:02:43.216,system,system,true,graphics_engine,
5888,2092,,предна_камера,Предна камера,Camera - front,50,MOST,2026-05-25 14:58:00.376,2026-06-04 01:02:43.215,system,system,true,camera_front,
5902,2591,,,Скорост на печат,Print Speed,50,MOST,2026-05-25 14:58:02.473,2026-06-04 01:02:43.215,system,system,true,print_speed,
5929,696,,,Честота на паметта,Frequency Memory,50,MOST,2026-05-25 14:58:04.106,2026-06-04 01:02:43.212,system,system,true,memory_clock,
7101,,,,Heat pipe,Heat pipe,50,MOST,2026-06-18 01:38:27.971,2026-06-18 01:38:27.971,system,system,true,heat_pipe,
6153,469,,комплект,Комплект,"",860,VALI,2026-06-03 01:02:17.667,2026-06-18 01:41:09.436,system,system,true,,
7102,,,"12v_2x6_connector","12V-2x6 Connector","12V-2x6 Connector",50,ASBIS,2026-06-20 02:21:49.579,2026-06-20 02:21:49.579,system,system,true,,
7103,,,number_of_keys,Number of Keys,Number of Keys,50,ASBIS,2026-06-21 01:42:12.989,2026-06-21 01:42:12.989,system,system,true,,
7104,,,platform_compability,Platform Compability,Platform Compability,50,ASBIS,2026-06-21 01:42:13.798,2026-06-21 01:42:13.798,system,system,true,,
7105,,,keyboard_layout,Keyboard Layout,Keyboard Layout,50,ASBIS,2026-06-21 01:42:13.868,2026-06-21 01:42:13.868,system,system,true,,
7106,,,keyboard_features,Keyboard Features,Keyboard Features,50,ASBIS,2026-06-21 01:42:13.957,2026-06-21 01:42:13.957,system,system,true,,
7107,,,key_button_functions,Key/Button Functions,Key/Button Functions,50,ASBIS,2026-06-21 01:42:14.725,2026-06-21 01:42:14.725,system,system,true,,
7108,,,,Clearance,Clearance,50,MOST,2026-06-23 02:15:36.064,2026-06-23 02:15:36.064,system,system,true,clearance,
7109,,,,Fan rotation speed [rpm] ,Fan rotation speed [rpm] ,50,MOST,2026-06-23 02:15:36.383,2026-06-23 02:15:36.383,system,system,true,fan_rotation_speed_rpm,
7111,,,,Image,Image,50,MOST,2026-06-25 02:14:47.419,2026-06-25 02:14:47.419,system,system,true,image,
7110,,,manufacturer,Manufacturer,Manufacturer,50,MOST,2026-06-25 02:14:46.402,2026-06-25 02:18:04.955,system,system,true,manufacturer,
7112,,,weight,Weight,Weight,50,MOST,2026-06-25 02:14:47.512,2026-06-25 02:18:04.955,system,system,true,weight,
7113,,,,RGB lighting effect,RGB lighting effect,50,MOST,2026-06-27 02:56:12.037,2026-06-27 02:56:12.037,system,system,true,rgb_lighting_effect,
7114,,,максимален_брой_потребители,Максимален брой потребители,Максимален брой потребители,50,ASBIS,2026-06-27 02:59:54.105,2026-06-27 02:59:54.105,system,system,true,,
7115,,,supported_operating_system,Supported Operating System,Supported Operating System,50,ASBIS,2026-06-27 02:59:54.972,2026-06-27 02:59:54.972,system,system,true,,
7116,,,supports_data_channel,Supports Data Channel,Supports Data Channel,50,ASBIS,2026-06-27 02:59:55.172,2026-06-27 02:59:55.172,system,system,true,,
7117,,,interface_provided,Interface Provided,Interface Provided,50,ASBIS,2026-06-28 02:44:13.215,2026-06-28 02:44:13.215,system,system,true,,
7118,,,networking_compliant_standards,Networking Compliant Standards,Networking Compliant Standards,50,ASBIS,2026-06-28 02:44:13.524,2026-06-28 02:44:13.524,system,system,true,,
7119,,,provides_internal_drive_bay_dimension,Provides Internal Drive Bay Dimension,Provides Internal Drive Bay Dimension,50,ASBIS,2026-06-28 02:44:13.541,2026-06-28 02:44:13.541,system,system,true,,
7120,,,supports_number_of_devices,Supports Number of Devices,Supports Number of Devices,50,ASBIS,2026-06-28 02:44:13.625,2026-06-28 02:44:13.625,system,system,true,,
7121,,,network_transport_protocol,Network/Transport Protocol,Network/Transport Protocol,50,ASBIS,2026-06-28 02:44:13.660,2026-06-28 02:44:13.660,system,system,true,,
7122,,,heatsink_height,Heatsink Height,Heatsink Height,50,ASBIS,2026-06-28 02:44:13.772,2026-06-28 02:44:13.772,system,system,true,,
7123,,,heatsink_width,Heatsink Width,Heatsink Width,50,ASBIS,2026-06-28 02:44:13.807,2026-06-28 02:44:13.807,system,system,true,,
7124,,,bearing,Bearing,Bearing,50,ASBIS,2026-06-28 02:44:13.850,2026-06-28 02:44:13.850,system,system,true,,
7125,,,display_color,Display Color,Display Color,50,ASBIS,2026-06-28 02:44:13.892,2026-06-28 02:44:13.892,system,system,true,,
7126,,,cooling_system_features,Cooling System Features,Cooling System Features,50,ASBIS,2026-06-28 02:44:13.931,2026-06-28 02:44:13.931,system,system,true,,
7127,,,cooling_system_type,Cooling System Type,Cooling System Type,50,ASBIS,2026-06-28 02:44:13.964,2026-06-28 02:44:13.964,system,system,true,,
7128,,,air_flow_rated_speed,Air Flow @ Rated Speed,Air Flow @ Rated Speed,50,ASBIS,2026-06-28 02:44:13.989,2026-06-28 02:44:13.989,system,system,true,,
7129,,,supported_cpu_sockets,Supported CPU Sockets,Supported CPU Sockets,50,ASBIS,2026-06-28 02:44:14.012,2026-06-28 02:44:14.012,system,system,true,,
7130,,,rated_voltage,Rated Voltage,Rated Voltage,50,ASBIS,2026-06-28 02:44:14.033,2026-06-28 02:44:14.033,system,system,true,,
7131,,,rated_speed_margin,Rated Speed Margin,Rated Speed Margin,50,ASBIS,2026-06-28 02:44:14.040,2026-06-28 02:44:14.040,system,system,true,,
7132,,,heatsink_depth,Heatsink Depth,Heatsink Depth,50,ASBIS,2026-06-28 02:44:14.063,2026-06-28 02:44:14.063,system,system,true,,
7133,,,rated_speed_max,Rated Speed Max,Rated Speed Max,50,ASBIS,2026-06-28 02:44:14.091,2026-06-28 02:44:14.091,system,system,true,,
7134,,,mainboard_connector_type,Mainboard Connector Type,Mainboard Connector Type,50,ASBIS,2026-06-28 02:44:14.097,2026-06-28 02:44:14.097,system,system,true,,
7135,,,rated_power,Rated Power,Rated Power,50,ASBIS,2026-06-28 02:44:14.114,2026-06-28 02:44:14.114,system,system,true,,
7136,,,typical_operating_noise_level,Typical Operating Noise Level,Typical Operating Noise Level,50,ASBIS,2026-06-28 02:44:14.127,2026-06-28 02:44:14.127,system,system,true,,
7137,,,base_diameter,Base Diameter,Base Diameter,50,ASBIS,2026-07-01 02:33:24.243,2026-07-01 02:33:24.243,system,system,true,,
7138,,,minimum_seat_height_from_floor,Minimum Seat Height From Floor,Minimum Seat Height From Floor,50,ASBIS,2026-07-01 02:33:24.513,2026-07-01 02:33:24.513,system,system,true,,
7160,,,max_input_power_w,Max. Input Power (W),Max. Input Power (W),50,ASBIS,2026-07-11 02:19:38.095,2026-07-11 02:19:38.095,system,system,true,,
7161,,,максимално_захранване,Максимално захранване,Максимално захранване,50,ASBIS,2026-07-11 02:19:38.451,2026-07-11 02:19:38.451,system,system,true,,
7162,,,wireless_chargering_module,Wireless Chargering Module,Wireless Chargering Module,50,ASBIS,2026-07-11 02:19:38.560,2026-07-11 02:19:38.560,system,system,true,,
7163,,,usb_type_c,USB Type C,USB Type C,50,ASBIS,2026-07-11 02:19:38.921,2026-07-11 02:19:38.921,system,system,true,,
7164,,,supports_battery_cell_technology,Supports Battery Cell Technology,Supports Battery Cell Technology,50,ASBIS,2026-07-11 02:19:39.127,2026-07-11 02:19:39.127,system,system,true,,
7165,,,case_material,Case Material,Case Material,50,ASBIS,2026-07-11 02:19:39.171,2026-07-11 02:19:39.171,system,system,true,,
7166,,,maximum_output_current,Maximum Output Current,Maximum Output Current,50,ASBIS,2026-07-11 02:19:39.213,2026-07-11 02:19:39.213,system,system,true,,
7167,,,maximum_input_current,Maximum Input Current,Maximum Input Current,50,ASBIS,2026-07-11 02:19:39.229,2026-07-11 02:19:39.229,system,system,true,,
7168,,,minimum_input_current,Minimum Input Current,Minimum Input Current,50,ASBIS,2026-07-11 02:19:39.236,2026-07-11 02:19:39.236,system,system,true,,
7169,,,maximum_operational_recharge_time,Maximum Operational Recharge Time,Maximum Operational Recharge Time,50,ASBIS,2026-07-11 02:19:39.322,2026-07-11 02:19:39.322,system,system,true,,
7170,,,usb_type_ausb_type_c1usb_type_c2,USB Type AUSB Type C1USB Type C2,USB Type AUSB Type C1USB Type C2,50,ASBIS,2026-07-11 02:19:39.335,2026-07-11 02:19:39.335,system,system,true,,
7171,,,battery_cell_quantity,Battery Cell Quantity,Battery Cell Quantity,50,ASBIS,2026-07-11 02:19:39.351,2026-07-11 02:19:39.351,system,system,true,,
7172,,,usb_тип_a1usb_тип_a2usb_тип_c,USB тип A1USB тип A2USB тип C,USB тип A1USB тип A2USB тип C,50,ASBIS,2026-07-11 02:19:39.383,2026-07-11 02:19:39.383,system,system,true,,
7173,,,очаквано_минимално_време_за_презареждане_на_батерията,Очаквано минимално време за презареждане на батерията,Очаквано минимално време за презареждане на батерията,50,ASBIS,2026-07-11 02:19:39.386,2026-07-11 02:19:39.386,system,system,true,,
7174,,,usb_type_ausb_type_c1,USB Type AUSB Type C1,USB Type AUSB Type C1,50,ASBIS,2026-07-11 02:19:39.396,2026-07-11 02:19:39.396,system,system,true,,
7175,,,usb_type_ausb_type_c2,USB Type AUSB Type C2,USB Type AUSB Type C2,50,ASBIS,2026-07-11 02:19:39.406,2026-07-11 02:19:39.406,system,system,true,,
7176,,,protection_from_enviromental_effects,Protection From Enviromental Effects,Protection From Enviromental Effects,50,ASBIS,2026-07-11 02:19:39.408,2026-07-11 02:19:39.408,system,system,true,,
7177,,,usb_3_0_interface_connector_type,USB 3.0 Interface Connector Type,USB 3.0 Interface Connector Type,50,ASBIS,2026-07-11 02:19:39.454,2026-07-11 02:19:39.454,system,system,true,,
7178,,,usb_3_0_interface_quantity,USB 3.0 Interface Quantity,USB 3.0 Interface Quantity,50,ASBIS,2026-07-11 02:19:39.463,2026-07-11 02:19:39.463,system,system,true,,
7182,,,runtime_minute,Runtime (minute),Runtime (minute),50,ASBIS,2026-07-12 02:24:11.265,2026-07-12 02:24:11.265,system,system,true,,
7183,,,basket,Basket,Basket,50,ASBIS,2026-07-12 02:24:11.408,2026-07-12 02:24:11.408,system,system,true,,
7184,,,case_type,Case Type,Case Type,50,ASBIS,2026-07-12 02:24:11.565,2026-07-12 02:24:11.565,system,system,true,,
7185,,,volume,Volume,Volume,50,ASBIS,2026-07-12 02:24:11.572,2026-07-12 02:24:11.572,system,system,true,,
7186,,,mouse_features,Mouse Features,Mouse Features,50,ASBIS,2026-07-12 02:24:11.581,2026-07-12 02:24:11.581,system,system,true,,
7187,,,button_lifetime,Button Lifetime,Button Lifetime,50,ASBIS,2026-07-12 02:24:11.594,2026-07-12 02:24:11.594,system,system,true,,
7188,,,movement_resolution,Movement Resolution,Movement Resolution,50,ASBIS,2026-07-12 02:24:11.598,2026-07-12 02:24:11.598,system,system,true,,
7189,,,максимална_дължина_на_вертикалната_медия,Максимална дължина на вертикалната медия,Максимална дължина на вертикалната медия,50,ASBIS,2026-07-12 02:24:11.603,2026-07-12 02:24:11.603,system,system,true,,
7190,,,поддържа_езици,Поддържа езици,Поддържа езици,50,ASBIS,2026-07-12 02:24:11.612,2026-07-12 02:24:11.612,system,system,true,,
7191,,,преносимост,Преносимост,Преносимост,50,ASBIS,2026-07-12 02:24:11.618,2026-07-12 02:24:11.618,system,system,true,,
7192,,,вертикална_резолюция,Вертикална резолюция,Вертикална резолюция,50,ASBIS,2026-07-12 02:24:11.623,2026-07-12 02:24:11.623,system,system,true,,
7193,,,максимален_брой_листа_на_входа,Максимален брой листа на входа,Максимален брой листа на входа,50,ASBIS,2026-07-12 02:24:11.630,2026-07-12 02:24:11.630,system,system,true,,
7194,,,размер_на_хартията,Размер на хартията,Размер на хартията,50,ASBIS,2026-07-12 02:24:11.631,2026-07-12 02:24:11.631,system,system,true,,
7195,,,максимална_дължина_на_хоризонталната_медия,Максимална дължина на хоризонталната медия,Максимална дължина на хоризонталната медия,50,ASBIS,2026-07-12 02:24:11.634,2026-07-12 02:24:11.634,system,system,true,,
7196,,,метод_на_печат,Метод на печат,Метод на печат,50,ASBIS,2026-07-12 02:24:11.635,2026-07-12 02:24:11.635,system,system,true,,
7197,,,хоризонтална_резолюция,Хоризонтална резолюция,Хоризонтална резолюция,50,ASBIS,2026-07-12 02:24:11.638,2026-07-12 02:24:11.638,system,system,true,,
7198,,,формат_на_носителя,Формат на носителя,Формат на носителя,50,ASBIS,2026-07-12 02:24:11.641,2026-07-12 02:24:11.641,system,system,true,,
7199,,,temperature_settings,Temperature Settings,Temperature Settings,50,ASBIS,2026-07-12 02:24:11.660,2026-07-12 02:24:11.660,system,system,true,,
7200,,,изходна_мощност_на_централната_тонколона,Изходна мощност на централната тонколона,Изходна мощност на централната тонколона,50,ASBIS,2026-07-12 02:24:11.666,2026-07-12 02:24:11.666,system,system,true,,
7201,,,speaker,Speaker,Speaker,50,ASBIS,2026-07-12 02:24:11.669,2026-07-12 02:24:11.669,system,system,true,,
7202,,,type_of_illumination,Type of Illumination,Type of Illumination,50,ASBIS,2026-07-12 02:24:11.684,2026-07-12 02:24:11.684,system,system,true,,
7203,,,weight_netto,Weight Netto,Weight Netto,50,ASBIS,2026-07-12 02:24:11.689,2026-07-12 02:24:11.689,system,system,true,,
7204,,,wattage_equivalent,Wattage Equivalent,Wattage Equivalent,50,ASBIS,2026-07-12 02:24:11.697,2026-07-12 02:24:11.697,system,system,true,,
7205,,,lamp_technology,Lamp Technology,Lamp Technology,50,ASBIS,2026-07-12 02:24:11.703,2026-07-12 02:24:11.703,system,system,true,,
7206,,,cable_length,Cable Length,Cable Length,50,ASBIS,2026-07-12 02:24:11.705,2026-07-12 02:24:11.705,system,system,true,,
7207,,,white_color_temperature_adjustment,White Color Temperature Adjustment,White Color Temperature Adjustment,50,ASBIS,2026-07-12 02:24:11.707,2026-07-12 02:24:11.707,system,system,true,,
7208,,,power_factor,Power Factor,Power Factor,50,ASBIS,2026-07-12 02:24:11.711,2026-07-12 02:24:11.711,system,system,true,,
7209,,,provides_ports,Provides Ports,Provides Ports,50,ASBIS,2026-07-12 02:24:11.712,2026-07-12 02:24:11.712,system,system,true,,
7210,,,chargering_case_battery_average_run_time,Chargering Case Battery Average Run Time,Chargering Case Battery Average Run Time,50,ASBIS,2026-07-15 02:20:27.629,2026-07-15 02:20:27.629,system,system,true,,
7211,,,rs232_in,RS232 (IN),RS232 (IN),50,ASBIS,2026-07-15 02:20:28.396,2026-07-15 02:20:28.396,system,system,true,,
7213,,,internal_data_interface,Internal Data Interface,Internal Data Interface,50,ASBIS,2026-07-16 02:22:09.694,2026-07-16 02:22:09.694,system,system,true,,
7214,,,number_of_bays,Number of bays,Number of bays,50,ASBIS,2026-07-16 02:22:09.722,2026-07-16 02:22:09.722,system,system,true,,
7215,,,cabinet_material,Cabinet Material,Cabinet Material,50,ASBIS,2026-07-16 02:22:09.771,2026-07-16 02:22:09.771,system,system,true,,
7216,,,data_channel,Data Channel,Data Channel,50,ASBIS,2026-07-16 02:22:09.803,2026-07-16 02:22:09.803,system,system,true,,
7217,,,drive_cabinet_type,Drive Cabinet Type,Drive Cabinet Type,50,ASBIS,2026-07-16 02:22:09.810,2026-07-16 02:22:09.810,system,system,true,,
7218,,,parent_products_size,Parent Products Size,Parent Products Size,50,ASBIS,2026-07-16 02:22:09.915,2026-07-16 02:22:09.915,system,system,true,,
7219,,,band_type,Band Type,Band Type,50,ASBIS,2026-07-17 02:22:18.830,2026-07-17 02:22:18.830,system,system,true,,
7221,,,cable_functionality,Cable Functionality,Cable Functionality,50,ASBIS,2026-07-22 03:01:42.774,2026-07-22 03:01:42.774,system,system,true,,
7222,,,insulation_material,Insulation Material,Insulation Material,50,ASBIS,2026-07-22 03:01:42.925,2026-07-22 03:01:42.925,system,system,true,,
7223,,,cable_compliant_standards,Cable Compliant Standards,Cable Compliant Standards,50,ASBIS,2026-07-22 03:01:42.948,2026-07-22 03:01:42.948,system,system,true,,
7224,,,cable_features,Cable Features,Cable Features,50,ASBIS,2026-07-22 03:01:42.965,2026-07-22 03:01:42.965,system,system,true,,
7225,,,device_function,Device Function,Device Function,50,ASBIS,2026-07-23 03:04:21.844,2026-07-23 03:04:21.844,system,system,true,,
7226,,,mean_time_between_failures,Mean Time Between Failures,Mean Time Between Failures,50,ASBIS,2026-07-23 03:04:22.422,2026-07-23 03:04:22.422,system,system,true,,
7227,,,"24_pin_main_connector","24-pin Main Connector","24-pin Main Connector",50,ASBIS,2026-07-23 03:04:22.433,2026-07-23 03:04:22.433,system,system,true,,
7228,,,mainboard_form_factor,Mainboard Form Factor,Mainboard Form Factor,50,ASBIS,2026-07-23 03:04:22.477,2026-07-23 03:04:22.477,system,system,true,,
7229,,,headset_port,Headset Port,Headset Port,50,ASBIS,2026-07-23 03:04:22.529,2026-07-23 03:04:22.529,system,system,true,,
7230,,,cabinet_form_factor,Cabinet Form Factor,Cabinet Form Factor,50,ASBIS,2026-07-23 03:04:22.542,2026-07-23 03:04:22.542,system,system,true,,
7231,,,chassis_features,Chassis Features,Chassis Features,50,ASBIS,2026-07-23 03:04:22.559,2026-07-23 03:04:22.559,system,system,true,,
7232,,,number_of_2_5_inch_internal_drive_bays,Number of 2.5-inch Internal Drive Bays,Number of 2.5-inch Internal Drive Bays,50,ASBIS,2026-07-23 03:04:22.603,2026-07-23 03:04:22.603,system,system,true,,
7233,,,number_of_expansion_slots,Number of Expansion Slots,Number of Expansion Slots,50,ASBIS,2026-07-23 03:04:22.615,2026-07-23 03:04:22.615,system,system,true,,
7234,,,cooling_method,Cooling Method,Cooling Method,50,ASBIS,2026-07-23 03:04:22.674,2026-07-23 03:04:22.674,system,system,true,,
7235,,,maximum_supply_voltage,Maximum Supply Voltage,Maximum Supply Voltage,50,ASBIS,2026-07-23 03:04:22.681,2026-07-23 03:04:22.681,system,system,true,,
7236,,,keyboard_localization,Keyboard Localization,Keyboard Localization,50,ASBIS,2026-07-23 03:04:22.715,2026-07-23 03:04:22.715,system,system,true,,
7237,,,cpu_core_name,CPU Core Name,CPU Core Name,50,ASBIS,2026-07-23 03:04:22.731,2026-07-23 03:04:22.731,system,system,true,,
7238,,,flash_types_supported,Flash Types Supported,Flash Types Supported,50,ASBIS,2026-07-23 03:04:22.736,2026-07-23 03:04:22.736,system,system,true,,
7239,,,battery_installed_quantity,Battery Installed Quantity,Battery Installed Quantity,50,ASBIS,2026-07-23 03:04:22.743,2026-07-23 03:04:22.743,system,system,true,,
7240,,,web_camera,Web Camera,Web Camera,50,ASBIS,2026-07-23 03:04:22.755,2026-07-23 03:04:22.755,system,system,true,,
7241,,,system_components,System Components,System Components,50,ASBIS,2026-07-23 03:04:22.779,2026-07-23 03:04:22.779,system,system,true,,
7242,,,microphone_frequency_response,Microphone Frequency Response,Microphone Frequency Response,50,ASBIS,2026-07-23 03:04:22.788,2026-07-23 03:04:22.788,system,system,true,,
7243,,,microphone_features,Microphone Features,Microphone Features,50,ASBIS,2026-07-23 03:04:22.797,2026-07-23 03:04:22.797,system,system,true,,
7244,,,microphone_sensitivity,Microphone Sensitivity,Microphone Sensitivity,50,ASBIS,2026-07-23 03:04:22.804,2026-07-23 03:04:22.804,system,system,true,,
7245,,,headphones_technology,Headphones Technology,Headphones Technology,50,ASBIS,2026-07-23 03:04:22.811,2026-07-23 03:04:22.811,system,system,true,,
7246,,,microphone_impedance,Microphone Impedance,Microphone Impedance,50,ASBIS,2026-07-23 03:04:22.820,2026-07-23 03:04:22.820,system,system,true,,
7247,,,requires_peripheral_devices,Requires Peripheral Devices,Requires Peripheral Devices,50,ASBIS,2026-07-23 03:04:22.832,2026-07-23 03:04:22.832,system,system,true,,
7248,,,number_of_hot_keys,Number of Hot Keys,Number of Hot Keys,50,ASBIS,2026-07-23 03:04:22.837,2026-07-23 03:04:22.837,system,system,true,,
7249,,,,Projection system,Projection system,50,MOST,2026-07-29 02:53:38.358,2026-07-29 02:53:38.358,system,system,true,projection_system,
7250,,,вид_проектор,Вид проектор,Вид проектор,50,ASBIS,2026-07-29 02:56:23.702,2026-07-29 02:56:23.702,system,system,true,,
7251,,,посока_на_прожектиране,Посока на прожектиране,Посока на прожектиране,50,ASBIS,2026-07-29 02:56:23.846,2026-07-29 02:56:23.846,system,system,true,,
7252,,,максимална_прожектирана_яркост,Максимална прожектирана яркост,Максимална прожектирана яркост,50,ASBIS,2026-07-29 02:56:23.907,2026-07-29 02:56:23.907,system,system,true,,
7253,,,метод_на_фокусиране,Метод на фокусиране,Метод на фокусиране,50,ASBIS,2026-07-29 02:56:24.199,2026-07-29 02:56:24.199,system,system,true,,
7254,,,license_type,License Type,License Type,50,ASBIS,2026-07-30 02:20:24.380,2026-07-30 02:20:24.380,system,system,true,,
7255,,,power_supply,Power Supply,Power Supply,50,ASBIS,2026-07-30 02:20:24.845,2026-07-30 02:20:24.845,system,system,true,,
7256,,,supports_raid_level,Supports RAID Level,Supports RAID Level,50,ASBIS,2026-07-30 02:20:24.882,2026-07-30 02:20:24.882,system,system,true,,
7257,,,video_controller_form_factor,Video Controller Form Factor,Video Controller Form Factor,50,ASBIS,2026-07-30 02:20:25.013,2026-07-30 02:20:25.013,system,system,true,,
7258,,,video_card_installed_quantity,Video Card Installed Quantity,Video Card Installed Quantity,50,ASBIS,2026-07-30 02:20:25.023,2026-07-30 02:20:25.023,system,system,true,,
7259,,,installed_video_memory_storage_capacity,Installed Video Memory Storage Capacity,Installed Video Memory Storage Capacity,50,ASBIS,2026-07-30 02:20:25.102,2026-07-30 02:20:25.102,system,system,true,,
7260,,,input_devices,Input Devices,Input Devices,50,ASBIS,2026-07-30 02:20:25.129,2026-07-30 02:20:25.129,system,system,true,,
7261,,,name_of_os,Name of OS,Name of OS,50,ASBIS,2026-07-30 02:20:25.160,2026-07-30 02:20:25.160,system,system,true,,
7262,,,audio_controller_form_factor,Audio Controller Form Factor,Audio Controller Form Factor,50,ASBIS,2026-07-30 02:20:25.181,2026-07-30 02:20:25.181,system,system,true,,
7263,,,lightning,Lightning,Lightning,50,ASBIS,2026-08-02 02:23:10.819,2026-08-02 02:23:10.819,system,system,true,,
7264,,,usb_type_a3,USB Type A3,USB Type A3,50,ASBIS,2026-08-02 02:23:10.957,2026-08-02 02:23:10.957,system,system,true,,
7265,,,digital_zoom,Digital Zoom,Digital Zoom,50,ASBIS,2026-08-08 02:22:23.541,2026-08-08 02:22:23.541,system,system,true,,
7266,,,number_of_speakers,Number of Speakers,Number of Speakers,50,ASBIS,2026-08-08 02:22:24.039,2026-08-08 02:22:24.039,system,system,true,,
7268,,,speaker_features,Speaker Features,Speaker Features,50,ASBIS,2026-08-08 02:22:24.096,2026-08-08 02:22:24.096,system,system,true,,
7269,,,audio_controls,Audio Controls,Audio Controls,50,ASBIS,2026-08-08 02:22:24.229,2026-08-08 02:22:24.229,system,system,true,,
7270,,,web_cam_features,Web Cam Features,Web Cam Features,50,ASBIS,2026-08-08 02:22:24.277,2026-08-08 02:22:24.277,system,system,true,,
7271,,,display,Display,Display,50,ASBIS,2026-08-08 02:22:24.313,2026-08-08 02:22:24.313,system,system,true,,
7273,,,flash_memory_cell_technology,Flash Memory Cell Technology,Flash Memory Cell Technology,50,ASBIS,2026-08-19 02:22:00.641,2026-08-19 02:22:00.641,system,system,true,,
7274,,,,Camera hardware profile,Camera hardware profile,50,MOST,2026-08-20 02:17:35.632,2026-08-20 02:17:35.632,system,system,true,camera_hardware_profile,
5375,576,,sensitivity,Чувствителност,Sensitivity,50,ASBIS,2026-05-19 15:49:19.525,2026-08-20 02:17:35.888,system,system,true,sensitivity,
5376,926,,impedance,Импеданс,Impedance,50,ASBIS,2026-05-19 15:49:19.533,2026-08-20 02:17:35.888,system,system,true,impedance,
7267,,,microphone,Microphone,Microphone,50,ASBIS,2026-08-08 02:22:24.083,2026-08-20 02:17:35.890,system,system,true,microphone,
889,1314,,осветление,Осветление,Illuminator,124,VALI,2026-04-02 10:04:12.862,2026-08-20 09:55:41.361,system,d.eshanovski@gmail.com,false,,
985,1470,,диаметър,Диаметър,Diameter,129,VALI,2026-04-02 10:04:13.627,2026-08-20 09:55:41.362,system,d.eshanovski@gmail.com,false,,
1011,1504,,сертификати,Сертификати,Sertificate,11,VALI,2026-04-02 10:04:13.831,2026-08-20 09:55:41.362,system,d.eshanovski@gmail.com,true,,3
1270,2026,,включени_аксесоари,Включени аксесоари,Included Accessories,125,VALI,2026-04-02 10:04:15.936,2026-08-20 09:55:41.362,system,d.eshanovski@gmail.com,false,,
1830,,model,модел,Модел,Model,0,TEKRA,2026-04-02 10:15:49.784,2026-08-20 09:55:41.362,system,d.eshanovski@gmail.com,false,,
1833,,stepen_na_zashtita,степен_на_защита,Степен на защита,Protection Rating,6,TEKRA,2026-04-02 10:15:50.126,2026-08-20 09:55:41.362,system,d.eshanovski@gmail.com,true,,1
1835,,kompresiya,,Компресия,Compression,10,TEKRA,2026-04-02 10:15:50.148,2026-08-20 09:55:41.360,system,d.eshanovski@gmail.com,true,,1
1839,,merna,,Мерна единица,Unit,118,TEKRA,2026-04-02 10:15:50.174,2026-08-20 09:55:41.358,system,d.eshanovski@gmail.com,false,,
1840,,korpus,,Корпус,Body Type,2,TEKRA,2026-04-02 10:15:50.175,2026-08-20 09:55:41.360,system,d.eshanovski@gmail.com,true,,5
1845,,lpr,,LPR,Lpr,92,TEKRA,2026-04-02 10:15:50.185,2026-08-20 09:55:41.359,system,d.eshanovski@gmail.com,false,,
1847,,ir_podsvetka,,IR подсветка,IR Illumination,5,TEKRA,2026-04-02 10:15:50.186,2026-08-20 09:55:41.360,system,d.eshanovski@gmail.com,true,,2
1853,,optichno_uvelichenie,,Оптично увеличение,Optical Zoom,117,TEKRA,2026-04-02 10:15:50.219,2026-08-20 09:55:41.370,system,d.eshanovski@gmail.com,false,,
4022,68,rezolyutsiya,резолюция,Резолюция,Resolution,1,TEKRA,2026-05-19 01:06:57.228,2026-08-20 09:55:41.370,system,d.eshanovski@gmail.com,true,resolution,
4027,,,гаранционни_условия_месец,Гаранционни условия (месец),Гаранционни условия (месец),98,ASBIS,2026-05-19 15:48:49.961,2026-08-20 09:55:41.356,system,d.eshanovski@gmail.com,true,,
4030,,,съвместимост_с_мрежови_стандарти,Съвместимост с мрежови стандарти,Съвместимост с мрежови стандарти,99,ASBIS,2026-05-19 15:48:50.115,2026-08-20 09:55:41.356,system,d.eshanovski@gmail.com,true,,
4031,,,критерии_за_валидност_на_гаранцията,Критерии за валидност на гаранцията,Критерии за валидност на гаранцията,100,ASBIS,2026-05-19 15:48:50.226,2026-08-20 09:55:41.357,system,d.eshanovski@gmail.com,true,,
4032,,,консумирана_енергия_при_работа,Консумирана енергия при работа,Консумирана енергия при работа,101,ASBIS,2026-05-19 15:48:50.241,2026-08-20 09:55:41.357,system,d.eshanovski@gmail.com,true,,
4033,,,ширина,Ширина,Ширина,102,ASBIS,2026-05-19 15:48:50.543,2026-08-20 09:55:41.357,system,d.eshanovski@gmail.com,true,,
4034,,,дълбочина_на_пакета_мм,Дълбочина на пакета (мм),Дълбочина на пакета (мм),103,ASBIS,2026-05-19 15:48:51.341,2026-08-20 09:55:41.357,system,d.eshanovski@gmail.com,true,,
4035,,,максимална_температура_на_околната_среда,Максимална температура на околната среда,Максимална температура на околната среда,104,ASBIS,2026-05-19 15:48:53.129,2026-08-20 09:55:41.357,system,d.eshanovski@gmail.com,true,,
4037,,,дълбочина_на_кашон_мм,Дълбочина на кашон (мм),Дълбочина на кашон (мм),105,ASBIS,2026-05-19 15:48:53.151,2026-08-20 09:55:41.357,system,d.eshanovski@gmail.com,true,,
4038,,,широчина_на_пакет_мм,Широчина на пакет (мм),Широчина на пакет (мм),106,ASBIS,2026-05-19 15:48:53.403,2026-08-20 09:55:41.357,system,d.eshanovski@gmail.com,true,,
4039,,,индикатор_за_статус,Индикатор за статус,Индикатор за статус,107,ASBIS,2026-05-19 15:48:53.778,2026-08-20 09:55:41.357,system,d.eshanovski@gmail.com,true,,
4040,,,гаранционни_продукти_подлежащи_на_връщане,Гаранционни продукти - подлежащи на връщане,Гаранционни продукти - подлежащи на връщане,108,ASBIS,2026-05-19 15:48:53.793,2026-08-20 09:55:41.357,system,d.eshanovski@gmail.com,true,,
4041,,,тегло_на_пакет_бруто_кг,Тегло на пакет - Бруто (кг),Тегло на пакет - Бруто (кг),109,ASBIS,2026-05-19 15:48:53.803,2026-08-20 09:55:41.357,system,d.eshanovski@gmail.com,true,,
4043,,,пакети_в_кашон,Пакети в кашон,Пакети в кашон,110,ASBIS,2026-05-19 15:48:55.171,2026-08-20 09:55:41.357,system,d.eshanovski@gmail.com,true,,
4045,,,брой_в_пакет,Брой в пакет,Брой в пакет,111,ASBIS,2026-05-19 15:48:55.239,2026-08-20 09:55:41.357,system,d.eshanovski@gmail.com,true,,
7272,,,,ПРОМОЦИЯ,,13,,2026-08-17 18:29:25.539,2026-08-20 09:55:41.370,d.eshanovski@gmail.com,d.eshanovski@gmail.com,true,,
4046,,,ean_код,EAN код,EAN код,15,ASBIS,2026-05-19 15:48:55.248,2026-08-20 09:55:41.357,system,d.eshanovski@gmail.com,true,,
4047,,,retail_packaging_net_weight_plastic,Нето тегло на пластмасовата опаковка,Retail Packaging Net Weight Plastic,97,ASBIS,2026-05-19 15:48:59.286,2026-08-20 09:55:41.357,system,d.eshanovski@gmail.com,true,,
4048,,,мин_работна_влажност_на_въздуха,Мин. работна влажност на въздуха,Мин. работна влажност на въздуха,16,ASBIS,2026-05-19 15:48:59.504,2026-08-20 09:55:41.357,system,d.eshanovski@gmail.com,true,,
4049,,,тегло_на_кашон_бруто_кг,Тегло на кашон - Бруто (кг),Тегло на кашон - Бруто (кг),17,ASBIS,2026-05-19 15:48:59.517,2026-08-20 09:55:41.357,system,d.eshanovski@gmail.com,true,,
4050,,,макс_влажност_на_околния_въздух,Макс. влажност на околния въздух,Макс. влажност на околния въздух,18,ASBIS,2026-05-19 15:49:00.194,2026-08-20 09:55:41.357,system,d.eshanovski@gmail.com,true,,
4051,,,височина_на_кашон_мм,Височина на кашон (мм),Височина на кашон (мм),19,ASBIS,2026-05-19 15:49:00.202,2026-08-20 09:55:41.357,system,d.eshanovski@gmail.com,true,,
4052,,,мрежови_характеристики,Мрежови характеристики,Мрежови характеристики,20,ASBIS,2026-05-19 15:49:00.369,2026-08-20 09:55:41.357,system,d.eshanovski@gmail.com,true,,
4053,,,външен_цвят,Външен цвят,Външен цвят,21,ASBIS,2026-05-19 15:49:00.401,2026-08-20 09:55:41.357,system,d.eshanovski@gmail.com,true,,
4054,,,дълбочина,Дълбочина,Дълбочина,22,ASBIS,2026-05-19 15:49:00.668,2026-08-20 09:55:41.357,system,d.eshanovski@gmail.com,true,,
4055,,,ширина_на_кашон_мм,Ширина на кашон (мм),Ширина на кашон (мм),23,ASBIS,2026-05-19 15:49:01.163,2026-08-20 09:55:41.357,system,d.eshanovski@gmail.com,true,,
4056,,,тегло_на_пакет_нето_кг,Тегло на пакет - Нето (кг),Тегло на пакет - Нето (кг),24,ASBIS,2026-05-19 15:49:01.563,2026-08-20 09:55:41.357,system,d.eshanovski@gmail.com,true,,
4057,,,разположение_на_устройството,Разположение на устройството,Разположение на устройството,25,ASBIS,2026-05-19 15:49:02.845,2026-08-20 09:55:41.357,system,d.eshanovski@gmail.com,true,,
4058,,,lan,LAN,LAN,31,ASBIS,2026-05-19 15:49:02.849,2026-08-20 09:55:41.357,system,d.eshanovski@gmail.com,true,lan,
4059,,,номинално_тегло,Номинално тегло,Номинално тегло,26,ASBIS,2026-05-19 15:49:02.900,2026-08-20 09:55:41.357,system,d.eshanovski@gmail.com,true,,
4060,,,минимална_температура_на_околната_среда,Минимална температура на околната среда,Минимална температура на околната среда,27,ASBIS,2026-05-19 15:49:03.451,2026-08-20 09:55:41.357,system,d.eshanovski@gmail.com,true,,
4061,,,тип_пакет,Тип пакет,Тип пакет,28,ASBIS,2026-05-19 15:49:03.461,2026-08-20 09:55:41.357,system,d.eshanovski@gmail.com,true,,
4062,,,гаранция_срок_бележки,Гаранция Срок бележки,Гаранция Срок бележки,29,ASBIS,2026-05-19 15:49:03.466,2026-08-20 09:55:41.357,system,d.eshanovski@gmail.com,true,,
4063,,,височина_на_пакет_мм,Височина на пакет (мм),Височина на пакет (мм),30,ASBIS,2026-05-19 15:49:03.484,2026-08-20 09:55:41.357,system,d.eshanovski@gmail.com,true,,
4065,,,поддържани_протоколи_за_обмен_на_данни,Поддържани протоколи за обмен на данни,Поддържани протоколи за обмен на данни,32,ASBIS,2026-05-19 15:49:03.884,2026-08-20 09:55:41.357,system,d.eshanovski@gmail.com,true,,
4066,,,поддържан_lan_протокол,Поддържан LAN протокол,Поддържан LAN протокол,33,ASBIS,2026-05-19 15:49:03.912,2026-08-20 09:55:41.357,system,d.eshanovski@gmail.com,true,,
4071,,,форм_фактор_на_мрежовото_устройство,Форм фактор на мрежовото устройство,Форм фактор на мрежовото устройство,34,ASBIS,2026-05-19 15:49:03.985,2026-08-20 09:55:41.357,system,d.eshanovski@gmail.com,true,,
4073,,,разположение_на_захранването,Разположение на захранването,Разположение на захранването,35,ASBIS,2026-05-19 15:49:03.991,2026-08-20 09:55:41.357,system,d.eshanovski@gmail.com,true,,
4074,,,вградени_устройства,Вградени устройства,Вградени устройства,36,ASBIS,2026-05-19 15:49:03.994,2026-08-20 09:55:41.357,system,d.eshanovski@gmail.com,true,,
4077,,,инсталиран_капацитет_флаш_памет,Инсталиран капацитет флаш памет,Инсталиран капацитет флаш памет,37,ASBIS,2026-05-19 15:49:04.197,2026-08-20 09:55:41.357,system,d.eshanovski@gmail.com,true,,
4079,,,максимална_консумирана_енергия,Максимална консумирана енергия,Максимална консумирана енергия,38,ASBIS,2026-05-19 15:49:04.206,2026-08-20 09:55:41.357,system,d.eshanovski@gmail.com,true,,
4082,,,voice_assistant_support,Поддръжка на гласов асистент,Voice Assistant Support,44,ASBIS,2026-05-19 15:49:04.281,2026-08-20 09:55:41.357,system,d.eshanovski@gmail.com,true,,
4083,,,максимално_входно_напрежение,Максимално входно напрежение,Максимално входно напрежение,39,ASBIS,2026-05-19 15:49:04.286,2026-08-20 09:55:41.357,system,d.eshanovski@gmail.com,true,,
4088,,,минимално_входно_напрежение,Минимално входно напрежение,Минимално входно напрежение,40,ASBIS,2026-05-19 15:49:04.328,2026-08-20 09:55:41.357,system,d.eshanovski@gmail.com,true,,
4090,,,ново_име_на_аксесоар,Ново име на аксесоар,Ново име на аксесоар,41,ASBIS,2026-05-19 15:49:04.357,2026-08-20 09:55:41.357,system,d.eshanovski@gmail.com,true,,
4093,,,включени_кабели,Включени кабели,Включени кабели,42,ASBIS,2026-05-19 15:49:04.813,2026-08-20 09:55:41.357,system,d.eshanovski@gmail.com,true,,
4097,,,тип_захранване,Тип захранване,Тип захранване,43,ASBIS,2026-05-19 15:49:04.913,2026-08-20 09:55:41.357,system,d.eshanovski@gmail.com,true,,
4117,,,power_over_ethernet,Захранване по Ethernet (PoE),Power over Ethernet,48,ASBIS,2026-05-19 15:49:05.170,2026-08-20 09:55:41.357,system,d.eshanovski@gmail.com,true,,
4119,,,external_material,Външен материал,External Material,49,ASBIS,2026-05-19 15:49:05.208,2026-08-20 09:55:41.357,system,d.eshanovski@gmail.com,true,,
4126,,,капацитет_на_батерията,Капацитет на батерията,Капацитет на батерията,45,ASBIS,2026-05-19 15:49:05.630,2026-08-20 09:55:41.357,system,d.eshanovski@gmail.com,true,,
4430,,,included_documentation,Включена документация,Included Documentation,86,ASBIS,2026-05-19 15:49:12.144,2026-08-20 09:55:41.358,system,d.eshanovski@gmail.com,true,,
4139,,,мин_неработна_околна_температура,Мин. неработна околна температура,Мин. неработна околна температура,46,ASBIS,2026-05-19 15:49:05.961,2026-08-20 09:55:41.357,system,d.eshanovski@gmail.com,true,,
4142,,,макс_околна_температура_в_изключен_режим,Макс. околна температура в изключен режим,Макс. околна температура в изключен режим,47,ASBIS,2026-05-19 15:49:06.046,2026-08-20 09:55:41.357,system,d.eshanovski@gmail.com,true,,
4185,,,макс_влажност_на_въздуха_в_изключен_режим,Макс. влажност на въздуха в изключен режим,Макс. влажност на въздуха в изключен режим,51,ASBIS,2026-05-19 15:49:07.039,2026-08-20 09:55:41.357,system,d.eshanovski@gmail.com,true,,
4191,,,име_на_маркетингов_модел,Име на маркетингов модел,Име на маркетингов модел,53,ASBIS,2026-05-19 15:49:07.748,2026-08-20 09:55:41.357,system,d.eshanovski@gmail.com,true,,
4221,,,видове_монтаж,Видове монтаж,Видове монтаж,54,ASBIS,2026-05-19 15:49:08.397,2026-08-20 09:55:41.357,system,d.eshanovski@gmail.com,true,,
4236,,,pieces_in_pack,Брой в опаковка,Pieces in pack,114,ASBIS,2026-05-19 15:49:08.627,2026-08-20 09:55:41.362,system,d.eshanovski@gmail.com,true,,
4237,,,pack_length_mm,Дължина на опаковката (мм),Pack Length (mm),59,ASBIS,2026-05-19 15:49:08.647,2026-08-20 09:55:41.357,system,d.eshanovski@gmail.com,true,,
4238,,,pack_width_mm,Ширина на опаковката (мм),Pack Width (mm),115,ASBIS,2026-05-19 15:49:08.749,2026-08-20 09:55:41.366,system,d.eshanovski@gmail.com,true,,
4239,,,pack_weight_brutto_kg,Бруто тегло на опаковката (кг),Pack Weight Brutto (kg),60,ASBIS,2026-05-19 15:49:08.860,2026-08-20 09:55:41.357,system,d.eshanovski@gmail.com,true,,
4240,,,ean_code,EAN Code,EAN Code,55,ASBIS,2026-05-19 15:49:08.927,2026-08-20 09:55:41.357,system,d.eshanovski@gmail.com,true,,
4241,,,warranty_term_month,Гаранционен срок (месеци),Warranty Term (month),61,ASBIS,2026-05-19 15:49:09.039,2026-08-20 09:55:41.357,system,d.eshanovski@gmail.com,true,,
4242,,,box_weight_brutto_kg,Бруто тегло на кутията (кг),Box Weight Brutto (kg),62,ASBIS,2026-05-19 15:49:09.056,2026-08-20 09:55:41.357,system,d.eshanovski@gmail.com,true,,
4243,,,pack_height_mm,Височина на опаковката (мм),Pack Height (mm),63,ASBIS,2026-05-19 15:49:09.155,2026-08-20 09:55:41.357,system,d.eshanovski@gmail.com,true,,
4250,,,брой_на_включените_батерии,Брой на включените батерии,Брой на включените батерии,56,ASBIS,2026-05-19 15:49:09.338,2026-08-20 09:55:41.357,system,d.eshanovski@gmail.com,true,,
4261,,,quantity_of_the_packs_per_pallet_by_sea_pcs,Опаковки на палет (море) (бр),Quantity of the packs per pallet (by sea)(pcs),116,ASBIS,2026-05-19 15:49:09.443,2026-08-20 09:55:41.370,system,d.eshanovski@gmail.com,true,,
4263,,,quantity_of_the_packs_per_pallet_by_air_pcs,Опаковки на палет (въздух) (бр),Quantity of the packs per pallet (by air)(pcs),64,ASBIS,2026-05-19 15:49:09.628,2026-08-20 09:55:41.357,system,d.eshanovski@gmail.com,true,,
4264,,,dimensions_of_pallet_by_sea_cm,Dimensions of pallet (by sea)(cm),Dimensions of pallet (by sea)(cm),57,ASBIS,2026-05-19 15:49:09.701,2026-08-20 09:55:41.357,system,d.eshanovski@gmail.com,true,,
4266,,,poe_in,PoE in,PoE in,58,ASBIS,2026-05-19 15:49:09.940,2026-08-20 09:55:41.357,system,d.eshanovski@gmail.com,true,,
4293,,,максимален_ток_на_входа,Максимален ток на входа,Максимален ток на входа,65,ASBIS,2026-05-19 15:49:10.553,2026-08-20 09:55:41.357,system,d.eshanovski@gmail.com,true,,
4310,,,минимална_консумирана_енергия,Минимална консумирана енергия,Минимална консумирана енергия,66,ASBIS,2026-05-19 15:49:10.737,2026-08-20 09:55:41.357,system,d.eshanovski@gmail.com,true,,
4311,,,item_number,Номер на артикул,Item Number,74,ASBIS,2026-05-19 15:49:10.768,2026-08-20 09:55:41.357,system,d.eshanovski@gmail.com,true,,
4313,,,diagonal_viewing_angle,Диагонален ъгъл на видимост,Diagonal Viewing Angle,75,ASBIS,2026-05-19 15:49:10.779,2026-08-20 09:55:41.357,system,d.eshanovski@gmail.com,true,,
4314,,,необходима_операционна_система,Необходима операционна система,Необходима операционна система,67,ASBIS,2026-05-19 15:49:10.807,2026-08-20 09:55:41.357,system,d.eshanovski@gmail.com,true,,
4315,,,максимална_скорост_на_хващане_на_кадрите,Максимална скорост на хващане на кадрите,Максимална скорост на хващане на кадрите,68,ASBIS,2026-05-19 15:49:10.930,2026-08-20 09:55:41.357,system,d.eshanovski@gmail.com,true,,
4316,,,тип_камера,Тип камера,Тип камера,69,ASBIS,2026-05-19 15:49:10.949,2026-08-20 09:55:41.357,system,d.eshanovski@gmail.com,true,,
4317,,,цифрово_приближение,Цифрово приближение,Цифрово приближение,70,ASBIS,2026-05-19 15:49:10.961,2026-08-20 09:55:41.357,system,d.eshanovski@gmail.com,true,,
4318,,,резолюция_на_сензора,Резолюция на сензора,Резолюция на сензора,71,ASBIS,2026-05-19 15:49:10.982,2026-08-20 09:55:41.357,system,d.eshanovski@gmail.com,true,,
4319,,,характеристики_на_интернет_камера,Характеристики на интернет камера,Характеристики на интернет камера,72,ASBIS,2026-05-19 15:49:10.995,2026-08-20 09:55:41.357,system,d.eshanovski@gmail.com,true,,
4320,,,usb_2_0,USB 2.0,USB 2.0,73,ASBIS,2026-05-19 15:49:11.147,2026-08-20 09:55:41.357,system,d.eshanovski@gmail.com,true,,
4357,,,намаляване_на_шума_във_видео_сигнала,Намаляване на шума във видео сигнала,Намаляване на шума във видео сигнала,76,ASBIS,2026-05-19 15:49:11.368,2026-08-20 09:55:41.357,system,d.eshanovski@gmail.com,true,,
4358,,,оптично_приближение,Оптично приближение,Оптично приближение,77,ASBIS,2026-05-19 15:49:11.370,2026-08-20 09:55:41.357,system,d.eshanovski@gmail.com,true,,
4359,,,хоризонтален_ъгъл_на_гледане,Хоризонтален ъгъл на гледане,Хоризонтален ъгъл на гледане,78,ASBIS,2026-05-19 15:49:11.374,2026-08-20 09:55:41.357,system,d.eshanovski@gmail.com,true,,
4361,,,vertical_viewing_angle,Вертикален ъгъл на видимост,Vertical Viewing Angle,79,ASBIS,2026-05-19 15:49:11.422,2026-08-20 09:55:41.357,system,d.eshanovski@gmail.com,true,,
4426,,,quantity_of_the_boxes_per_pallet_by_sea_pcs,Кутии на палет (море) (бр),Quantity of the boxes per pallet (by sea)(pcs),84,ASBIS,2026-05-19 15:49:11.950,2026-08-20 09:55:41.358,system,d.eshanovski@gmail.com,true,,
4428,,,quantity_of_the_boxes_per_pallet_by_air_pcs,Кутии на палет (въздух) (бр),Quantity of the boxes per pallet (by air)(pcs),85,ASBIS,2026-05-19 15:49:12.106,2026-08-20 09:55:41.358,system,d.eshanovski@gmail.com,true,,
4444,,,ъгъл_на_завъртане,Ъгъл на завъртане,Ъгъл на завъртане,83,ASBIS,2026-05-19 15:49:12.330,2026-08-20 09:55:41.358,system,d.eshanovski@gmail.com,true,,
4523,,,focus_range,Обхват на фокуса,Focus Range,88,ASBIS,2026-05-19 15:49:13.380,2026-08-20 09:55:41.358,system,d.eshanovski@gmail.com,true,,
4527,,,camera_type,Тип камера,Camera Type,89,ASBIS,2026-05-19 15:49:13.392,2026-08-20 09:55:41.358,system,d.eshanovski@gmail.com,true,,
4528,,,минимален_ток_на_входа,Минимален ток на входа,Минимален ток на входа,87,ASBIS,2026-05-19 15:49:13.393,2026-08-20 09:55:41.358,system,d.eshanovski@gmail.com,true,,
4668,,,размер_на_вградена_памет,Размер на вградена памет,Размер на вградена памет,90,ASBIS,2026-05-19 15:49:14.068,2026-08-20 09:55:41.358,system,d.eshanovski@gmail.com,true,,
5713,,,horizontal_viewing_angle,Хоризонтален ъгъл на видимост,Horizontal Viewing Angle,95,ASBIS,2026-05-19 15:49:20.683,2026-08-20 09:55:41.360,system,d.eshanovski@gmail.com,true,,
5717,,,rotation_angle,Ъгъл на въртене,Rotation Angle,96,ASBIS,2026-05-19 15:49:20.696,2026-08-20 09:55:41.360,system,d.eshanovski@gmail.com,true,,
6745,2085,,usb,USB,USB,126,VALI,2026-06-03 01:02:23.235,2026-08-20 09:55:41.360,system,d.eshanovski@gmail.com,true,,
6953,2520,,интерфейс,Интерфейс,Interface,120,VALI,2026-06-03 01:02:24.226,2026-08-20 09:55:41.361,system,d.eshanovski@gmail.com,true,,
6954,2522,,дължина_на_кабела,Дължина на кабела,Cable length,128,VALI,2026-06-03 01:02:24.231,2026-08-20 09:55:41.361,system,d.eshanovski@gmail.com,true,,
6955,2523,,брой_портове,Брой портове,Number of ports,121,VALI,2026-06-03 01:02:24.237,2026-08-20 09:55:41.361,system,d.eshanovski@gmail.com,true,,
7220,,,,Предназначение,,3,,2026-07-20 17:21:42.702,2026-08-20 09:55:41.370,d.eshanovski@gmail.com,d.eshanovski@gmail.com,true,,
1064,1654,,напрежение,Напрежение,Voltage,1316,VALI,2026-04-02 10:04:14.764,2026-08-21 02:18:17.446,system,system,false,,
